"Manufacturer,""Price"",""Reference"",""Name"",""Category"""
"Racingline,""425.88"",""VWR30G500"",""Racingline Sport Damper Kit / A5-Platform: Golf 5/6, A3/S3 8P, Scirocco, Leon 2, Octavia 2  (55mm strut)  "",""Suspension Kits And Spring Kits """
"Racingline,""655.20"",""VWR30G5GT"",""Racingline Sport Spring & Damper Kit / A5-Platform FWD: Golf 5/6, A3 8P, Leon 2 (55mm strut) "",""Suspension Kits And Spring Kits """
"Racingline,""655.20"",""VWR30G60R"",""Racingline Sport Spring & Damper Kit / A5-Platform AWD: Golf 6R, S3 8P (55mm strut)"",""Suspension Kits And Spring Kits """
"Racingline,""655.20"",""VWR30S000"",""Racingline Sport Spring & Damper Kit / A5-Platform: Scirocco (55mm strut)"",""Suspension Kits And Spring Kits """
"Racingline,""539.18"",""VWR30G700"",""Racingline Sport Damper Kit / MQB Multi Link rear (55mm strut) (not 8V S3)"",""Suspension Kits And Spring Kits """
"Racingline,""743.93"",""VWR30G7ML"",""Racingline Sport Spring & Damper Kit / MQB Platform FWD:  Golf 7, Leon III, A3 8V "",""Suspension Kits And Spring Kits """
"Racingline,""743.93"",""VWR30G7GT"",""Racingline Sport Spring & Damper Kit / MQB Platform FWD:  Golf 7 GTI, Leon III Cupra"",""Suspension Kits And Spring Kits """
"Racingline,""743.93"",""VWR30G70R"",""Racingline Sport Spring & Damper Kit / MQB Platform AWD:  Golf 7 R"",""Suspension Kits And Spring Kits """
"Racingline,""743.93"",""VWR30G70RW"",""Racingline Sport Spring & Damper Kit / MQB Platform AWD:  Golf 7 R Estate"",""Suspension Kits And Spring Kits """
"Racingline,""743.93"",""VWR30G8GT"",""Racingline Sport Spring & Damper Kit / MQB EVO: Golf 8 GTI & 2.0 GTD"",""Suspension Kits And Spring Kits """
"Racingline,""743.93"",""VWR30G80R"",""Racingline Sport Spring & Damper Kit / MQB EVO: Golf 8 R"",""Suspension Kits And Spring Kits """
"Racingline,""248.75"",""VWR31A000"",""Racingline Sports Spring Kit / Amarok"",""Suspension Kits And Spring Kits """
"Racingline,""248.75"",""VWR31S000"",""Racingline Sports Spring Kit / Scirocco / 2012 Beetle"",""Suspension Kits And Spring Kits """
"Racingline,""268.74"",""VWR3130RS"",""Racingline Sports Spring Kit / MQB / Audi S3 & RS3 8V 8Y"",""Suspension Kits And Spring Kits """
"Racingline,""268.74"",""VWR3131S3"",""Racingline Sports Spring Kit / MQBE / Audi S3 8Y"",""Suspension Kits And Spring Kits """
"Racingline,""268.74"",""VWR3141S4"",""Racingline Sports Spring Kit / Audi S4 B9 3.0T Saloon"",""Suspension Kits And Spring Kits """
"Racingline,""248.75"",""VWR31G5GT"",""Racingline Sports Spring Kit / A5-Platform FWD: Golf 5/6 GTI / Leon 2 Cupra "",""Suspension Kits And Spring Kits """
"Racingline,""248.75"",""VWR31G60R"",""Racingline Sports Spring Kit / A5-Platform: Golf 6R / Jetta GLI / Skoda Octavia / Passat CC"",""Suspension Kits And Spring Kits """
"Racingline,""268.74"",""VWR31G70R"",""Racingline Sports Spring Kit / MQB AWD: Golf 7R"",""Suspension Kits And Spring Kits """
"Racingline,""268.74"",""VWR31G70RW"",""Racingline Sports Spring Kit / MQB AWD: Golf 7R Estate"",""Suspension Kits And Spring Kits """
"Racingline,""268.74"",""VWR31G7GT"",""Racingline Sports Spring Kit / MQB FWD: Golf 7 GTI, Leon 3 Cupra"",""Suspension Kits And Spring Kits """
"Racingline,""268.74"",""VWR31G7ML"",""Racingline Sports Spring Kit / MQB: Golf 7, Leon 3, A3 8V"",""Suspension Kits And Spring Kits """
"Racingline,""268.74"",""VWR31G80R"",""Racingline Sports Spring Kit / MQB EVO: Golf 8 R"",""Suspension Kits And Spring Kits """
"Racingline,""313.95"",""VWR31ID00"",""Racingline Sports Spring Kit / MEB / ID.3 / Cupra Born"",""Suspension Kits And Spring Kits """
"Racingline,""268.74"",""VWR31G8GT"",""Racingline Sports Spring Kit / MQB EVO: Golf 8 GTI 2.0 GTD"",""Suspension Kits And Spring Kits """
"Racingline,""268.74"",""VWR31P2GT"",""Racingline Sports Spring Kit / Polo GTI AW"",""Suspension Kits And Spring Kits """
"Racingline,""195.56"",""VWR31UPGT"",""Racingline Sports Spring Kit / UP! GTI "",""Suspension Kits And Spring Kits """
"Racingline,""268.74"",""VWR31F020"",""Racingline Sports Spring Kit / MQBE / Tiguan FWD, Cupra Formentor 2.0 TSI & 2.0 TDI"",""Suspension Kits And Spring Kits """
"Racingline,""268.74"",""VWR31SK01"",""Racingline Sports Spring Kit / MQBE / Skoda Octavia vRS IV Hatch 2.0 TSI & 2.0 TDI"",""Suspension Kits And Spring Kits """
"Racingline,""268.74"",""VWR31T120"",""Racingline Sports Spring Kit / MQB / Tiguan 4Motion R, 2.0 TSI & 2.0 TDI"",""Suspension Kits And Spring Kits """
"Racingline,""268.74"",""VWR31TR01"",""Racingline Sports Spring Kit / MQB/ T-ROC R"",""Suspension Kits And Spring Kits """
"Racingline,""3139.50"",""VWR340000-G6"",""Racingline TrackSport Suspension Kit / A5-Platform Golf 5/6, A3 8P, Leon 2 (55mm strut)"",""Suspension Kits And Spring Kits """
"Racingline,""3139.50"",""VWR340000-G7"",""Racingline TrackSport Suspension Kit / MQB: Golf 7, A3/S3 8V, Leon 3, Octavia 3 / MQB EVO: Golf 8, A3/S3 8Y, Leon 4, Octavia 4"",""Suspension Kits And Spring Kits """
"Racingline,""227.50"",""VWR420000"",""Racingline Adjustable Front Droplinks / 250mm Centre applications (suitable for Factory Springs / Sport Springs)"",""Suspension Components & Control Arms"""
"Racingline,""227.50"",""VWR420001"",""Racingline Adjustable Front Droplinks / 200mm Centre applications (suitable for RacingLine TrackSport / Coilovers / Air Supsension)"",""Suspension Components & Control Arms"""
"Racingline,""233.42"",""VWR44G500"",""Racingline Front Suspension Bush Kit / A5-Platform: Golf 5/6, A3/S3 8P, Leon 2, Octavia 2"",""Suspension Components & Control Arms"""
"Racingline,""208.85"",""VWR44G700"",""Racingline Front Suspension Bush Kit / MQB"",""Suspension Components & Control Arms"""
"Racingline,""490.04"",""VWR45G501"",""Racingline Alloy Control Arms With Bushes Kit / A5-Platform: Golf 5/6, A3/S3 8P, Leon 2, Octavia 2 "",""Suspension Components & Control Arms"""
"Racingline,""176.09"",""VWR45G502"",""Racingline Roll Centre Adjusting Balljoint / A5-Platform: Golf 5/6, A3/S3 8P, Leon 2, Octavia 2"",""Suspension Components & Control Arms"""
"Racingline,""632.81"",""VWR45G5COMP"",""Racingline Alloy Front Arms with Balljoints / A5 Platform: Golf 5/6, A3/S3 8P, Leon 2, Octavia 2 "",""Suspension Components & Control Arms"""
"Racingline,""763.04"",""VWR45G701"",""Racingline Alloy Control Arms With Bushes Kit / MQB"",""Suspension Components & Control Arms"""
"Racingline,""288.74"",""VWR501000"",""Racingline Rear Adjustable Toe Links / MQB"",""Suspension Components & Control Arms"""
"Racingline,""392.44"",""VWR501001"",""Racingline Rear Adjustable Camber Arms / MQB"",""Suspension Components & Control Arms"""
"Racingline,""191.09"",""VWR520000"",""Racingline Adjustable Rear Droplinks / MQB / MQBE"",""Suspension Components & Control Arms"""
"Racingline,""476.39"",""VWR54G5COMP"",""Racingline Rear Suspension Bush Kit / A5-Platform: Golf 5/6, A3/S3 8P, Leon 2, Octavia 2"",""Suspension Components & Control Arms"""
"Racingline,""3547.64"",""VWR650000-ANO"",""Racingline Stage 3 Big Brake Kit 380mm 6 Pot /  MQB  /  MQB EVO / ANODIZED"",""Big Brake Kits"""
"Racingline,""3547.64"",""VWR650000-BLK"",""Racingline Stage 3 Big Brake Kit 380mm 6 Pot /  MQB  /  MQB EVO / BLACK"",""Big Brake Kits"""
"Racingline,""3547.64"",""VWR650000-BLU"",""Racingline Stage 3 Big Brake Kit 380mm 6 Pot /  MQB  /  MQB EVO / BLUE"",""Big Brake Kits"""
"Racingline,""3547.64"",""VWR650000-RED"",""Racingline Stage 3 Big Brake Kit 380mm 6 Pot /  MQB  /  MQB EVO / RED"",""Big Brake Kits"""
"Racingline,""3547.64"",""VWR650000-YEL"",""Racingline Stage 3 Big Brake Kit 380mm 6 Pot /  MQB  /  MQB EVO / YELLOW"",""Big Brake Kits"""
"Racingline,""3411.14"",""VWR650001-ANO"",""Racingline Stage 3 Big Brake Kit 355mm 6 Pot /  MQB  /  MQB EVO / ANODIZED"",""Big Brake Kits"""
"Racingline,""3411.14"",""VWR650001-BLK"",""Racingline Stage 3 Big Brake Kit 355mm 6 Pot /  MQB  /  MQB EVO / BLACK"",""Big Brake Kits"""
"Racingline,""3411.14"",""VWR650001-BLU"",""Racingline Stage 3 Big Brake Kit 355mm 6 Pot /  MQB  /  MQB EVO / BLUE"",""Big Brake Kits"""
"Racingline,""3411.14"",""VWR650001-CHR"",""Racingline Stage 3 Big Brake Kit 355mm 6 Pot /  MQB  /  MQB EVO / CHROME LAST STOCK"",""Big Brake Kits"""
"Racingline,""3411.14"",""VWR650001-RED"",""Racingline Stage 3 Big Brake Kit 355mm 6 Pot /  MQB  /  MQB EVO / RED"",""Big Brake Kits"""
"Racingline,""3411.14"",""VWR650001-YEL"",""Racingline Stage 3 Big Brake Kit 355mm 6 Pot /  MQB  /  MQB EVO / YELLOW"",""Big Brake Kits"""
"Racingline,""3411.14"",""VWR650002-ANO"",""Racingline Stage 3 Big Brake Kit 355mm 6 Pot / A5 Platform / ANODIZED"",""Big Brake Kits"""
"Racingline,""3411.14"",""VWR650002-BLK"",""Racingline Stage 3 Big Brake Kit 355mm 6 Pot / A5 Platform / BLACK"",""Big Brake Kits"""
"Racingline,""3411.14"",""VWR650002-BLU"",""Racingline Stage 3 Big Brake Kit 355mm 6 Pot / A5 Platform / BLUE"",""Big Brake Kits"""
"Racingline,""3411.14"",""VWR650002-CHR"",""Racingline Stage 3 Big Brake Kit 355mm 6 Pot / A5 Platform / CHROME LAST STOCK"",""Big Brake Kits"""
"Racingline,""3411.14"",""VWR650002-RED"",""Racingline Stage 3 Big Brake Kit 355mm 6 Pot / A5 Platform / RED"",""Big Brake Kits"""
"Racingline,""3411.14"",""VWR650002-YEL"",""Racingline Stage 3 Big Brake Kit 355mm 6 Pot / A5 Platform / YELLOW"",""Big Brake Kits"""
"Racingline,""3547.64"",""VWR650003-ANO"",""Racingline Stage 3 Big Brake Kit 380mm 6 Pot / A5 Platform / ANODIZED"",""Big Brake Kits"""
"Racingline,""3547.64"",""VWR650003-BLK"",""Racingline Stage 3 Big Brake Kit 380mm 6 Pot / A5 Platform / BLACK"",""Big Brake Kits"""
"Racingline,""3547.64"",""VWR650003-BLU"",""Racingline Stage 3 Big Brake Kit 380mm 6 Pot / A5 Platform / BLUE"",""Big Brake Kits"""
"Racingline,""3547.64"",""VWR650003-RED"",""Racingline Stage 3 Big Brake Kit 380mm 6 Pot / A5 Platform / RED"",""Big Brake Kits"""
"Racingline,""3547.64"",""VWR650003-YEL"",""Racingline Stage 3 Big Brake Kit 380mm 6 Pot / A5 Platform / YELLOW"",""Big Brake Kits"""
"Racingline,""7507.50"",""VWR651000-ANO"",""Racingline Stage 3+ Carbon Ceramic Brake Kit 380mm 6 Pot / MQB / MQB EVO /  ANODIZED"",""Big Brake Kits"""
"Racingline,""7507.50"",""VWR651000-BLK"",""Racingline Stage 3+ Carbon Ceramic Brake Kit 380mm 6 Pot / MQB /  MQB EVO / BLACK"",""Big Brake Kits"""
"Racingline,""7507.50"",""VWR651000-BLU"",""Racingline Stage 3+ Carbon Ceramic Brake Kit 380mm 6 Pot / MQB /  MQB EVO / BLUE"",""Big Brake Kits"""
"Racingline,""7507.50"",""VWR651000-RED"",""Racingline Stage 3+ Carbon Ceramic Brake Kit 380mm 6 Pot / MQB /  MQB EVO / RED"",""Big Brake Kits"""
"Racingline,""7507.50"",""VWR651000-YEL"",""Racingline Stage 3+ Carbon Ceramic Brake Kit 380mm 6 Pot / MQB /  MQB EVO / YELLOW"",""Big Brake Kits"""
"Racingline,""7507.50"",""VWR651001-ANO"",""Racingline Stage 3+ Carbon Ceramic Brake Kit 380mm 6 Pot / A5 Platform / ANODIZED"",""Big Brake Kits"""
"Racingline,""7507.50"",""VWR651001-BLK"",""Racingline Stage 3+ Carbon Ceramic Brake Kit 380mm 6 Pot / A5 Platform / BLACK"",""Big Brake Kits"""
"Racingline,""7507.50"",""VWR651001-BLU"",""Racingline Stage 3+ Carbon Ceramic Brake Kit 380mm 6 Pot / A5 Platform / BLUE"",""Big Brake Kits"""
"Racingline,""7507.50"",""VWR651001-RED"",""Racingline Stage 3+ Carbon Ceramic Brake Kit 380mm 6 Pot / A5 Platform / RED"",""Big Brake Kits"""
"Racingline,""7507.50"",""VWR651001-YEL"",""Racingline Stage 3+ Carbon Ceramic Brake Kit 380mm 6 Pot / A5 Platform / YELLOW"",""Big Brake Kits"""
"Racingline,""7371.00"",""VWR651002-ANO"",""Racingline Stage 3+ Carbon Ceramic Brake Kit 355mm 6 Pot / MQB / MQB EVO / ANO"",""Big Brake Kits"""
"Racingline,""7371.00"",""VWR651002-BLK"",""Racingline Stage 3+ Carbon Ceramic Brake Kit 355mm 6 Pot / MQB / MQB EVO / BLACK"",""Big Brake Kits"""
"Racingline,""7371.00"",""VWR651002-BLU"",""Racingline Stage 3+ Carbon Ceramic Brake Kit 355mm 6 Pot / MQB / MQB EVO / BLUE"",""Big Brake Kits"""
"Racingline,""7371.00"",""VWR651002-RED"",""Racingline Stage 3+ Carbon Ceramic Brake Kit 355mm 6 Pot / MQB / MQB EVO / RED"",""Big Brake Kits"""
"Racingline,""7371.00"",""VWR651002-YEL"",""Racingline Stage 3+ Carbon Ceramic Brake Kit 355mm 6 Pot / MQB / MQB EVO /"",""Big Brake Kits"""
"Racingline,""2013.38"",""VWR652000-BLK"",""Racingline Stage 2 Evo Big Brake Kit 345mm 4 Pot / MQB / MQB EVO / BLACK"",""Big Brake Kits"""
"Racingline,""2013.38"",""VWR652000-BLU"",""Racingline Stage 2 Evo Big Brake Kit 345mm 4 Pot / MQB / MQB EVO / BLUE"",""Big Brake Kits"""
"Racingline,""2013.38"",""VWR652000-RED"",""Racingline Stage 2 Evo Big Brake Kit 345mm 4 Pot / MQB / MQB EVO / RED"",""Big Brake Kits"""
"Racingline,""2013.38"",""VWR652001-BLK"",""Racingline Stage 2 Evo Big Brake Kit 330mm 4 Pot / Polo 6R/6C, Ibiza 6J, Audi S1 / BLACK"",""Big Brake Kits"""
"Racingline,""2013.38"",""VWR652001-RED"",""Racingline Stage 2 Evo Big Brake Kit 330mm 4 Pot / Polo 6R/6C, Ibiza 6J, Audi S1 / RED"",""Big Brake Kits"""
"Racingline,""2013.38"",""VWR652002-BLK"",""Racingline Stage 2 Evo Big Brake Kit 345mm 4 Pot / Polo AW / Ibiza 6F / Audi A1GB / BLACK"",""Big Brake Kits"""
"Racingline,""2013.38"",""VWR652002-RED"",""Racingline Stage 2 Evo Big Brake Kit 345mm 4 Pot / Polo AW / Ibiza 6F / Audi A1GB / RED"",""Big Brake Kits"""
"Racingline,""2013.38"",""VWR652003-BLK"",""Racingline Stage 2 Evo Big Brake Kit 345mm 4 Pot / A5 Platform / BLACK"",""Big Brake Kits"""
"Racingline,""2013.38"",""VWR652003-RED"",""Racingline Stage 2 Evo Big Brake Kit 345mm 4 Pot / A5 Platform / RED"",""Big Brake Kits"""
"Racingline,""102.38"",""VWR620005MM"",""Racingline Brake Kit 5mm Hub Adaptor (5x112 PCD Only - Stage 2 & 3)"",""Big Brake Kits"""
"Racingline,""136.50"",""VWR670004"",""Racingline RP700 Performance Brake Pads / 312mm Smaller Front (Non Performance Pack, eg Golf 7 GTI)"",""Braking Upgrades"""
"Racingline,""85.31"",""VWR670005"",""Racingline RP700 Performance Brake Pads / 300mm Smaller Rear non-vented (Non Performance Pack, eg Golf 7 GTI)"",""Braking Upgrades"""
"Racingline,""170.63"",""VWR670006"",""Racingline RP700 Performance Brake Pads / 340mm Larger Front (Performance Pack, eg Golf R, S3)"",""Braking Upgrades"""
"Racingline,""85.31"",""VWR670007"",""Racingline RP700 Performance Brake Pads / 310mm Larger Rear vented (Performance Pack eg Golf R, S3)"",""Braking Upgrades"""
"Racingline,""85.31"",""VWR670008"",""Racingline RP700 Performance Brake Pads / 310mm Larger Rear vented MANUAL HANDBRAKE (Performance Pack eg Golf R, S3)"",""Braking Upgrades"""
"Racingline,""249.99"",""VWR682000"",""Racingline Stage 2 Performance Rear Discs / Rotors 310mm (Pair)"",""Braking Upgrades"""
"Racingline,""5210.63"",""VWR680020"",""Racingline Stage 3+ Performance Rear Carbon Discs and Pads / Pads and Rotors 310mm  "",""Braking Upgrades"""
"Racingline,""5419.05"",""VWR680012"",""Racingline Stage 3+ 355mm Carbon Brake Kit Replacement Rotors/Discs *requires carbon spec pads (VWR6700CARBON)"",""Braking Upgrades"""
"Racingline,""5419.05"",""VWR680013"",""Racingline Stage 3+ 380mm Carbon Brake Kit Replacement Rotors/Discs *requires carbon spec pads (VWR6700CARBON)"",""Braking Upgrades"""
"Racingline,""88.73"",""VWR69G7FR"",""Racingline Uprated Brake Line Kit Front - MQB / MQB EVO"",""Braking Upgrades"""
"Racingline,""88.73"",""VWR69G7RR"",""Racingline Uprated Brake Line Kit Rear - MQB / MQB EVO"",""Braking Upgrades"""
"Racingline,""150.15"",""VWR69G7KIT"",""Racingline Uprated Brake Line Kit Front and Rear - MQB / MQB EVO"",""Braking Upgrades"""
"Racingline,""19.11"",""VWR69000BF1"",""Racingline Brake Fluid RBF312 / 500ml 300 DOT 4"",""Braking Upgrades"""
"Racingline,""249.36"",""VWR650000-PK"",""Racingline Stage 3 Piston Kit (12 pistons)"",""Brake System Parts"""
"Racingline,""203.39"",""VWR670000"",""Racingline Stage 3 Brake Kit / Replacement Brake Pads / SPORT "",""Brake System Parts"""
"Racingline,""361.73"",""VWR6700TRACK"",""Racingline Stage 3 Brake Kit / Replacement Brake Pads Ferrodo DS2500 / TRACK "",""Brake System Parts"""
"Racingline,""197.93"",""VWR670001"",""Racingline Stage 2 (Gen 1) Big Brake Kit Replacement Pads / SPORT"",""Brake System Parts"""
"Racingline,""293.48"",""VWR670002"",""Racingline Stage 2 (Gen 1) Big Brake Kit Replacement Pads / SPORT PLUS"",""Brake System Parts"""
"Racingline,""354.90"",""VWR670003"",""Racingline Stage 2 (Gen 1) Big Brake Kit Replacement Pads / TRACK"",""Brake System Parts"""
"Racingline,""189.74"",""VWR670009"",""Racingline Stage 2 Evo Brake Kit / Replacement Brake Pads / SPORT"",""Brake System Parts"""
"Racingline,""425.00"",""VWR6700CARBON"",""Racingline Stage 3+ Brake Kit / Replacement Pads / CERAMIC ROTOR"",""Brake System Parts"""
"Racingline,""546.00"",""VWR680000"",""Racingline Previous 6 Pot Kit / Brake Kit 352mm Replacement Rotors (discs) / 2013-2016 brake kits"",""Brake System Parts"""
"Racingline,""546.00"",""VWR680001"",""Racingline Previous 6 Pot Kit / Brake Kit 360mm Replacement Rotors (discs) / 2016-2018 brake kits"",""Brake System Parts"""
"Racingline,""511.88"",""VWR680002"",""Racingline Stage 2 Brake Kit / 345mm Replacement Rotors/Discs / (Fits Gen 1 kit and Evo kit)"",""Brake System Parts"""
"Racingline,""614.25"",""VWR680003"",""Racingline Stage 3 Brake Kit / 355mm Replacement Rotors/Discs"",""Brake System Parts"""
"Racingline,""682.50"",""VWR680004"",""Racingline Stage 3 Brake Kit / 380mm Replacement Rotors/Discs"",""Brake System Parts"""
"Racingline,""255.26"",""VWR680005"",""Racingline Stage 3 Brake Kit / 355mm Rotor Fitting Kit (20 pieces)"",""Brake System Parts"""
"Racingline,""40.95"",""VWR680006"",""Racingline Stage 3 Brake Kit / Piston Seal Kit"",""Brake System Parts"""
"Racingline,""40.95"",""VWR680007"",""Racingline Stage 3 Brake Kit / Piston Dust Seal Kit "",""Brake System Parts"""
"Racingline,""273.00"",""VWR680008"",""Racingline Stage 3 Brake Kit / 380mm Rotor Fitting Kit / 24 pieces"",""Brake System Parts"""
"Racingline,""409.50"",""VWR680011"",""Racingline Stage 3 Brake Kit / 380mm Rotor Bell Only / Pair"",""Brake System Parts"""
"Racingline,""511.88"",""VWR680014"",""Racingline Stage 2 330mm Replacement Discs Pair"",""Brake System Parts"""
"Racingline,""30.03"",""VWR680015"",""Racingline Stage 2 Brake Kit / Piston Seal Kit"",""Brake System Parts"""
"Racingline,""30.03"",""VWR680016"",""Racingline Stage 2 Brake kit / Piston Dust Seal Kit"",""Brake System Parts"""
"Racingline,""75.08"",""VWR1130RS"",""Racingline High-Flow Panel Air Filter / Audi TTRS & RS3 8V FL plus 2.0 BiTDI 240ps Passat / Arteon / Kodiaq / Tiguan"",""Panel Filters"""
"Racingline,""107.84"",""VWR1140S4"",""Racingline High-Flow Panel Air Filter / Audi S4/S5 B8 & B8.5 3.0 Supercharged"",""Panel Filters"""
"Racingline,""136.50"",""VWR1141S4"",""Racingline High-Flow Panel Air Filter / Audi S4/S5 B9 3.0 TSI"",""Panel Filters"""
"Racingline,""252.53"",""VWR119052"",""Racingline High-Flow Panel Air Filter / Pair Audi R8/R8 Spyder V10 5.2"",""Panel Filters"""
"Racingline,""252.53"",""VWR119042"",""Racingline High-Flow Panel Air Filter / Pair Audi R8/R8 Spyder V8 4.2"",""Panel Filters"""
"Racingline,""75.08"",""VWR11A001"",""Racingline High-Flow Panel Air Filter / Amarok All"",""Panel Filters"""
"Racingline,""68.25"",""VWR11G501"",""Racingline High-Flow Panel Air Filter / Golf 5, Golf 6, Scirocco, Audi A3 8P / 2.0 TSI, TDI and 1.4 TSI (170PS)"",""Panel Filters"""
"Racingline,""68.25"",""VWR11G502"",""Racingline High-Flow Panel Air Filter / Golf 5 GTI, Golf 6 R, Scirocco R / 2.0 TFSI EA113"",""Panel Filters"""
"Racingline,""68.25"",""VWR11G503"",""Racingline High-Flow Panel Air Filter / Golf 5 R32, TTS mk2 , TTRS mk2"",""Panel Filters"""
"Racingline,""81.90"",""VWR11G701"",""Racingline High-Flow Panel Air Filter / MQB/MQBE 1.8 2.0 TSI"",""Panel Filters"""
"Racingline,""88.73"",""VWR11G714"",""Racingline High-Flow Panel Air Filter / Golf 7 / A3 8V / Leon III 5F / Octavia III 5E / 1.2 & 1.4 TSI:"",""Panel Filters"""
"Racingline,""88.73"",""VWR11G815"",""Racingline High-Flow Panel Air Filter / Golf 8 / 1.5 TSI"",""Panel Filters"""
"Racingline,""101.01"",""VWR11P0GT"",""Racingline High-Flow Panel Air Filter / Polo GTI 1.4 TSI (6R) / Ibiza Cupra 1.4 TSI"",""Panel Filters"""
"Racingline,""88.73"",""VWR11P1GT"",""Racingline High-Flow Panel Air Filter / Polo GTI 1.8 TSI (6C) / Audi S1 / Ibiza Cupra 1.8 TSI"",""Panel Filters"""
"Racingline,""75.08"",""VWR11TR20"",""Racingline High-Flow Panel Air Filter / Transporter T5 & T6 / 2.0 TDI"",""Panel Filters"""
"Racingline,""84.63"",""VWR11UPGT"",""Racingline High-Flow Panel Air Filter / Polo / Ibiza / Golf / UP! / 1.0 TSI"",""Panel Filters"""
"Racingline,""517.34"",""VWR121020"",""Racingline Intake System / TriFoam Air Filter / Audi TT II:  2.0 TFSI"",""Intakes Systems """
"Racingline,""517.34"",""VWR121020ML"",""Racingline Intake System / TriFoam Air Filter / Audi TT II:  2.0 TFSI  NO MAF EA888.2"",""Intakes Systems """
"Racingline,""530.99"",""VWR121101"",""Racingline Intake System / TriFoam Air Filter / 1.0 WLTP Intake System "",""Intakes Systems """
"Racingline,""530.99"",""VWR1230S3"",""Racingline Intake System / TriFoam Air Filter / Audi S3 8P / 2.0 TFSI EA113 (K04)"",""Intakes Systems """
"Racingline,""551.46"",""VWR1230S3C"",""Racingline Intake System / Cotton Air Filter /  Audi S3 8P / 2.0 TFSI EA113 (K04)"",""Intakes Systems """
"Racingline,""1064.70"",""VWR1241S4"",""Racingline Intake System / TriFoam Air Filter / Audi S4/S5 B9 3.0T"",""Intakes Systems """
"Racingline,""1064.70"",""VWR1241RS"",""Racingline Intake System / TriFoam Air Filter / Audi RS4/RS5 B9 2.9TT"",""Intakes Systems """
"Racingline,""442.26"",""VWR12A1S1"",""Racingline Intake System / TriFoam Air Filter / Audi S1 2.0 TSI EA888.3"",""Intakes Systems """
"Racingline,""469.56"",""VWR12A1S1C"",""Racingline Intake System / Cotton Air Filter /  Audi S1 2.0 TSI EA888.3"",""Intakes Systems """
"Racingline,""339.89"",""VWR12G50D"",""Racingline Intake System / TriFoam Air Filter / Golf 5 2.0 TDI"",""Intakes Systems """
"Racingline,""360.36"",""VWR12G50DC"",""Racingline Intake System / Cotton Air Filter /  Golf 5 2.0 TDI"",""Intakes Systems """
"Racingline,""476.39"",""VWR12G5GT"",""Racingline Intake System / TriFoam Air Filter / Golf 5 GTI /  2.0 TFSI EA113 (K03)"",""Intakes Systems """
"Racingline,""496.86"",""VWR12G5GTC"",""Racingline Intake System / Cotton Air Filter /  Golf 5 GTI / 2.0 TFSI EA113 (K03)"",""Intakes Systems """
"Racingline,""339.89"",""VWR12G60D"",""Racingline Intake System / TriFoam Air Filter / Golf 6, Scirocco, Octavia II 1Z, Passat CC (Requires Adaptor): 2.0 TDI"",""Intakes Systems """
"Racingline,""360.36"",""VWR12G60DC"",""Racingline Intake System / Cotton Air Filter /  Golf 6, Scirocco, Octavia II 1Z, Passat CC (Requires Adaptor): 2.0 TDI"",""Intakes Systems """
"Racingline,""503.69"",""VWR12G60R"",""Racingline Intake System / TriFoam Air Filter / Golf R, Golf GTI Ed30, Scirocco R / 2.0 TFSI EA113 (K04)"",""Intakes Systems """
"Racingline,""524.16"",""VWR12G60RC"",""Racingline Intake System / Cotton Air Filter /  Golf R, Golf GTI Ed30, Scirocco R / 2.0 TFSI EA113 (K04)"",""Intakes Systems """
"Racingline,""339.89"",""VWR12G6GT"",""Racingline Intake System / TriFoam Air Filter / Golf 6 GTI, Scirocco, Octavia vRS II 1Z / 2.0 TSI EA888.1 TRIFOAM FILTER"",""Intakes Systems """
"Racingline,""360.36"",""VWR12G6GTC"",""Racingline Intake System / Cotton Air Filter /  Golf 6 GTI, Scirocco, Octavia vRS II 1Z / 2.0 TSI EA888.1"",""Intakes Systems """
"Racingline,""476.39"",""VWR12G6K03"",""Racingline Intake System / TriFoam Air Filter / Skoda Octavia vRS II 1Z / 2.0 TFSI EA113 (K03)"",""Intakes Systems """
"Racingline,""496.86"",""VWR12G6K03C"",""Racingline Intake System / Cotton Air Filter /  Skoda Octavia vRS II 1Z / 2.0 TFSI EA113 (K03)"",""Intakes Systems """
"Racingline,""339.89"",""VWR12G614"",""Racingline Intake System / TriFoam Air Filter / Golf 6 , Scirocco 1.4 TSI (170PS)"",""Intakes Systems """
"Racingline,""374.01"",""VWR12G70D"",""Racingline Intake System / TriFoam Air Filter / MQB 2.0 TDI  EA288"",""Intakes Systems """
"Racingline,""394.49"",""VWR12G70DC"",""Racingline Intake System / Cotton Air Filter /  MQB 2.0 TDI  EA288"",""Intakes Systems """
"Racingline,""477.75"",""VWR12G714"",""Racingline Intake System / TriFoam Air Filter / MQB 1.4 TSI  EA211 (RHD Vehicles Only)"",""Intakes Systems """
"Racingline,""498.23"",""VWR12G714C"",""Racingline Intake System / Cotton Air Filter /  MQB 1.4 TSI  EA211 (RHD Vehicles Only)"",""Intakes Systems """
"Racingline,""414.96"",""VWR12G7CUP"",""Racingline Intake System / 'Cup Edition' Open Intake / TRIFOAM FILTER /  MQB / 1.8/2.0 TSI EA888.3"",""Intakes Systems """
"Racingline,""442.26"",""VWR1200R600E"",""Racingline Intake System / R600 EVO :  TriFoam Air Filter / MQB / MQBE"",""Intakes Systems """
"Racingline,""442.26"",""VWR1200R600EUSA"",""Racingline Intake System / R600 EVO :  TriFoam Air Filter USA (with SAI) / MQB / MQBE"",""Intakes Systems """
"Racingline,""483.21"",""VWR1200R601E"",""Racingline Intake System / R600 EVO :  Cotton Air Filter / MQB/MQBE"",""Intakes Systems """
"Racingline,""483.21"",""VWR1200R601EUSA"",""Racingline Intake System / R600 EVO :  Cotton Air Filter USA (with SAI) / MQB/MQBE"",""Intakes Systems """
"Racingline,""442.26"",""VWR12G7R600"",""Racingline Please use VWR1200R600E"",""Intakes Systems """
"Racingline,""442.26"",""VWR12G7R600USA"",""Racingline Please use VWR1200R600EUSA"",""Intakes Systems """
"Racingline,""483.21"",""VWR12G7R601"",""Racingline Please use VWR1200R601E"",""Intakes Systems """
"Racingline,""483.21"",""VWR12G7R601USA"",""Racingline Please use VWR1200R601EUSA"",""Intakes Systems """
"Racingline,""483.21"",""VWR12G7R602"",""Racingline Intake System / R600 / TriFoam Air Filter with MAF SENSOR /  MQB 2.0 TSI EA888.3B"",""Intakes Systems """
"Racingline,""483.21"",""VWR12G7R602USA"",""Racingline Intake System / R600 / TriFoam Air Filter USA (with SAI) MAF SENSOR /  MQB 2.0 TSI EA888.3B"",""Intakes Systems """
"Racingline,""524.16"",""VWR12G7R603"",""Racingline Intake System / R600 / Cotton Air Filter with MAF SENSOR /  MQB 2.0 TSI EA888.3B"",""Intakes Systems """
"Racingline,""524.16"",""VWR12G7R603USA"",""Racingline Intake System / R600 / Cotton Air Filter USA (with SAI) MAF SENSOR /  MQB 2.0 TSI EA888.3B"",""Intakes Systems """
"Racingline,""654.94"",""VWR1210R600EM"",""Racingline Intake System / R600E /Carbon Lid Matte /Tri-foam Filter"",""Intakes Systems """
"Racingline,""721.86"",""VWR1210R601EM"",""Racingline Intake System / R601E /Carbon Lid Matte /Cotton Filter"",""Intakes Systems """
"Racingline,""721.86"",""VWR1210R602M"",""Racingline Intake System / R602E/Carbon Lid Matte /Tri-foam Filter"",""Intakes Systems """
"Racingline,""839.99"",""VWR1210R603M"",""Racingline Intake System / R603E/Carbon Lid Matte /Cotton Filter"",""Intakes Systems """
"Racingline,""654.94"",""VWR1210R600EG"",""Racingline Intake System / R600E/Carbon Lid Gloss /Tri-foam Filter"",""Intakes Systems """
"Racingline,""721.86"",""VWR1210R601EG"",""Racingline Intake System / R601E/Carbon Lid Gloss /Cotton Filter"",""Intakes Systems """
"Racingline,""721.86"",""VWR1210R602G"",""Racingline Intake System / R602E/Carbon Lid Gloss /Tri Foam Filter"",""Intakes Systems """
"Racingline,""839.99"",""VWR1210R603G"",""Racingline Intake System / R603E/Carbon Lid Gloss /Cotton Filter"",""Intakes Systems """
"Racingline,""31.40"",""VWR12G7R600OS"",""Racingline R600 Cotton Filter Foam Oversock / TRIFOAM FILTER"",""Intakes Systems """
"Racingline,""517.34"",""VWR12L0CR"",""Racingline Intake System / TriFoam Air Filter / Seat Leon II Cupra R:  2.0 TFSI EA113 (K04)"",""Intakes Systems """
"Racingline,""537.81"",""VWR12L0CRC"",""Racingline Intake System / Cotton Air Filter / Seat Leon II Cupra R:  2.0 TFSI EA113 (K04)"",""Intakes Systems """
"Racingline,""365.82"",""VWR12P0GT"",""Racingline Intake System / TriFoam Air Filter / Polo GTI 1.4 TSI 6R  / Ibiza Cupra 1.4 TSI 6J / Fabia vRS II 5J"",""Intakes Systems """
"Racingline,""408.14"",""VWR12P1GT"",""Racingline Intake System / TriFoam Air Filter / Polo GTI 1.8 TSI 6C  / Ibiza Cupra 1.8 TSI 6J"",""Intakes Systems """
"Racingline,""428.61"",""VWR12P1GTC"",""Racingline Intake System / Cotton Air Filter / Polo GTI 1.8 TSI 6C  / Ibiza Cupra 1.8 TSI 6J"",""Intakes Systems """
"Racingline,""634.71"",""VWR12P2GTG"",""Racingline Intake System / TriFoam Air Filter / Polo GTI 2.0 AW / Gloss Carbon"",""Intakes Systems """
"Racingline,""634.71"",""VWR12P2GTM"",""Racingline Intake System / TriFoam Air Filter / Polo GTI 2.0 AW / Matt Carbon"",""Intakes Systems """
"Racingline,""614.25"",""VWR12PRWRC"",""Racingline Intake System / TriFoam Air Filter / Polo 2.0 WRC: 2.0 TFSI EA113 (K03)"",""Intakes Systems """
"Racingline,""408.14"",""VWR12UPGT"",""Racingline Intake System / TriFoam Air Filter / UP! / Polo / Ibiza / Golf / 1.0 TSI Intake EA211  / requires Turbo Inlet VWR12UPITINLET"",""Intakes Systems """
"Racingline,""503.69"",""VWR12UPGTCOMP"",""Racingline Intake System / TriFoam Air Filter / UP! / Polo / Ibiza / Golf / 1.0 TSI Intake EA211 / includes Turbo Inlet"",""Intakes Systems """
"Racingline,""353.54"",""VWR121000"",""Racingline Intake System / R600 Carbon Lid Gloss / for fitment to any R600 intake"",""Intakes Systems """
"Racingline,""353.54"",""VWR121001"",""Racingline Intake System / R600 Carbon Lid Matte / for fitment to any R600 intake"",""Intakes Systems """
"Racingline,""353.54"",""VWR121002"",""Racingline Intake System / R600E Carbon Lid Gloss / for fitment to any R600 EVO intake"",""Intakes Systems """
"Racingline,""353.54"",""VWR121003"",""Racingline Intake System / R600E Carbon Lid Matte / for fitment to any R600 EVO intake"",""Intakes Systems """
"Racingline,""1442.44"",""VWR1213RS"",""Racingline Intake System Carbon Matte / 2.5 TFSI RS3 8V.2 / TTRS 8S / RHD only "",""Intakes Systems """
"Racingline,""30.03"",""VWR120000"",""Racingline Trifoam Air Filter Cleaning & Reoiling Kit / 400ml Oil & 500ml Cleaner"",""Replacement Air Filters & Parts"""
"Racingline,""6.83"",""VWR120001"",""Racingline Turbo 90 Inlet / Replacement Seals for VWR12G7R600ITINLET"",""Replacement Air Filters & Parts"""
"Racingline,""6.83"",""VWR120002"",""Racingline Turbo Muffler Delete / Replacement O-Ring for VWR16G7TDEL"",""Replacement Air Filters & Parts"""
"Racingline,""47.78"",""VWR120030S3PA"",""Racingline Intake System Accessory / Audi 8P Front adaptor Metal Frame"",""Replacement Air Filters & Parts"""
"Racingline,""34.13"",""VWR1200BRAC"",""Racingline Intake System Accessory / Bracket and Strap"",""Replacement Air Filters & Parts"""
"Racingline,""21.84"",""VWR1200BUNG"",""Racingline Intake System Accessory / K04 Bung"",""Replacement Air Filters & Parts"""
"Racingline,""47.78"",""VWR1200G5PA"",""Racingline Intake System Accessory / Golf 5 Front adaptor Metal Frame"",""Replacement Air Filters & Parts"""
"Racingline,""47.78"",""VWR1200G6PA"",""Racingline Intake System Accessory / Golf 6 Front Panel Adaptor Silicone"",""Replacement Air Filters & Parts"""
"Racingline,""47.78"",""VWR1200L0CR"",""Racingline Intake System Accessory / SEAT Leon 2  Front Panel Adaptor Silicone"",""Replacement Air Filters & Parts"""
"Racingline,""116.03"",""VWR12G614FO"",""Racingline Intake System Replacement Filter Element / TRIFOAM FILTER / Golf, Scirocco 1.4 TSI / Filter Only"",""Replacement Air Filters & Parts"""
"Racingline,""102.38"",""VWR12G6GTFO"",""Racingline Intake System Replacement Filter Element / TRIFOAM FILTER / TSI / Filter Only"",""Replacement Air Filters & Parts"""
"Racingline,""122.85"",""VWR12G6GTFOC"",""Racingline Intake System Replacement Filter Element / TSI / Filter Only"",""Replacement Air Filters & Parts"""
"Racingline,""102.38"",""VWR12G60RAB"",""Racingline Intake System / Airbox Only "",""Replacement Air Filters & Parts"""
"Racingline,""102.38"",""VWR12G60RFO"",""Racingline Intake System Replacement Filter Element / TRIFOAM FILTER / TFSI / Filter Only"",""Replacement Air Filters & Parts"""
"Racingline,""122.85"",""VWR12G60RFOC"",""Racingline Intake System Replacement Filter Element / COTTON FILTER / TFSI / Filter Only"",""Replacement Air Filters & Parts"""
"Racingline,""102.38"",""VWR12G7R600FO"",""Racingline Intake System Replacement Filter Element / TRIFOAM FILTER / MQB R600:  1.8/2.0 TSI EA888.3 / Filter Only"",""Replacement Air Filters & Parts"""
"Racingline,""27.30"",""VWR12G7R600SPAF "",""Racingline Intake System Replacement R600 Secondary air filter"",""Replacement Air Filters & Parts"""
"Racingline,""150.15"",""VWR12G7R601FO"",""Racingline Intake System Replacement Filter Element / COTTON FILTER / MQB R600:  1.8/2.0 TSI EA888.3 / Filter Only"",""Replacement Air Filters & Parts"""
"Racingline,""150.15"",""VWR12G7R602FO"",""Racingline Intake System Replacement Filter Element / TRIFOAM FILTER / MQB R600 : MAF 1.8/2.0 TSI EA888.3.B / Filter Only"",""Replacement Air Filters & Parts"""
"Racingline,""177.45"",""VWR12G7R603FO"",""Racingline Intake System Replacement Filter Element / COTTON FILTER / MQB R600: MAF 1.8/2.0 TSI EA888.3.B / Filter Only"",""Replacement Air Filters & Parts"""
"Racingline,""111.56"",""VWR12UPGTFO"",""Racingline Intake System Replacement Filter Element / TRIFOAM FILTER  / UP! / Polo / Ibiza / Golf / 1.0 TSI Intake EA211"",""Replacement Air Filters & Parts"""
"Racingline,""102.38"",""VWR12P1GTFO"",""Racingline Intake System Replacement Filter Element / TRIFOAM FILTER / Polo 1.8 TSI (6C) / Ibiza Cupra 1.8 TSI / Audi S1 Filter Only"",""Replacement Air Filters & Parts"""
"Racingline,""122.85"",""VWR12P1GTFOC"",""Racingline Intake System Replacement Filter Element / COTTON FILTER / Polo 1.8 TSI (6C) / Ibiza Cupra 1.8 TSI / Audi S1 Filter Only"",""Replacement Air Filters & Parts"""
"Racingline,""91.46"",""VWR12PRWRCFO"",""Racingline Intake System Replacement Filter Element / TRIFOAM FILTER / Polo 2.0 R WRC / Filter Only"",""Replacement Air Filters & Parts"""
"Racingline,""221.13"",""VWR1241S4FO"",""Racingline Intake System Replacement Filter Element / TRIFOAM FILTER / S4 / RS4"",""Replacement Air Filters & Parts"""
"Racingline,""955.50"",""VWR21G702"",""Racingline Front Exhaust System with High Flow Catalyst / Golf 7 GTI 2.0 TSI"",""Exhausts"""
"Racingline,""477.75"",""VWR21G702CUP"",""Racingline Front Exhaust System with Decat pipe / Golf 7 GTI 2.0 TSI"",""Exhausts"""
"Racingline,""955.50"",""VWR21G702R"",""Racingline Front Exhaust System with High Flow Catalyst / Golf 7 R 2.0 TSI"",""Exhausts"""
"Racingline,""477.75"",""VWR21G702RCUP"",""Racingline Front Exhaust System with Decat pipe / Golf 7 R 2.0 TSI"",""Exhausts"""
"Racingline,""1076.99"",""VWR21G701"",""Racingline Rear Exhaust System Cat-back / Golf 7 GTI"",""Exhausts"""
"Racingline,""1950.59"",""VWR21G70RV"",""Racingline Rear Exhaust System Valved Cat-back / Golf 7R"",""Exhausts"""
"Racingline,""2100.74"",""VWR21G70RVRES"",""Racingline Rear Exhaust System Valved Cat-back Resonated / Golf 7R"",""Exhausts"""
"Racingline,""1445.54"",""VWR21G70RNV"",""Racingline Rear Exhaust System NON Valved (Cat-back) (inc. Valve delete plugs) / Golf 7R"",""Exhausts"""
"Racingline,""1582.04"",""VWR21G70RNVRES"",""Racingline Rear Exhaust System NON Valved Resonated (Cat-back) (inc. Valve delete plugs) / Golf 7R"",""Exhausts"""
"Racingline,""255.26"",""VWR120003"",""Racingline Turbo Inlet System (Elbow & Silicone Hose) / MQB EVO / EA888.4 2.0 TSI GARRETT Turbo / 245PS"",""Turbo & Intercooler Parts"""
"Racingline,""255.26"",""VWR120010"",""Racingline Turbo Inlet System (Elbow & Silicone Hose)  / MQB EVO /  EA888.4 2.0 TSI CONTINENTAL Turbo / 300-320PS"",""Turbo & Intercooler Parts"""
"Racingline,""177.44"",""VWR120011"",""Racingline Turbo Inlet / EA211 1.0 TSI / WLTP cars only"",""Turbo & Intercooler Parts"""
"Racingline,""109.20"",""VWR12G7R600ITRED"",""Racingline Turbo Inlet Hose, Silicone / MQB / EA888.3 1.8 & 2.0 TSI / RED"",""Turbo & Intercooler Parts"""
"Racingline,""109.20"",""VWR12G7R600ITBLA"",""Racingline Turbo Inlet Hose, Silicone / MQB / EA888.3 1.8 & 2.0 TSI / BLACK"",""Turbo & Intercooler Parts"""
"Racingline,""109.20"",""VWR12G7R600ITBLU"",""Racingline Turbo Inlet Hose, Silicone / MQB / EA888.3 1.8 & 2.0 TSI / BLUE"",""Turbo & Intercooler Parts"""
"Racingline,""109.20"",""VWR12G7R600ITGREY"",""Racingline Turbo Inlet Hose, Silicone / MQB / EA888.3 1.8 & 2.0 TSI / GREY"",""Turbo & Intercooler Parts"""
"Racingline,""109.20"",""VWR12G7R602ITBLA"",""Racingline Turbo Inlet Hose, Silicone / MQB / EA888.3B 2.0 TSI:  for MAF-sensor cars only / BLACK"",""Turbo & Intercooler Parts"""
"Racingline,""143.33"",""VWR12G7R600ITINLET"",""Racingline Turbo 90 Inlet / MQB / EA888.3 1.8 & 2.0 TSI"",""Turbo & Intercooler Parts"""
"Racingline,""288.75"",""VWR12P1GTIS38"",""Racingline TSI Intake Upgrade (Elbow,Breather & Silicone Hose) / Polo GTI 1.8 TSI 6C / Ibiza Cupra 1.8 TSI 6J / Audi S1 / EA888.3 1.8 & 2.0 TSI"",""Turbo & Intercooler Parts"""
"Racingline,""95.16"",""VWR12P101"",""Racingline TSI Intake Upgrade  Polo GTI 1.8 TSI 6C / Ibiza Cupra 1.8 TSI 6J / Audi S1 /  HOSE ONLY "",""Turbo & Intercooler Parts"""
"Racingline,""55.78"",""VWR12P102"",""Racingline TSI Intake Upgrade  Polo GTI 1.8 TSI 6C / Ibiza Cupra 1.8 TSI 6J / Audi S1 / BREATHER HOSE ONLY"",""Turbo & Intercooler Parts"""
"Racingline,""111.93"",""VWR12UPITINLET"",""Racingline 1.0 TSI Turbo Inlet / UP! / Polo / Ibiza / Golf etc / EA211 1.0 TSI"",""Turbo & Intercooler Parts"""
"Racingline,""226.35"",""VWR140004"",""Racingline Turbo Boost Hose Kit / MQB / EA888.3 2.0 TSI"",""Turbo & Intercooler Parts"""
"Racingline,""226.35"",""VWR140006"",""Racingline Turbo Boost Hose kit / MQBE / EA888.4 "",""Turbo & Intercooler Parts"""
"Racingline,""39.38"",""VWR140007"",""Racingline Turbo Boost Hose kit / MQBE / EA888.4  Outlet Hose Continental "",""Turbo & Intercooler Parts"""
"Racingline,""226.35"",""VWR140010"",""Racingline Turbo Boost Hose Kit / MQB-A0 / EA888.3B 2.0 TSI / Polo GTI AW / Audi A1 GB 40TFSI"",""Turbo & Intercooler Parts"""
"Racingline,""328.11"",""VWR140011"",""Racingline Turbo Boost Hose - Pipe Kit / RS3 8V.2 & 8Y TTRS / 5-piece inc 70mm Aluminium boost pipe"",""Turbo & Intercooler Parts"""
"Racingline,""887.25"",""VWR14G700"",""Racingline Intercooler / MQB / EA888.3 1.8 & 2.0 TSI"",""Turbo & Intercooler Parts"""
"Racingline,""623.75"",""VWR141001"",""Racingline Intercooler / Polo AW / EA888.3"",""Turbo & Intercooler Parts"""
"Racingline,""1041.25"",""VWR143000"",""Racingline Intercooler / MQB / 2.5 TSI EA855"",""Turbo & Intercooler Parts"""
"Racingline,""3276.00"",""VWR14G7IS38COMP"",""Racingline Stage 3 Turbocharger Upgrade / MQB / EA888.3 Complete (Exchange Unit) OEM+ DEALERS ONLY"",""Turbo & Intercooler Parts"""
"Racingline,""3276.00"",""VWR14G7IS38COMP"",""Racingline Stage 3 Turbocharger Upgrade / MQB / EA888.3 Complete (Exchange Unit) NON OEM+ DEALERS PLEASE CONTACT"",""Turbo & Intercooler Parts"""
"Racingline,""1365.00"",""VWR14G7IS38CORE"",""Racingline Turbocharger Core Unit / IS38 Surcharge cost for VWR14G7IS38COMP"",""Turbo & Intercooler Parts"""
"Racingline,""163.80"",""VWR160000"",""Racingline Turbo Muffler Delete inc Enlarged Connector Hose / MQB EVO /  EA888.4 2.0 TSI GARRETT Turbo / 245PS models"",""Turbo & Intercooler Parts"""
"Racingline,""122.85"",""VWR160001"",""Racingline Turbo Muffler Delete / MQB / EA888.3B 2.0 TSI  MAF-sensor cars only"",""Turbo & Intercooler Parts"""
"Racingline,""122.85"",""VWR16G7TDEL"",""Racingline PART NUMBER SUPERSEDED TO VWR160001 "",""Turbo & Intercooler Parts"""
"Racingline,""54.60"",""VWR17G7R600"",""Racingline R600 Coolant UnderHose / MQB / EA888.3 1.8 & 2.0 TSI  /  EA888.4 2.0 TSI Golf mk8 R"",""Turbo & Intercooler Parts"""
"Racingline,""54.60"",""VWR17G8R600"",""Racingline R600 Coolant UnderHose / MQB EVO / EA888.4 2.0 TSI  /  All models EXCEPT for Golf mk8 R"",""Turbo & Intercooler Parts"""
"Racingline,""43.74"",""VWR90000"",""Racingline Higher-Output Ignition Coil BLUE / MQB evo / MQB 2.0TSI, 1.8TSI, 2.5TFSI"",""Engine & Ancilliaries"""
"Racingline,""43.74"",""VWR900001"",""Racingline Higher-Output Ignition Coil RED / MQB evo / MQB 2.0TSI, 1.8TSI, 2.5TFSI"",""Engine & Ancilliaries"""
"Racingline,""43.74"",""VWR900002"",""Racingline Higher-Output Ignition Coil GREY / MQB evo / MQB 2.0TSI, 1.8TSI, 2.5TFSI"",""Engine & Ancilliaries"""
"Racingline,""443.63"",""VWR13G500"",""Racingline Oil Management Kit / A5-Platform / EA113 2.0 TFSI Catch Can Kit (without Carbon Canister)"",""Engine & Ancilliaries"""
"Racingline,""6.14"",""VWR130004"",""Racingline Oil Management Kit / MQB / Replacement Top PCV Plate Seal Only (for use with Oil Management Kit VWR13G700)"",""Engine & Ancilliaries"""
"Racingline,""58.01"",""VWR130006"",""Racingline Oil Management Kit / MQB / Drain Tap Kit"",""Engine & Ancilliaries"""
"Racingline,""887.24"",""VWR131000"",""Racingline Oil Management Kit / Audi B9 / S4/S5 "",""Engine & Ancilliaries"""
"Racingline,""443.63"",""VWR13G500"",""Racingline Oil Management Kit / A5-Platform / EA113 2.0 TFSI Catch Can Kit (without Carbon Canister)"",""Engine & Ancilliaries"""
"Racingline,""668.85"",""VWR13G700"",""Racingline Oil Management Kit / MQB / EA888.3 1.8 & 2.0 TSI Catch Can Kit"",""Engine & Ancilliaries"""
"Racingline,""54.60"",""VWR13G700RFK"",""Racingline Remote Washer Fluid Fill Kit / Golf 7R & Audi S3 8V (for use with Oil Management Kit VWR13G700)"",""Engine & Ancilliaries"""
"Racingline,""31.40"",""VWR13G700-SERV"",""Racingline Oil Management Kit Service Kit, all hardware (for use with Oil Management Kit VWR13G700)"",""Engine & Ancilliaries"""
"Racingline,""21.13"",""VWR130005"",""Racingline Oil Management Kit / MQB / EA888.3 1.8 & 2.0 TSI Golf 7.5 GTI PCV HOSE (Carbon Canister Bypass)"",""Engine & Ancilliaries"""
"Racingline,""15.02"",""VWR180000"",""Racingline Magnetic Sump Plug (N90813202) / Metal Sump (non-MQB EA888.3)"",""Engine & Ancilliaries"""
"Racingline,""54.60"",""VWR180001"",""Racingline Oil Cooler Accessory / Replacement Oil Filter (for use with VWR18G700 ONLY)"",""Engine & Ancilliaries"""
"Racingline,""30.03"",""VWR180002"",""Racingline Haldex Magnetic Plug Set / MQB AWD / MQB EVO AWD except Sport Rear Diff (ie, not Golf 8R PP, RS3 8Y)"",""Engine & Ancilliaries"""
"Racingline,""30.03"",""VWR180003"",""Racingline Differential Magnetic Plug Set / MQB AWD / MQB EVO AWD"",""Engine & Ancilliaries"""
"Racingline,""38.22"",""VWR180004"",""Racingline True Lock Magnetic Sump Plug / Plastic Sump / EA888.3/3B 1.8 & 2.0 TSI"",""Engine & Ancilliaries"""
"Racingline,""5.25"",""VWR180005"",""Racingline True Lock Magnetic Sump Plug O-Ring / 5 x Seals Only "",""Engine & Ancilliaries"""
"Racingline,""17.05"",""VWR180006"",""Racingline Magnetic Sump Plug / Metal Sump / EA888.4 / EA855"",""Engine & Ancilliaries"""
"Racingline,""600.60"",""VWR18G700"",""Racingline Engine Oil Cooler Kit / Golf 7 GTI & R (Drop Down Mounting)"",""Engine & Ancilliaries"""
"Racingline,""47.78"",""VWR18G700-EUBRACKETS"",""Racingline Oil Cooler Accessory / Bracket Kit / EU Bracket kit only"",""Engine & Ancilliaries"""
"Racingline,""31.40"",""VWR18G700-SERV"",""Racingline Oil Cooler Accessory / Service Kit"",""Engine & Ancilliaries"""
"Racingline,""109.20"",""VWR190000"",""Racingline Billet Fuel Filler Cap  /  Screw Type Fitting"",""Details"""
"Racingline,""133.77"",""VWR190001"",""Racingline Billet Oil Filter Housing  / Audi B9 / S4/S5/SQ5 & RS4/RS5"",""Details"""
"Racingline,""81.90"",""VWR190002"",""Racingline Billet Oil Cap / 2.0 TSI EA888.4"",""Details"""
"Racingline,""135.14"",""VWR190003"",""Racingline Billet Oil Cap / Audi B9 / S4/S5/SQ5 & RS4/RS5"",""Details"""
"Racingline,""81.90"",""VWR190004"",""Racingline Billet Oil Cap / EA211 1.0 TSI / 1.2 TSI / 1.4 TSI"",""Details"""
"Racingline,""67.60"",""VWR190005"",""Racingline Billet Oil Dipstick / EA211 EVO / 1.5 TSI "",""Details"""
"Racingline,""98.39"",""VWR190006"",""Racingline Billet Oil Dipstick / EA855 / 2.5 TFSI / DAZA, DAZC, DNWA, DXHA"",""Details"""
"Racingline,""68.25"",""VWR19G701"",""Racingline Billet Oil Dipstick / EA888.3 / EA888.4 1.8 & 2.0 TSI"",""Details"""
"Racingline,""81.90"",""VWR19G702"",""Racingline Billet Oil Cap / EA888.3 1.8 & 2.0 TSI"",""Details"""
"Racingline,""95.55"",""VWR19G703"",""Racingline Billet Coolant Expansion Cap"",""Details"""
"Racingline,""81.90"",""VWR19G704"",""Racingline Billet Washer Fluid Cap"",""Details"""
"Racingline,""88.73"",""VWR19G706"",""Racingline Billet Oil Filter Housing / EA888 / .3 / .4 / 3B  1.8 & 2.0 TSI"",""Details"""
"Racingline,""81.90"",""VWR19G707"",""Racingline Billet Brake Fluid Cap"",""Details"""
"Racingline,""95.55"",""VWR19G708"",""Racingline Billet DSG Oil Filter Housing / DQ250 / 6-speed"",""Details"""
"Racingline,""102.38"",""VWR19G709"",""Racingline Billet DSG Oil Filter Housing / DQ381 & DQ500 / 7-speed"",""Details"""
"Racingline,""109.20"",""VWR19G711"",""Racingline Billet Fuel Filler Cap / Bayonet 'Twist & Turn' Fitting"",""Details"""
"Racingline,""187.49"",""VWR493000"",""Racingline Billet DSG Paddles Piano Black / Audi 8V A3 & S3 (non-Audi Sport steering wheel) / Leon III 5F"",""Details"""
"Racingline,""187.49"",""VWR493001"",""Racingline Billet DSG Paddles Titanium finish / Audi 8V A3 & S3 (non-Audi Sport steering wheel) / Leon III 5F"",""Details"""
"Racingline,""187.49"",""VWR494100"",""Racingline Billet S-Tronic Paddles Titanium finish / A4 & S4 & RS4(B9) / A5 & S5 & RS5 (B9) / A3,S3,RS3 (Audi Sport steering wheel) / TTRS 8S / R8"",""Details"""
"Racingline,""187.49"",""VWR494101"",""Racingline Billet S-Tronic Paddles Black / A4 & S4 & RS4 (B9) / A5 & S5 & RS5 (B9) / A3 & S3 & RS3 (Audi Sport steering wheel) / TTRS 8S / R8"",""Details"""
"Racingline,""187.49"",""VWR49G700"",""Racingline Billet DSG Gearshift Paddles Piano Black / Golf 7 / Polo 6R & 6C & AW"",""Details"""
"Racingline,""187.49"",""VWR49G701"",""Racingline Billet DSG Gearshift Paddles Titanium finish / Golf 7 / Polo 6R & 6C & AW"",""Details"""
"Racingline,""136.49"",""VWR700000"",""Racingline Manual Gear Knob / MQB / MQB EVO / 6MT"",""Details"""
"Racingline,""28.67"",""VWR810000"",""Racingline Rear Wiper Delete"",""Details"""
"Racingline,""80.54"",""VWR810002"",""Racingline Bonnet/Hood Gas Strut  /  Golf mk8 only"",""Details"""
"Racingline,""273.00"",""VWR810003"",""Racingline Carbon Fibre Rear Body Brace  /  MQB A0 / Polo AW & VW ID.3"",""Details"""
"Racingline,""204.75"",""VWR810004"",""Racingline Chassis Brace Support Centre / MQB FWD / MQB EVO FWD"",""Details"""
"Racingline,""177.45"",""VWR810005"",""Racingline Chassis Brace Support Rear / MQB / MQB EVO / MQB AO"",""Details"""
"Racingline,""286.65"",""VWR810006"",""Racingline Front Subframe Rear Chassis Brace  /  MQB / MQB EVO"",""Details"""
"Racingline,""57.33"",""VWR810009"",""Racingline Propshaft Bearing Alignment Kit  /  MQB / MQB EVO / Haldex AWD"",""Details"""
"Racingline,""455.91"",""VWR8130S3"",""Racingline Carbon Fibre Rear Body Brace  /  MQB /  Audi A3 & S3 & RS3 8V / Hatch & Sportback Only"",""Details"""
"Racingline,""455.91"",""VWR8130S3-SEDAN"",""Racingline Carbon Fibre Rear Body Brace  /  MQB / Audi A3 & S3 & RS3 8V / Sedan Only"",""Details"""
"Racingline,""443.63"",""VWR814100"",""Racingline Front Chassis Brace  / Audi B9 /  A4 & S4 & RS4 (B9) / A5 & S5 & RS5 (B9)"",""Details"""
"Racingline,""455.91"",""VWR81G700"",""Racingline Carbon Fibre Rear Body Brace  /  MQB / MQB EVO / Golf 7 / Leon 3 / Octavia 3 / Golf 8 / Leon 4 / Octavia 4"",""Details"""
"Racingline,""23.21"",""VWR81G7-HARDWARE"",""Racingline Carbon Fibre Rear Body Brace Hardware Kit  /  MQB / MQB EVO"",""Details"""
"Racingline,""10.24"",""VWR800000"",""Racingline Badge - R Line - Silver"",""Decals"""
"Racingline,""10.24"",""VWR800001"",""Racingline Badge - R Line - Black"",""Decals"""
"Racingline,""10.24"",""VWR800004"",""Racingline Badge - R Line - Copper"",""Decals"""
"Racingline,""10.24"",""VWR800002"",""Racingline Badge - OEM Plus Silver"",""Decals"""
"Racingline,""10.24"",""VWR800003"",""Racingline Badge - OEM Plus Black"",""Decals"""
"Racingline,""47.78"",""VWR800001-BLK"",""Racingline Door Decals Short / Black / Golf / Polo / Leon / A3 etc"",""Decals"""
"Racingline,""47.78"",""VWR800001-SVR"",""Racingline Door Decals Short / Silver / Golf / Polo / Leon / A3 etc"",""Decals"""
"Racingline,""50.51"",""VWR800002-BLK"",""Racingline Door Decals Long / Black / A4 / A5 / A6 / Passat / Arteon etc"",""Decals"""
"Racingline,""50.51"",""VWR800002-SVR"",""Racingline Door Decals Long / Silver / A4 / A5 / A6 / Passat / Arteon etc"",""Decals"""
"Racingline,""113.73"",""VWR150000"",""Racingline Subframe Alignment Kit / MQB / MQB EVO"",""Drivetrain"""
"Racingline,""341.24"",""VWR150001"",""Racingline Lower Engine Mount/Polo AW/ Audi A1 40 TFSI (GB)"",""Drivetrain"""
"Racingline,""292.11"",""VWR150002"",""Racingline Dogbone and Lower engine Mount / MQB / MQB EVO / ONLY FOR ALUMINIUM SUBFRAME"",""Drivetrain"""
"Racingline,""104.99"",""VWR150003"",""Racingline Lower Engine Mount Twin Dogbone Inserts / OE part: 5Q0 198 037 A / Version 1"",""Drivetrain"""
"Racingline,""104.99"",""VWR150004"",""Racingline Lower Engine Mount Twin Dogbone Inserts / OE part: 5Q0 198 037 F / Version 2"",""Drivetrain"""
"Racingline,""292.11"",""VWR15G501"",""Racingline Transmission-side Mount / A5-Platform / 2.0 TFSI EA113"",""Drivetrain"""
"Racingline,""292.11"",""VWR15G502"",""Racingline Engine-side Mount / A5-Platform / 2.0 TFSI EA113"",""Drivetrain"""
"Racingline,""217.04"",""VWR15G503"",""Racingline Lower Engine Mount / A5-Platform / 2.0 TFSI EA113"",""Drivetrain"""
"Racingline,""217.04"",""VWR15G503-RACE"",""Racingline Lower Engine Mount / A5-Platform / 2.0 TFSI EA113"",""Drivetrain"""
"Racingline,""436.80"",""VWR15G701"",""Racingline Transmission-side Mount / MQB / MQB EVO / 1.8 & 2.0 TSI"",""Drivetrain"""
"Racingline,""409.50"",""VWR15G702"",""Racingline Engine-side Mount / MQB / MQB EVO / 1.8 & 2.0 TSI"",""Drivetrain"""
"Racingline,""273.00"",""VWR15G703"",""Racingline Dogbone and Lower Engine Mount / MQB / 1.8 & 2.0 TSI EA888.3 / STEEL SUBFRAME"",""Drivetrain"""
"Racingline,""716.63"",""VWR29G7250"",""Racingline DSG Oil Cooler / MQB /  DQ250 6 Speed"",""Drivetrain"""
"Racingline,""749.39"",""VWR29DQ381"",""Racingline DSG Oil Cooler / MQB / MQB EVO /  DQ381 7 Speed"",""Drivetrain"""
"Racingline,""1500.14"",""VWR600007"",""Racingline Cup Edition' 18'' x 8.5"""" Wheel / ET45 / Gunmetal Grey /  Set of 4 Wheels"",""Alloy Wheels And Accessories"""
"Racingline,""412.53"",""VWR610007"",""Racingline Cup Edition' 18'' x 8.5"""" Wheel / ET45 / Gunmetal Grey /  Single Wheel"",""Alloy Wheels And Accessories"""
"Racingline,""1500.14"",""VWR600360BLK"",""Racingline R360 19"""" x 8.5"""" Wheel / ET44 / Set of 4 Wheels / Gloss Black"",""Alloy Wheels And Accessories"""
"Racingline,""1500.14"",""VWR600360GUN"",""Racingline R360 19"""" x 8.5"""" Wheel / ET44 / Set of 4 Wheels / Gunmetal Grey"",""Alloy Wheels And Accessories"""
"Racingline,""1500.14"",""VWR600360SVR"",""Racingline R360 19"""" x 8.5"""" Wheel / ET44 / Set of 4 Wheels / Bright Silver"",""Alloy Wheels And Accessories"""
"Racingline,""412.53"",""VWR610360BLK"",""Racingline R360 19"""" x 8.5"""" Wheel / ET44 / Single Wheel / Gloss Black"",""Alloy Wheels And Accessories"""
"Racingline,""412.53"",""VWR610360GUN"",""Racingline R360 19"""" x 8.5"""" Wheel / ET44 / Single Wheel / Gunmetal Grey"",""Alloy Wheels And Accessories"""
"Racingline,""412.53"",""VWR610360SVR"",""Racingline R360 19"""" x 8.5"""" Wheel / ET44 / Single Wheel / Bright Silver"",""Alloy Wheels And Accessories"""
"Racingline,""163.80"",""VWR630000"",""Racingline Stud and Nut 70mm Conversion Kit / Ball Seat Nuts - most OEM wheels / Full Car Set"",""Alloy Wheels And Accessories"""
"Racingline,""163.80"",""VWR630001"",""Racingline Stud and Nut 70mm Conversion Kit / Tapered Seat Nuts - most aftermarket wheels / Full Car Set"",""Alloy Wheels And Accessories"""
"Racingline,""163.80"",""VWR630002"",""Racingline Stud and Nut 80mm Conversion Kit  / Ball Seat Nuts - most OEM wheels / Full Car Set"",""Alloy Wheels And Accessories"""
"Racingline,""163.80"",""VWR630003"",""Racingline Stud and Nut 80mm Conversion Kit  / Tapered Seat Nuts - most aftermarket wheels / Full Car Set"",""Alloy Wheels And Accessories"""
"Racingline,""5.46"",""VWR630007"",""Racingline Wheel Nut / Individual / Ball Seat - most OEM wheels"",""Alloy Wheels And Accessories"""
"Racingline,""5.46"",""VWR630008"",""Racingline Wheel Nut / Individual / Tapered Seat - most aftermarket wheels"",""Alloy Wheels And Accessories"""
"Racingline,""2.73"",""VWR630009"",""Racingline Wheel Stud / Individual / 70mm length"",""Alloy Wheels And Accessories"""
"Racingline,""2.73"",""VWR630010"",""Racingline Wheel Stud / Individual / 80mm length"",""Alloy Wheels And Accessories"""
"Racingline,""22.50"",""VWR630100"",""Racingline Wheel Hanger Pin"",""Alloy Wheels And Accessories"""
"Racingline,""2.50"",""VWR630137"",""Racingline M14x1.5 37mm R13 Wheel Bolt Black "",""Alloy Wheels And Accessories"""
"Racingline,""2.50"",""VWR630139"",""Racingline M14x1.5 39mm R13 Wheel Bolt Black"",""Alloy Wheels And Accessories"""
"Racingline,""2.50"",""VWR630142"",""Racingline M14x1.5 42mm R13 Wheel Bolt Black "",""Alloy Wheels And Accessories"""
"Racingline,""2.50"",""VWR630147"",""Racingline M14x1.5 47mm R13 Wheel Bolt Black "",""Alloy Wheels And Accessories"""
"Racingline,""2.50"",""VWR630237"",""Racingline M14x1.5 37mm 60 Taper Wheel Bolt"",""Alloy Wheels And Accessories"""
"Racingline,""2.50"",""VWR630239"",""Racingline M14x1.5 39mm 60 Taper Wheel Bolt"",""Alloy Wheels And Accessories"""
"Racingline,""2.50"",""VWR630242"",""Racingline M14x1.5 42mm 60 Taper Wheel Bolt"",""Alloy Wheels And Accessories"""
"Racingline,""2.50"",""VWR630247"",""Racingline M14x1.5 47mm 60 Taper Wheel Bolt"",""Alloy Wheels And Accessories"""
"Racingline,""87.49"",""VWR640012"",""Racingline RL Spacers (Pair) 12.5mm OEM Bolts"",""Alloy Wheels And Accessories"""
"Racingline,""93.74"",""VWR640015"",""Racingline RL Spacers (Pair) 15mm OEM Bolts"",""Alloy Wheels And Accessories"""
"Racingline,""99.99"",""VWR640017"",""Racingline RL Spacers (Pair) 17.5mm OEM Bolts"",""Alloy Wheels And Accessories"""
"Racingline,""106.24"",""VWR640020"",""Racingline RL Spacers (Pair) 20mm OEM Bolts"",""Alloy Wheels And Accessories"""
"Racingline,""87.49"",""VWR640112"",""Racingline RL Spacers (Pair) 12.5mm Tapered Bolts"",""Alloy Wheels And Accessories"""
"Racingline,""93.74"",""VWR640115"",""Racingline RL Spacers (Pair) 15mm Tapered Bolts"",""Alloy Wheels And Accessories"""
"Racingline,""99.99"",""VWR640117"",""Racingline RL Spacers (Pair) 17.5mm Tapered Bolts"",""Alloy Wheels And Accessories"""
"Racingline,""106.24"",""VWR640120"",""Racingline RL Spacers (Pair) 20mm Tapered Bolts"",""Alloy Wheels And Accessories"""
"Racingline,""13.65"",""VWR699999"",""Racingline R360 Centre Cap / Single"",""Alloy Wheels And Accessories"""
"Racingline,""1125.00"",""VWR030000"",""Racingline OEM Plus Dealer Data Cable **please email p.wallace@racingline.com for more details**"",""Oem+ Software"""
"Racingline,""778.70"",""VWR030000-F3RSQ3"",""Racingline PCM Box / Audi F3 RSQ3 (DAZA)"",""Oem+ Software"""
"Racingline,""778.70"",""VWR030000-F3RSQ3OPF"",""Racingline PCM Box / Audi F3 RSQ3 OPF (DNWA)"",""Oem+ Software"""
"Racingline,""778.70"",""VWR030000-IS20"",""Racingline PCM Box / MQB EA888.3-IS20"",""Oem+ Software"""
"Racingline,""778.70"",""VWR030000-IS38"",""Racingline PCM Box / MQB EA888.3-IS38"",""Oem+ Software"""
"Racingline,""778.70"",""VWR030000-IS20-E"",""Racingline PCM Box / MBQ EVO / EA888-3 IS20"",""Oem+ Software"""
"Racingline,""778.70"",""VWR030000-IS38-E"",""Racingline PCM Box / MBQ EVO EA888-3 IS38"",""Oem+ Software"""
"Racingline,""778.70"",""VWR030001-GAR"",""Racingline PCM Box /  MQB EVO /  EA888.4 2.0 TSI GARRETT Turbo / 245PS models"",""Oem+ Software"""
"Racingline,""778.70"",""VWR030001-CONT"",""Racingline PCM Box /  MQB EVO /  EA888.4 2.0 TSI CONTINENTAL Turbo / 300-320PS models"",""Oem+ Software"""
"Racingline,""778.70"",""VWR030001-GAR-R"",""Racingline PCM Box / MQB EVO EA888-4 Garrett Turbo Rear battery"",""Oem+ Software"""
"Racingline,""778.70"",""VWR030001-CONT-R"",""Racingline PCM Box / MQB EVO Continental Rear Battery"",""Oem+ Software"""
"Racingline,""778.70"",""VWR030001-RS38YOPF"",""Racingline PCM Box / Audi 8Y RS3 / DNWC"",""Oem+ Software"""
"Racingline,""778.70"",""VWR030001-RS38Y"",""Racingline PCM Box / Audi 8Y RS3 / NAR / DXHA"",""Oem+ Software"""
"Racingline,""778.70"",""VWR030002-115E"",""Racingline PCM Box / MQB EVO / TDI EA288 115PS"",""Oem+ Software"""
"Racingline,""778.70"",""VWR030002-150E"",""Racingline PCM Box / MQB EVO / TDI EA288 150PS"",""Oem+ Software"""
"Racingline,""778.70"",""VWR030002-200E"",""Racingline PCM Box / MQB EVO / TDI EA288 200PS"",""Oem+ Software"""
"Racingline,""27.30"",""VWRA001S"",""Racingline Black T-shirt with White Box Logo / Small"",""Apparel"""
"Racingline,""27.30"",""VWRA001M"",""Racingline Black T-shirt with White Box Logo / Medium"",""Apparel"""
"Racingline,""27.30"",""VWRA001L"",""Racingline Black T-shirt with White Box Logo / Large"",""Apparel"""
"Racingline,""27.30"",""VWRA001XL"",""Racingline Black T-shirt with White Box Logo / XL"",""Apparel"""
"Racingline,""27.30"",""VWRA001XXL"",""Racingline Black T-shirt with White Box Logo / XXL"",""Apparel"""
"Racingline,""51.19"",""VWRA002S"",""Racingline Black Hoodie with Red Box Logo / Small"",""Apparel"""
"Racingline,""51.19"",""VWRA002M"",""Racingline Black Hoodie with Red Box Logo / Medium"",""Apparel"""
"Racingline,""51.19"",""VWRA002L"",""Racingline Black Hoodie with Red Box Logo / Large"",""Apparel"""
"Racingline,""51.19"",""VWRA002XL"",""Racingline Black Hoodie with Red Box Logo / XL"",""Apparel"""
"Racingline,""51.19"",""VWRA002XXL"",""Racingline Black Hoodie with Red Box Logo / XXL"",""Apparel"""
"Racingline,""51.19"",""VWRA003S"",""Racingline Grey Full-Zip Hoodie / Small"",""Apparel"""
"Racingline,""51.19"",""VWRA003M"",""Racingline Grey Full-Zip Hoodie / Medium"",""Apparel"""
"Racingline,""51.19"",""VWRA003L"",""Racingline Grey Full-Zip Hoodie / Large"",""Apparel"""
"Racingline,""51.19"",""VWRA003XL"",""Racingline Grey Full-Zip Hoodie / XL"",""Apparel"""
"Racingline,""51.19"",""VWRA003XXL"",""Racingline Grey Full-Zip Hoodie / XXL"",""Apparel"""
"Racingline,""51.19"",""VWRA004S"",""Racingline Black Hoodie with Acid Box Logo / Small"",""Apparel"""
"Racingline,""51.19"",""VWRA004M"",""Racingline Black Hoodie with Acid Box Logo / Medium"",""Apparel"""
"Racingline,""51.19"",""VWRA004L"",""Racingline Black Hoodie with Acid Box Logo / Large"",""Apparel"""
"Racingline,""51.19"",""VWRA004XL"",""Racingline Black Hoodie with Acid Box Logo / XL"",""Apparel"""
"Racingline,""51.19"",""VWRA004XXL"",""Racingline Black Hoodie with Acid Box Logo / XXL"",""Apparel"""
"Racingline,""8.19"",""VWRA10000"",""Racingline Wheel Nut Key Ring"",""Apparel"""
