Manufacturer;Supplier;Price;Purchase;%;VAT;Reference;Name;Meta title;Tags;Keywords;Rewrite;Category
Racingline;Racingline;7371;5909,33;9,83;7;VWR651002-ANO;Racingline Stage 3+ Carbon Ceramic Brake Kit 355mm 6 Pot / MQB / MQB EVO / ANO;Racingline Stage 3+ Carbon Ceramic Brake Kit 355mm 6 Pot / MQB / MQB EVO / ANO;Racingline,Stage,3+,Carbon,Ceramic,Brake,Kit,355mm,6,Pot,MQB,MQB,EVO,ANO,VWR651002-ANO;Racingline,Stage,3+,Carbon,Ceramic,Brake,Kit,355mm,6,Pot,MQB,MQB,EVO,ANO,VWR651002-ANO;Racingline-VWR651002-ANO;Big Brake Kits
Racingline;Racingline;7371;5909,33;9,83;7;VWR651002-BLK;Racingline Stage 3+ Carbon Ceramic Brake Kit 355mm 6 Pot / MQB / MQB EVO / BLACK;Racingline Stage 3+ Carbon Ceramic Brake Kit 355mm 6 Pot / MQB / MQB EVO / BLACK;Racingline,Stage,3+,Carbon,Ceramic,Brake,Kit,355mm,6,Pot,MQB,MQB,EVO,BLACK,VWR651002-BLK;Racingline,Stage,3+,Carbon,Ceramic,Brake,Kit,355mm,6,Pot,MQB,MQB,EVO,BLACK,VWR651002-BLK;Racingline-VWR651002-BLK;Big Brake Kits
Racingline;Racingline;7371;5909,33;9,83;7;VWR651002-BLU;Racingline Stage 3+ Carbon Ceramic Brake Kit 355mm 6 Pot / MQB / MQB EVO / BLUE;Racingline Stage 3+ Carbon Ceramic Brake Kit 355mm 6 Pot / MQB / MQB EVO / BLUE;Racingline,Stage,3+,Carbon,Ceramic,Brake,Kit,355mm,6,Pot,MQB,MQB,EVO,BLUE,VWR651002-BLU;Racingline,Stage,3+,Carbon,Ceramic,Brake,Kit,355mm,6,Pot,MQB,MQB,EVO,BLUE,VWR651002-BLU;Racingline-VWR651002-BLU;Big Brake Kits
Racingline;Racingline;7371;5909,33;9,83;7;VWR651002-RED;Racingline Stage 3+ Carbon Ceramic Brake Kit 355mm 6 Pot / MQB / MQB EVO / RED;Racingline Stage 3+ Carbon Ceramic Brake Kit 355mm 6 Pot / MQB / MQB EVO / RED;Racingline,Stage,3+,Carbon,Ceramic,Brake,Kit,355mm,6,Pot,MQB,MQB,EVO,RED,VWR651002-RED;Racingline,Stage,3+,Carbon,Ceramic,Brake,Kit,355mm,6,Pot,MQB,MQB,EVO,RED,VWR651002-RED;Racingline-VWR651002-RED;Big Brake Kits
Racingline;Racingline;7371;5909,33;9,83;7;VWR651002-YEL;Racingline Stage 3+ Carbon Ceramic Brake Kit 355mm 6 Pot / MQB / MQB EVO /;Racingline Stage 3+ Carbon Ceramic Brake Kit 355mm 6 Pot / MQB / MQB EVO /;Racingline,Stage,3+,Carbon,Ceramic,Brake,Kit,355mm,6,Pot,MQB,MQB,EVO,VWR651002-YEL;Racingline,Stage,3+,Carbon,Ceramic,Brake,Kit,355mm,6,Pot,MQB,MQB,EVO,VWR651002-YEL;Racingline-VWR651002-YEL;Big Brake Kits
Racingline;Racingline;442,26;265,36;30,00;7;VWR12G7R600;Racingline Please use VWR1200R600E;Racingline Please use VWR1200R600E;Racingline,Please,use,VWR1200R600E,VWR12G7R600;Racingline,Please,use,VWR1200R600E,VWR12G7R600;Racingline-VWR12G7R600;Intakes Systems 
Racingline;Racingline;623,75;376,68;29,61;7;VWR141001;Racingline Intercooler / Polo AW / EA888.3;Racingline Intercooler / Polo AW / EA888.3;Racingline,Intercooler,Polo,AW,EA888.3,VWR141001;Racingline,Intercooler,Polo,AW,EA888.3,VWR141001;Racingline-VWR141001;Turbo & Intercooler Parts
Racingline;Racingline;1041,25;626,52;29,83;7;VWR143000;Racingline Intercooler / MQB / 2.5 TSI EA855;Racingline Intercooler / MQB / 2.5 TSI EA855;Racingline,Intercooler,MQB,2.5,TSI,EA855,VWR143000;Racingline,Intercooler,MQB,2.5,TSI,EA855,VWR143000;Racingline-VWR143000;Turbo & Intercooler Parts
Racingline;Racingline;1365;0,00;0,00;7;VWR14G7IS38CORE;Racingline Turbocharger Core Unit / IS38 Surcharge cost for VWR14G7IS38COMP;Racingline Turbocharger Core Unit / IS38 Surcharge cost for VWR14G7IS38COMP;Racingline,Turbocharger,Core,Unit,IS38,Surcharge,cost,for,VWR14G7IS38COMP,VWR14G7IS38CORE;Racingline,Turbocharger,Core,Unit,IS38,Surcharge,cost,for,VWR14G7IS38COMP,VWR14G7IS38CORE;Racingline-VWR14G7IS38CORE;Turbo & Intercooler Parts
Racingline;Racingline;21,13;13,65;25,38;7;VWR130005;Racingline Oil Management Kit / MQB / EA888.3 1.8 & 2.0 TSI Golf 7.5 GTI PCV HOSE (Carbon Canister Bypass);Racingline Oil Management Kit / MQB / EA888.3 1.8 & 2.0 TSI Golf 7.5 GTI PCV HOSE (Carbon Canister Bypass);Racingline,Oil,Management,Kit,MQB,EA888.3,1.8,&,2.0,TSI,Golf,7.5,GTI,PCV,HOSE,(Carbon,Canister,Bypass),VWR130005;Racingline,Oil,Management,Kit,MQB,EA888.3,1.8,&,2.0,TSI,Golf,7.5,GTI,PCV,HOSE,(Carbon,Canister,Bypass),VWR130005;Racingline-VWR130005;Engine & Ancilliaries
Racingline;Racingline;1125;0,00;0,00;7;VWR030000;Racingline OEM Plus Dealer Data Cable **please email p.wallace@racingline.com for more details**;Racingline OEM Plus Dealer Data Cable **please email p.wallace@racingline.com for more details**;Racingline,OEM,Plus,Dealer,Data,Cable,**please,email,p.wallace@racingline.com,for,more,details**,VWR030000;Racingline,OEM,Plus,Dealer,Data,Cable,**please,email,p.wallace@racingline.com,for,more,details**,VWR030000;Racingline-VWR030000;Oem+ Software
