Manufacturer,Name,Price,EAN13,Reference
ARMASPEED,ARMASPEED BMW F87 M2/F22/F23 DOUBLE SIDED CARBON HOOD,2615,,1CCAR01F22--
ARMASPEED,ARMASPEED BMW G20 CARBON FRONT LIP,1400,,1CCBM21F24--
ARMASPEED,ARMASPEED BMW G20 CARBON REAR DIFFUSER,1500,,1CCBM05B24--
ARMASPEED,ARMASPEED BMW G20 CARBON SIDE SKIRT (2 PCS),1600,,1CCBM16G24-A
ARMASPEED,ARMASPEED BMW G20 CARBON BODY KIT WHOLE SET,4050,,1CCBM06F24-A
ARMASPEED,"ARMASPEED BMW E60 535I /
E61 535I / (N54B30) CARBON FIBER AIRBOX",985,,ARMABMW535-A
ARMASPEED,"ARMASPEED BMW E8X 135I /
E82 1M / (N54B30) CARBON FIBER AIRBOX",985,,ARMABM8235-A
ARMASPEED,"ARMASPEED BMW E9X 323I / 330I
E9X 325I / (N52) CARBON FIBER AIRBOX",924,,ARMABMWE9X-A
ARMASPEED,"ARMASPEED BMW E90 /
E91 /
E92 /  335I (N54B30) CARBON FIBER AIRBOX
E93 /",984,,ARMABMW335-A
ARMASPEED,ARMASPEED BMW F10 520I / 528I / (N20B20) CARBON FIBER AIRBOX,1320,,ARMABMW528-A
ARMASPEED,"ARMASPEED BMW F10 535I /
F12 640I / (N55B30) CARBON FIBER AIRBOX
F13 640I /",1375,,ARMAF10535-A
ARMASPEED,"ARMASPEED BMW F10 535I /
F12 640I / (N55B30) FORGED CARBON FIBER AIRBOX
F13 640I /",1716,,ARMAF10535-S
ARMASPEED,"ARMASPEED BMW F20 116I /
F20 118I / (N13B16) CARBON FIBER AIRBOX",1100,,ARMABMWF20-A
ARMASPEED,"ARMASPEED BMW F20 M135I / 
F22 M235I / ( N55) CARBON FIBER AIRBOX",1210,,ARMABMWF30-A
ARMASPEED,"ARMASPEED BMW F20 125I / 
F30 320I /
F30 328I / (N20B20) CARBON FIBER AIRBOX 
F32 420I /",1100,,ARMAF30328-A
ARMASPEED,"ARMASPEED BMW F20 M140I / 
F30 340I / (B58) CARBON FIBER AIRBOX",1210,,ARMABM3034-A
ARMASPEED,"ARMASPEED BMW F30 335I /
F32 435I / (N55B30) CARBON FIBER AIRBOX",1210,,ARMABMWF30-A
ARMASPEED,"ARMASPEED BMW F30 320I /
F30 330I / LCI (B48) CARBON FIBER AIRBOX",1100,,ARMABM3020-A
ARMASPEED,ARMASPEED BMW F45 225I (B48) CARBON FIBER AIRBOX,990,,ARMABMF225-A
ARMASPEED,ARMASPEED BMW F36 440I (B58) CARBON FIBER AIRBOX,1210,,ARMABM3034-A
ARMASPEED,ARMASPEED BMW E70 X5/E71 X6 35I (N55B30)/ CARBON FIBER AIRBOX,1425,,ARMABMWX6G-A
ARMASPEED,ARMASPEED BMW E92 M3 (S65B40) CARBON FIBER AIRBOX,1232,,ARMABM92M3-A
ARMASPEED,"ARMASPEED BMW F10 / M5 CARBON FIBER AIRBOX
F06 / 
F12 / M6 CARBON FIBER AIRBOX
F13 /",1854,,ARMABMF10M-A
ARMASPEED,"ARMASPEED BMW F80 M3 / 
F82 M4 / CARBON FIBER AIRBOX",2195,,ARMABM82M4-A
ARMASPEED,ARMASPEED BMW F87 M2 CARBON FIBER AIRBOX,1430,,ARMABM87M2-A
ARMASPEED,ARMASPEED BMW F90 M5 S63 CARBON FIBER INTAKE,1947,,CG85-02-0C26
ARMASPEED,ARMASPEED BMW G20 320I/330I B48 CARBON FIBER INTAKE (WHOLE SET),1208,,ARMABMG2033-A
ARMASPEED,ARMASPEED BMW G20 320I/330I FRONT INDUCTION + RIGHT UPPER COVER,578,,ARMABMG2033-3/4
ARMASPEED,ARMASPEED BMW G20/G21 M340 B58 CARBON FIBER INTAKE,1208,,ARMABM2134-A
ARMASPEED,ARMASPEED BMW G12 740 B58/ G30 540 B58/ G30 530/ 540 B48 CARBON FIBER INBOX (ALLOY BASE + CARBON FIBER COVER),935,,CG85-02-0022
ARMASPEED,ARMASPEED BMW G01/ G08 X3 G02 X4 20I/30I B48 XDRIVE CARBON FIBER INTAKE (ALLOY BASE + CARBON FIBER COVER),935,,ARMABMG0X4-A
ARMASPEED,ARMASPEED BMW F40 M135 B48 CARBON FIBER INTAKE (ALLOY BASE + CARBON FIBER COVER),1265,,ARMAMIM135-A
ARMASPEED,ARMASPEED BMW G06 X6 B58/XDRIVE40I/XDRIVE40I M SPORT CARBON FIBER INTAKE,1166,,ARMABMG0X6-A
ARMASPEED,ARMASPEED BMW G8X M 3/4 S58 CARBON FIBER COLD AIR INTAKE (CARBON FIBER TUBE+CARBON FIBER LID+ALUMINUM BASE),1580,,ARMABG82M4-A-3/4
ARMASPEED,ARMASPEED BMW G8X M 3/4 S58 COLD AIR INTAKE ONLY (CARBON FIBER TUBE + ALUMINUM BASE),980,,ARMABG82M4-A
ARMASPEED,ARMASPEED BMW G8X M 3/4 CARBON FIBER COVER,700,,ARMABG82M4-3/4
ARMASPEED,ARMASPEED BMW G8X M 3/4 CARBON FIBER RADIATOR COOLING SLAM PANEL COVER,340,,ARMABG82M4-5
ARMASPEED,ARMASPEED BMW F80 / F82 M3 M4 ENGINE COVER - CARBON FIBER,525,,ARMAB08F20--
ARMASPEED,ARMASPEED BMW F80 / F82 M3 M4 ENGINE COVER - FORGED CARBON FIBER,656,,ARMAB08F201-
ARMASPEED,ARMASPEED BMW F80 M3 / F82 M4 STREERING WHEEL COVER- CARBON BLACK MATT/GLOSS,189,,"1CCBM32G20--
1CCBM32G203-"
ARMASPEED,ARMASPEED BMW F80 M3 / F82 M4 STREERING WHEEL COVER-FORGED CARBON GLOSS BLACK/RED,189,,"1CCBM32G201-
1CCBM32G202-"
ARMASPEED,ARMASPEED BMW F80 M3 / F82 M4 STREERING WHEEL COVER -FORGED CARBON MATT BLACK/RED,189,,"1CCBM32G204-
1CCBM32G205-"
ARMASPEED,ARMASPEED BMW F20 / F30 GEAR SHIFT KNOB CARBON COVER-DRY CARBON BLACK MATT/GLOSS,74,,"1CCBM32G19-1
1CCBM32G19C1"
ARMASPEED,ARMASPEED BMW F20 / F30 GEAR SHIFT KNOB CARBON COVER -FORGED CARBON- GLOSS BLACK/RED,74,,"1CCBM32G19C1
1CCBM32G19R1"
ARMASPEED,ARMASPEED BMW F20 / F30 GEAR SHIFT KNOB CARBON COVER -FORGED CARBON-MATT BLACK/RED,74,,"1CCBM32G19C2
1CCBM32G19R2"
ARMASPEED,ARMASPEED BMW G20 DRY CARBON SIDE MIRROR,147,,1CCBM15F24-A
ARMASPEED,ARMASPEED BMW G20 FORGED CARBON SIDE MIRROR-SMC RED,147,,1CCBM15F241-A
ARMASPEED,ARMASPEED BMW G20 FORGED CARBON SIDE MIRROR-SMC BLACK,147,,1CCBM15F242-A
ARMASPEED,ARMASPEED BMW G20 FORGED CARBON STRUT BAR + TITANIUM COATING SCREW,418,,1CCBM52F24-A
ARMASPEED,ARMASPEED BMW G20 FORGED CARBON STRUT BAR + CARBON RADIATOR COOLING PLATE + TITANIUM COATING SCREW,847,,1CCBM52F24-C
ARMASPEED,ARMASPEED BMW G20 FORGED CARBON STRUT BAR + FORGED CARBON RADIATOR COOLING PLATE + TITANIUM COATING SCREW,975,,1CCBM52F24-S
ARMASPEED,ARMASPEED BMW G82 M4 CARBON FIBER ENGINE HOOD TRIM,490,,AR-54F-026-A
ARMASPEED,ARMASPEED MERCEDES W177 A250 CARBON FRONT LIP (3 PCS),800,,1CCBZ21F17--A
ARMASPEED,ARMASPEED MERCEDES W177 A250 CARBON REAR DIFFUSER,950,,1CCBZ05B17--
ARMASPEED,ARMASPEED MERCEDES W177 A250 CARBON SIDE SKIRT (2 PCS),950,,1CCBZ16G17-L /R
ARMASPEED,ARMASPEED MERCEDES W177 A250 CARBON SPOILER,420,,1CCBZ10B17--
ARMASPEED,ARMASPEED MERCEDES W177 A250 DOUBLE SIDED CARBON HOOD,2490,,1CCBZ01F17--
ARMASPEED,"ARMASPEED MERCEDES W176 A250 / 
C117 CLA250 / CARBON FIBER AIRBOX",891,,ARMABZA250G-A
ARMASPEED,"ARMASPEED MERCEDES W176 A45 / 
C117 CLA45 / CARBON FIBER AIRBOX",1205,,ARMABZA450G-A
ARMASPEED,"ARMASPEED MERCEDES W204 C180 /
W204 C200 / (M271-DE18ML) CARBON FIBER AIRBOX 
W204 C250 / (70-76/76-76/76-72/74-76/ MM ALUMINUM TUBE)",440,,ARMABZC180-A
ARMASPEED,ARMASPEED MERCEDES W205 C250 M274 CARBON FIBER AIRBOX (64/67MM DIAMETER TUBE),715,,ARMABZC250-A
ARMASPEED,"ARMASPEED MERCEDES W212 E200 / 
W212 E250 / (M271-DE18ML) CARBON FIBER AIRBOX
C207 E250 /",440,,ARMABZC180-A
ARMASPEED,ARMASPEED MERCEDES W212 E250 (M274 DE) CARBON FIBER AIRBOX,880,,ARMABZE250-A
ARMASPEED,ARMASPEED MERCEDES W213 E200 CARBON FIBER AIRBOX,715,,ARMABZC250-A
ARMASPEED,"ARMASPEED MERCEDES R172 SLK 200 /
R172 SLK 250 / (M271-DE18ML) CARBON FIBER AIRBOX",440,,ARMABZC180-A
ARMASPEED,ARMASPEED MERCEDES W218 CLS63 CARBON FIBER AIRBOX,2860,,ARMABZCL63-A
ARMASPEED,ARMASPEED MERCEDES W463 G63 (M157) CARBON FIBER AIRBOX,2090,,ARMABZCL63-C
ARMASPEED,ARMASPEED MERCEDES W464 G63 (M177) CARBON FIBER AIRBOX,2860,,ARMAW17763-A
ARMASPEED,ARMASPEED MERCEDES C190_AMG_GT_M178 CARBON FIBER AIRBOX,3520,,ARMABZAMGT-A
ARMASPEED,ARMASPEED MERCEDES W177 A250 A35 /CLA 250 CLA35 C118/ GLB35 X247 (M260) CARBON FIBER INTAKE (ALUMINUM BASE + CARBON FIBER COVER),1078,,ARMABZA250S-A
ARMASPEED,ARMASPEED MERCEDES W205/W213 C300 (M264) CARBON FIBER INTAKE,748,,ARMABZM264-A
ARMASPEED,ARMASPEED MERCEDES W213 E53 (M256) CARBON FIBER INTAKE,2090,,ARMABZE53S-A
ARMASPEED,ARMASPEED MERCEDES C257 CLS 53 CARBON FIBER INTAKE,2090,,ARMACLSE53-A
ARMASPEED,ARMASPEED MERCEDES BENZ X290 GT 53 (M256) CARBON FIBER COLD AIR INTAKE,2090,,ARMABZGT53-A
ARMASPEED,ARMASPEED MERCEDES W166 GLE63 (M157) COUPE CARBON FIBER INTAKE,2860,,ARMABZGL63-A
ARMASPEED,ARMASPEED MERCEDES BENZ W213 E63/ GT63S CARBON FIBER COLD AIR INTAKE,2860,,ARMAW2E63S-A
ARMASPEED,ARMASPEED MERCEDES BENZ BENZ W222 S63 CARBON FIBER COLD AIR INTAKE,2860,,ARMABZS63S-A
ARMASPEED,ARMASPEED MERCEDES BENZ W177 A45S / CLA45S C118 CARBON COLD AIR INTAKE,715,,ARMABZA450S-A
ARMASPEED,ARMASPEED MERCEDES BENZ W177 A45S / CLA45S C118 FORGED CARBON COLD AIR INTAKE,858,,ARMABZA450S-S
ARMASPEED,ARMASPEED MERCEDES BENZ W167 GLE 53 / C167 (M256) CARBON FIBER COLD AIR INTAKE,2090,,ARMABZGL53-A
ARMASPEED,ARMASPEED MERCEDES BENZ W206 C300 (M254) CARBON FIBER COLD AIR INTAKE BLACK/RED,970,,ARMABZ0630-R
ARMASPEED,ARMASPEED MERCEDES W205 C63S CARBON FIBER AIRBOX,1995,,ARMABZC63S-A
ARMASPEED,"ARMASPEED MERCEDES W205 C63S CARBON FIBER AIRBOX RACE VERSION 
(WITH RUBBER FRAME)",1480,,ARMABZC63S-B
ARMASPEED,ARMASPEED MERCEDES W206 C43 (M139) CARBON FIBER COLD AIR INTAKE,890,,ARMABZ0643-A
ARMASPEED,ARMASPEED MERCEDES W206 C43 (M139) CARBON FIBER RADIATOR COOLING SLAM PANEL COVER,300,,ARMABZ0643-2
ARMASPEED,ARMASPEED MERCEDES BENZ W213 STEERING WHEEL COVER- DRY CARBON BLACK GLOSS/MATT,189,,"1CCBZ32G15--
1CCBZ32G15-1"
ARMASPEED,ARMASPEED MERCEDES BENZ W213 SIDE MIRROR COVER- DRY CARBON BLACK GLOSS/MATT,126,,"1CCBZ15F15-LR
1CCBZ15F151LR"
ARMASPEED,ARMASPEED MERCEDES BENZ W213 SIDE MIRROR COVER- FORGED CARBON BLACK GLOSS/ RED GLOSS,126,,"1CCBZ15F152LR
1CCBZ15F154LR"
ARMASPEED,ARMASPEED MERCEDES BENZ W213 SIDE MIRROR COVER- FORGED CARBON BLACK MATT/ RED MATT,126,,"1CCBZ15F153LR
1CCBZ15F155LR"
ARMASPEED,ARMASPEED PORSCHE ARMA CARBON FRONT LIP (3 PIECE),1800,,1CCPS21F07-A
ARMASPEED,ARMASPEED PORSCHE ARMA CARBON REAR DIFFUSER (1 PIECE),1600,,1CCPS05B07--
ARMASPEED,ARMASPEED PORSCHE ARMA CARBON SIDE SKIRT (4 PIECE),1500,,1CCPS16G07-A
ARMASPEED,ARMASPEED PORSCHE ARMA CARBON REAR DIFFUSER EXTENSION (2 PIECE),700,,1CCPS05B071L/R
ARMASPEED,ARMASPEED PORSCHE GEAR SHIFT COVER,72,,5CCPS32G07--
ARMASPEED,ARMASPEED PORSCHE CARBON 3RD BRAKE LIGHT DECO,215,,1CCPS30B07--
ARMASPEED,ARMASPEED PORSCHE DOOR SILL COVER,260,,1CCPS29F07-L /R
ARMASPEED,ARMASPEED PORSCHE TAYCAN CARBON FIBER FRONT LIP,1280,,1CCPS05B08--
ARMASPEED,ARMASPEED PORSCHE TAYCAN CARBON FIBER REAR DIFFUSER,1700,,"1CCPS05B081R/L
1CCPS05B08--"
ARMASPEED,ARMASPEED PORSCHE TAYCAN CARBON FIBER CENTER REAR DIFFUSER,900,,1CCPS05B08--
ARMASPEED,ARMASPEED PORSCHE TAYCAN CARBON FIBER REAR SPLITER (L/R),900,,1CCPS05B081R/L
ARMASPEED,ARMASPEED PORSCHE TAYCAN CARBON FIBER SIDE SKIRT,1000,,1CCPS16G08-A
ARMASPEED,ARMASPEED PORSCHE TAYCAN CARBON FIBER SPOILER,930,,1CCPS10B08--
ARMASPEED,ARMASPEED PORSCHE TAYCAN CARBON FIBER FRONT LIP + REAR DIFFUSER (CENTER/ LEFT/ RIGHT) + SIDE SKIRT,3582,,1CCPS10B08--
ARMASPEED,ARMASPEED PORSCHE TAYCAN CARBON FIBER FRONT LIP + REAR DIFFUSER (CENTER/ LEFT/ RIGHT) + SIDE SKIRT + SPOILER,4173.5,,1CCPS10B08--
ARMASPEED,ARMASPEED PORSCHE PANAMERA 3.6 V6 (NA) CARBON FIBER AIRBOX,1672,,ARMAPANA36-A
ARMASPEED,ARMASPEED PORSCHE PANAMERA 4.8 V8 CARBON FIBER AIRBOX,1672,,ARMAPSPANA-A
ARMASPEED,ARMASPEED PORSCHE MACAN 2.0 T CARBON FIBER AIRBOX,1155,,ARMAMACA20-A
ARMASPEED,ARMASPEED PORSCHE MACAN 3.0 T / 3.6T CARBON FIBER AIRBOX,1536,,ARMAMACA30-A
ARMASPEED,ARMASPEED PORSCHE 997.2 GT3 CARBON FIBER AIRBOX,2200,,ARMAPORS997-A
ARMASPEED,ARMASPEED PORSCHE 991 GT3 CARBON FIBER AIRBOX,2200,,ARMAPORS991-A
ARMASPEED,ARMASPEED PORSCHE 991 GT3 RS CARBON FIBER AIRBOX,2200,,ARMAPS991RS-A
ARMASPEED,"ARMASPEED PORSCHE CAYENNE / CAYENNE COUPLE 
CAYENNE / CAYENNE
COUPLE E-HYBRID 
CAYENNE / CAYENNE COUPLE ï¼³ E3 CARBON FIBER INTAKE",1342,,ARMACAYEE3-A
ARMASPEED,ARMASPEED PORSCHE 718 / MACAN STEERING WHEEL,525,,1CCPS32G071-
ARMASPEED,ARMASPEED PORSCHE 718 BOXSTER CARBON INTERIOR DASH KITS (4 PCS),483,,1CCPS32G07-A
ARMASPEED,ARMASPEED TOYOTA GR YARIS CARBON FRONT LIP (3 PCS),1080,,1CCTY21F09-A
ARMASPEED,ARMASPEED TOYOTA GR YARIS CARBON REAR DIFFUSER (3 PCS),1080,,1CCTY05B09-A
ARMASPEED,ARMASPEED TOYOTA GR YARIS CARBON SIDE SKIRT (2 PCS),850,,1CCTY16G09-A
ARMASPEED,ARMASPEED TOYOTA A90 SUPRA CARBON FIBER FRONT SPLITTERS (L/R),900,,1CCTY13F10-R/L
ARMASPEED,ARMASPEED TOYOTA A90 SUPRA CARBON FIBER SIDE SKIRTS (2PCS),670,,1CCTY16G10-R/L
ARMASPEED,ARMASPEED TOYOTA A90 SUPRA CARBON FIBER CENTER DIFFUSERS (L/R),760,,1CCTY05B10-R/L
ARMASPEED,ARMASPEED TOYOTA A90 SUPRA CARBON FIBER DIFFUSERS SPLITTERS (L/R),690,,1CCTY13B10-R/L
ARMASPEED,ARMASPEED TOYOTA A90 SUPRA CARBON FIBER DIFFUSERS CENTER (L/R) + SPLITTERS (L/R),1370,,1CCTY13B10-
ARMASPEED,ARMASPEED TOYOTA A90 SUPRA CARBON FIBER SPOILER,540,,1CCTY10B10--
ARMASPEED,"ARMASPEED TOYOTA A90 SUPRA CARBON FIBER BODY KIT
(FRONT SPLITTERS + SIDE SKIRTS + REAR DIFFUSER + REAR SPLITTERS)",2870,,1CCTY13B10-
ARMASPEED,"ARMASPEED TOYOTA A90 SUPRA CARBON FIBER BODY KIT
(FRONT SPLITTERS + SIDE SKIRTS + REAR DIFFUSER + REAR SPLITTERS+SPOILER)",3380,,1CCTY13B10-
ARMASPEED,ARMASPEED TOYOTA FT-86 CARBON FIBER AIR BOX,935,,ARMATYFT86-A
ARMASPEED,"ARMASPEED TOYOTA YARIS GR / GR COROLLA 
CARBON FIBER COLD AIR INTAKE",780,,ARMATYYAGR-A
ARMASPEED,ARMASPEED TOYOTA GR86 CARBON FIBER COLD AIR INTAKE- BLACK/RED,680,,ARMASBGR86-R
ARMASPEED,ARMASPEED TOYOTA GR86 CARBON FIBER COLD AIR INTAKE- BLACK,580,,ARMASBGR86-A
ARMASPEED,ARMASPEED TOYOTA SUPRA A90 FORGED CARBON FIBER STRUT BAR + TITANIUM COATING SCREW,418,,1CCTY52F01-A
ARMASPEED,ARMASPEED TOYOTA SUPRA A90 STANDARD ROCK GUARDS (ABS),57,,SP-TY55G01-A
ARMASPEED,ARMASPEED TOYOTA SURPA A90 REAR CANARD - CARBON FIBER,420,,1CCTY39B09-A
ARMASPEED,ARMASPEED TOYOTA SURPA A90 WINDBLOCK SIDE MIRROR KIT- ABS CARBON FIBER LOOK,48,,SB-TY40F09-A
ARMASPEED,ARMASPEED TOYOTA SURPA A90 WINDBLOCK SIDE MIRROR KIT- CARBON FIBER,150,,1CCTY40F09-A
ARMASPEED,ARMASPEED TOYOTA ALTIS 1.8 CARBON AIR INTAKE,418,,ARMATYALTI-A
ARMASPEED,ARMASPEED AUDI A3 8P 1.8T CARBON FIBER AIRBOX,803,,ARMAGOLF6G-A
ARMASPEED,"ARMASPEED AUDI A3 8V 1.8 / 
S3 8V 2.0 / CARBON FIBER AIRBOX",1089,,ARMAADA318-A
ARMASPEED,ARMASPEED AUDI A4 B8 2.0T CARBON FIBER AIRBOX,765,,ARMAADA4B8-A
ARMASPEED,ARMASPEED AUDI A4 B8.5 2.0T CARBON FIBER AIRBOX,765,,ARMAAA4B85-A
ARMASPEED,ARMASPEED AUDI A5 B8 2.0T CARBON FIBER AIRBOX,765,,ARMAAUDIA5-A
ARMASPEED,ARMASPEED AUDI A5 B8.5 2.0T CARBON FIBER AIRBOX,765,,ARMAAA5B85-A
ARMASPEED,ARMASPEED AUDI A4 B9 2.0T CARBON FIBER AIRBOX,1100,,ARMAADA4B9-A
ARMASPEED,ARMASPEED AUDI A4 B9 2.0T CARBON FIBER AIRBOX WITH MAF SENSOR,1100,,ARMAADA4B9-B
ARMASPEED,ARMASPEED AUDI S4 B8 / B8.5 CARBON FIBER AIRBOX,1188,,ARMAAUDIS4-A
ARMASPEED,ARMASPEED AUDI S5 B8 / B8.5 CARBON FIBER AIRBOX,1188,,ARMAAUDIS5-A
ARMASPEED,ARMASPEED AUDI TT 8S 45 TFSI CARBON FIBER AIRBOX,1089,,ARMAAUDITT-A
ARMASPEED,ARMASPEED AUDI S6 C7 4.0T CARBON FIBER AIRBOX,1320,,ARMAAUDIS6-B
ARMASPEED,ARMASPEED AUDI A7 C7 3.0T CARBON FIBER AIRBOX,1260,,ARMAAUDIA7-A
ARMASPEED,ARMASPEED AUDI RS3 8V CARBON FIBER AIRBOX,1375,,ARMAAD0RS3-A
ARMASPEED,ARMASPEED AUDI RS3 8V 2.5T CARBON FIBER AIRBOX,1375,,ARMAAD08VA-A
ARMASPEED,ARMASPEED AUDI RS5 CARBON FIBER AIRBOX (WHOLE SET),1540,,ARMAAD0RS5-A
ARMASPEED,ARMASPEED AUDI RS5 CARBONS FRONT SLAM PANEL ( FACELIFT ONLY),660,,ARMAAD0RS5-7
ARMASPEED,ARMASPEED AUDI RS6 C7 4.0T CARBON FIBER AIRBOX,1540,,ARMAAD0RS6-A
ARMASPEED,ARMASPEED AUDI S4/RS4/S5/RS5 B9 CARBON FIBER AIRBOX,1210,,ARMAADS5B9-A
ARMASPEED,ARMASPEED AUDI S4/RS4/S5/RS5 B9.5 CARBON FIBER AIRBOX,1210,,ARMAAD0RS4-A
ARMASPEED,ARMASPEED AUDI RS6 C8 CARBON FIBER COLD AIR COVER (WITHOUT AIR FILTER),1150,,ARMAADR6C8-A
ARMASPEED,ARMASPEED AUDI S5/RS5 B9 DRY CARBON ECU COVER,176,,ARMAAD0RS4-1
ARMASPEED,ARMASPEED FERRARI 458 CARBON FIBER COLD AIR INTAKE,4950,,ARMAFER458-A
ARMASPEED,ARMASPEED FERRARI 488 CARBON FIBER COLD AIR INTAKE,4950,,ARMAFER488-A
ARMASPEED,ARMASPEED FORD KUGA 250 CARBON FIBER COLD AIR INTAKE,737,,ARMAFDKU25-A
ARMASPEED,"ARMASPEED FORD MK4, MK4 ST, KUGA CARBON FIBER INDUCT",385,,1CCFD06F01-A
ARMASPEED,ARMASPEED FORD FOCUS MK4 CARBON FIBER ENGINE COVER,330,,1CCFD08F01--
ARMASPEED,ARMASPEED FORD MUSTANG 2.3L CARBON AIR INTAKE,638,,ARMAFDMSTG-A
ARMASPEED,ARMASPEED FORD MUSTANG 5.0L CARBON AIR INTAKE,638,,ARMAMSTG50-A
ARMASPEED,ARMASPEED FORD FIESTA 1.0T CARBON AIR INTAKE,418,,ARMAFDFI10-A
ARMASPEED,ARMASPEED FORD FIESTA 1.6 ST CARBON AIR INTAKE,418,,ARMAFDFIST-A
ARMASPEED,ARMASPEED FORD FOCUS MK3 2.0,418,,ARMAFDMK20-A
ARMASPEED,ARMASPEED HONDA CIVIC TYPE R (FK2) CARBON FIBER AIRBOX,1210,,ARMAHDATYR-A
ARMASPEED,ARMASPEED HONDA CIVIC TYPE R (FK8) CARBON FIBER AIRBOX,1210,,ARMATYPFK8-A
ARMASPEED,ARMASPEED HONDA CRV (INTAKE COVER+ INTAKE + OEM FILTER),770,,ARMAHDCR15-A
ARMASPEED,ARMASPEED HONDA S660 CARBON AIR INTAKE,418,,ARMAHDS660-A
ARMASPEED,ARMASPEED HONDA FIT GK5 1.5 CARBON AIR INTAKE,418,,ARMAHDAFIT-A
ARMASPEED,"ARMASPEED INFINITI Q30 1.6T /
Q30 2.0T / CARBON FIBER AIRBOX",891,,ARMABZA250G-A
ARMASPEED,ARMASPEED INFINITI Q50 2.0T CARBON FIBER AIRBOX,880,,ARMAINFQ50-A
ARMASPEED,ARMASPEED LEXUS IS200T (XE30) CARBON FIBER AIRBOX,990,,ARMAIS200T-A
ARMASPEED,ARMASPEED LEXUS NX200T CARBON FIBER AIRBOX,935,,ARMANX200T-A
ARMASPEED,ARMASPEED LEXUS NX200T CARBON FIBER BATTERY COVER,165,,ARMANX200T-3
ARMASPEED,ARMASPEED MASERATI GHIBLI SQ4 CARBON FIBER AIRBOX,1540,,ARMAMAGIQ4-A
ARMASPEED,ARMASPEED MINI R55 / R56 / R57 / R58 / R59 / R60 / R61 S (N18) CARBON FIBER AIRBOX,737,,ARMAMINR60-A
ARMASPEED,ARMASPEED MINI F55 / F56 COOPER / COOPER S / COOPER JCW CARBON FIBER AIRBOX - ROUND MAF TUBE,990,,ARMAMINF56-A
ARMASPEED,ARMASPEED MINI F55 / F56 COOPER / COOPER S / COOPER JCW CARBON FIBER AIRBOX - SQUARE MAF TUBE,990,,ARMAMINF56-A
ARMASPEED,ARMASPEED NISSAN Z CARBON FIBER COLD AIR INTAKE,780,,ARMANS400Z-L/R
ARMASPEED,ARMASPEED SKODA SCALA 1.0T CARBON FIBER INTAKE (ALUMINUM BASE+CARBON FIBER COVER),550,,ARMASKSC10-A
ARMASPEED,ARMASPEED SKODA SCALA 1.5T CARBON FIBER INTAKE (ALUMINUM BASE+CARBON FIBER COVER),550,,ARMASKSC15-A
ARMASPEED,ARMASPEED SUBARU BRZ ZN8-FA24 CARBON FIBER COLD AIR INTAKE BLACK/RED,680,,ARMASBGR86-R
ARMASPEED,ARMASPEED SUBARU BRZ ZN8-FA24 CARBON FIBER COLD AIR INTAKE BLACK,580,,ARMASBGR86-A
ARMASPEED,"ARMASPEED VOLKSWAGEN GOLF 6 1.4 / 
SIROCCO 1.4 / TWIN-TURBO CARBON FIBER AIRBOX",803,,ARMAGOLF6G-B
ARMASPEED,"ARMASPEED VOLKSWAGEN GOLF 6 R / 
SCIROCCO R / CARBON FIBER AIRBOX",930,,ARMAGOLF6R-A
ARMASPEED,ARMASPEED VOLKSWAGEN GOLF 7 1.2 /1.4/ SKODA OCTAVIA 1.4 CARBON FIBER AIRBOX,858,,ARMAGOLF71-A
ARMASPEED,ARMASPEED VOLKSWAGEN GOLF 7 GTI / GOLF 7 R / SEAT LEON CUPRA / PASSAT380/SKODA OCTAVIA 5E 2.0 (EA888) CARBON FIBER AIRBOX,1089,,ARMAGOLF7G-A
ARMASPEED,ARMASPEED VOLKSWAGEN TIGUAN (1ST GEN) 1.4 CARBON FIBER AIRBOX,803,,ARMAVWTG14-A
ARMASPEED,ARMASPEED VOLKSWAGEN TIGUAN (1ST GEN) 2.0 CARBON FIBER AIRBOX,803,,ARMAVWTG20-A
ARMASPEED,ARMASPEED VOLKSWAGEN VW TIGUAN 330 CARBON FIBER AIRBOX/INDUCT/ENGINE COVER/OEM AIR FILTER,935,,ARMAVWTG30-A
ARMASPEED,ARMASPEED VOLKSWAGEN VW GOLF 8 GTI CARBON FIBER COLD AIR INTAKE (INTAKE + FRONT INDUCTION),780,,ARMAGOLF8G-B
ARMASPEED,ARMASPEED VOLKSWAGEN VW GOLF 8 GTI CARBON FIBER COLD AIR INTAKE W/O FRONT INDUCTION,490,,ARMAGOLF8G-A
ARMASPEED,ARMASPEED VOLKSWAGEN VW GOLF 8 GTI CARBON FIBER COLD AIR INTAKE W/O FRONT INDUCTION (BLACK),400,,ARMAGOLF8G-C
ARMASPEED,ARMASPEED VOLKSWAGEN VW GOLF 8 GTI CARBON FIBER ENGINE COVER,460,,1CCVW08F04--
ARMASPEED,ARMASPEED VOLKSWAGEN VW GOLF 8 GTI CARBON FIBER ENGINE COVER - RED,560,,1CCVW08F04-R
ARMASPEED,ARMASPEED VOLKSWAGEN VW GOLF 8 GTI TURBO INLET,116,,CS-AR60021-A
ARMASPEED,"ARMASPEED VOLKSWAGEN GOLF MK7 1.2 / 1.4 / GTI / R
SKODA OCTAVIA / RS / COMBI
SKODA SUPERB
AUDI A3 / S3
VW NEW TIGUAN(MK2) CARBON FIBER BATTERY BOX",242,,1CCVW08F02--
ARMASPEED,ARMASPEED VOLKSWAGEN GOLF MK7 1.2 / 1.4 / GTI / R /SKODA OCTAVIA / RS /COMBI/SKODA SUPERB /AUDI A3 / S3/ VW NEW TIGUAN(MK2) FORGED CARBON FIBER BATTERY BOX,266,,1CCVW08F02-C
ARMASPEED,ARMASPEED VOLKSWAGEN VW TIQUAN MK2.5 CARBON FIBER COVER BATTERY COVER,370,,1CCVW08F03--
ARMASPEED,ARMASPEED VOLKSWAGEN VW GOLF 8 GTI CARBON FIBER BATTERY COVER,230,,1CCVW08F041-
ARMASPEED,ARMASPEED MADZA MAZDA MX5 ND 1.5 CARBON AIR INTAKE,638,,ARMAMZDMX5-A
ARMASPEED,ARMASPEED MADZA MAZDA MX5 ND 2.0 CARBON AIR INTAKE,638,,ARMAMZDMX5-C
ARMASPEED,ARMASPEED SUZUKI JIMNY 1.5 CARBON AIR INTAKE (ALUMINUM BASE + CARBON FIBER COVER,440,,ARMASZJI15-A
