Manufacturer;Supplier;Price;Purchase;%;VAT;Reference;Name;Category;Meta title;Tags;Keywords;Rewrite
Scorpion;Audi;2021,33;1010,665;35;7;SAU083CF;Audi RS3 Saloon 8V (GPF and Non- GPF ) OEM / Scorpion Resonated cat/gpf-back system with valves  Ascari EVO  PD( 80mm/3.15)  TD( 170mm x 107mm);Home;Audi RS3 Saloon 8V (GPF and Non- GPF ) OEM /Scorpion Resonated cat/gpf-back system with valves Ascari EVO 80mm/3.15 170mm x 107mm;Scorpion,SAU083CF,Audi,RS3 Saloon 8V (GPF and Non- GPF ), OEM / Scorpion, Resonated cat/gpf-back system with valves, Ascari EVO, 80mm/3.15, 170mm x 107mm;Scorpion,SAU083CF,Audi,RS3,Saloon,8V,(GPF,and,Non-,GPF,),,OEM,/,Scorpion,Resonated,cat/gpf-back,system,with,valves,,Ascari,EVO,,80mm/3.15,,170mm,x,107mm;Scorpion-SAU083CF
Scorpion;Audi;1928,72;964,36;35;7;SAUS083CF;Audi RS3 Saloon 8V (GPF and Non-GPF ) OEM / Scorpion Non-resonated cat/gpf-back system with valves  Ascari EVO  PD( 80mm/3.15)  TD( 170mm x 107mm);Home;Audi RS3 Saloon 8V (GPF and Non-GPF ) OEM /Scorpion Non-resonated cat/gpf-back system with valves Ascari EVO 80mm/3.15 170mm x 107mm;Scorpion,SAUS083CF,Audi,RS3 Saloon 8V (GPF and Non-GPF ), OEM / Scorpion, Non-resonated cat/gpf-back system with valves, Ascari EVO, 80mm/3.15, 170mm x 107mm;Scorpion,SAUS083CF,Audi,RS3,Saloon,8V,(GPF,and,Non-GPF,),,OEM,/,Scorpion,Non-resonated,cat/gpf-back,system,with,valves,,Ascari,EVO,,80mm/3.15,,170mm,x,107mm;Scorpion-SAUS083CF
Scorpion;Audi;1466,72;733,36;35;7;SAUS084CF;Audi RS3 Saloon 8V (GPF and Non-GPF ) OEM / Scorpion Non-resonated cat/gpf-back system without valves  Ascari EVO  PD( 80mm/3.15)  TD( 170mm x 107mm);Home;Audi RS3 Saloon 8V (GPF and Non-GPF ) OEM / Scorpion Non-resonated cat/gpf-back system without valves Ascari EVO 80mm/3.15 170mm x 107mm;Scorpion,SAUS084CF,Audi,RS3 Saloon 8V (GPF and Non-GPF ), OEM / Scorpion, Non-resonated cat/gpf-back system without valves, Ascari EVO, 80mm/3.15, 170mm x 107mm;Scorpion,SAUS084CF,Audi,RS3,Saloon,8V,(GPF,and,Non-GPF,),,OEM,/,Scorpion,Non-resonated,cat/gpf-back,system,without,valves,,Ascari,EVO,,80mm/3.15,,170mm,x,107mm;Scorpion-SAUS084CF
Scorpion;Audi;1559,33;779,665;35;7;SAU084CF;Audi RS3 Saloon 8V (GPF and Non-GPF ) OEM / Scorpion Resonated cat/gpf-back system without valves  Ascari EVO  PD( 80mm/3.15)  TD( 170mm x 107mm);Home;Audi RS3 Saloon 8V (GPF and Non-GPF ) OEM / Scorpion Resonated cat/gpf-back system without valves Ascari EVO 80mm/3.15 170mm x 107mm;Scorpion,SAU084CF,Audi,RS3 Saloon 8V (GPF and Non-GPF ), OEM / Scorpion, Resonated cat/gpf-back system without valves, Ascari EVO, 80mm/3.15, 170mm x 107mm;Scorpion,SAU084CF,Audi,RS3,Saloon,8V,(GPF,and,Non-GPF,),,OEM,/,Scorpion,Resonated,cat/gpf-back,system,without,valves,,Ascari,EVO,,80mm/3.15,,170mm,x,107mm;Scorpion-SAU084CF
Scorpion;Audi;829,5;414,75;35;7;SAUC112;Audi RSQ3 (F3) OEM / Scorpion De-cat downpipe (Removes GPF)   PD( 100mm/4) ;Home;Audi RSQ3 (F3) OEM / Scorpion De-cat downpipe (Removes GPF) 100mm/4;Scorpion,SAUC112,Audi,RSQ3 (F3), OEM / Scorpion, De-cat downpipe (Removes GPF),, 100mm/4,;Scorpion,SAUC112,Audi,RSQ3,(F3),,OEM,/,Scorpion,De-cat,downpipe,(Removes,GPF),,,100mm/4,;Scorpion-SAUC112
Scorpion;Audi;1207,5;603,75;35;7;SAUX112;Audi RSQ3 (F3) OEM / Scorpion Downpipe with sports catalyst (Removes GPF)   PD( 100mm/4) ;Home;Audi RSQ3 (F3) OEM / Scorpion Downpipe with sports catalyst (Removes GPF) 100mm/4;Scorpion,SAUX112,Audi,RSQ3 (F3), OEM / Scorpion, Downpipe with sports catalyst (Removes GPF),, 100mm/4,;Scorpion,SAUX112,Audi,RSQ3,(F3),,OEM,/,Scorpion,Downpipe,with,sports,catalyst,(Removes,GPF),,,100mm/4,;Scorpion-SAUX112
Scorpion;Audi;1567,3;783,65;35;7;SAUS112;Audi RSQ3 (F3) OEM / Scorpion Non-res gpf-back system with valves  OE Fitment  PD( 80mm/3.15) ;Home;Audi RSQ3 (F3) OEM / Scorpion Non-res gpf-back system with valves OE Fitment 80mm/3.15;Scorpion,SAUS112,Audi,RSQ3 (F3), OEM / Scorpion, Non-res gpf-back system with valves, OE Fitment, 80mm/3.15,;Scorpion,SAUS112,Audi,RSQ3,(F3),,OEM,/,Scorpion,Non-res,gpf-back,system,with,valves,,OE,Fitment,,80mm/3.15,;Scorpion-SAUS112
Scorpion;Audi;1044,1;522,05;35;7;SAUS113;Audi RSQ3 (F3) OEM / Scorpion Non-res gpf-back system without valves  OE Fitment  PD( 80mm/3.15) ;Home;Audi RSQ3 (F3) OEM / Scorpion Non-res gpf-back system without valves OE Fitment 80mm/3.15;Scorpion,SAUS113,Audi,RSQ3 (F3), OEM / Scorpion, Non-res gpf-back system without valves, OE Fitment, 80mm/3.15,;Scorpion,SAUS113,Audi,RSQ3,(F3),,OEM,/,Scorpion,Non-res,gpf-back,system,without,valves,,OE,Fitment,,80mm/3.15,;Scorpion-SAUS113
Scorpion;Audi;408,45;204,225;35;7;SAUP106;Audi S4 3.0 TFSI V6 Quattro & Avant B8/B8.5 OEM / Scorpion Original centre silencer delete with x-pipe   PD( 63.5mm/2.5) ;Home;Audi S4 3.0 TFSI V6 Quattro & Avant B8/B8.5 OEM / Scorpion Original centre silencer delete with x-pipe 63.5mm/2.5;Scorpion,SAUP106,Audi,S4 3.0 TFSI V6 Quattro & Avant B8/B8.5, OEM / Scorpion, Original centre silencer delete with x-pipe,, 63.5mm/2.5,;Scorpion,SAUP106,Audi,S4,3.0,TFSI,V6,Quattro,&,Avant,B8/B8.5,,OEM,/,Scorpion,Original,centre,silencer,delete,with,x-pipe,,,63.5mm/2.5,;Scorpion-SAUP106
Scorpion;BMW;1209,24;604,62;35;7;SBMS094;BMW 340i F30/F31 15-18 & 440i F32/F33/F36 16-18 Including xDrive OEM / Scorpion Non-resonated cat-back system  Daytona  PD( 80mm/3.15)  TD( 90mm);Home;BMW 340i F30/F31 15-18 & 440i F32/F33/F36 16-18 Including xDrive OEM / Scorpion Non-resonated cat-back system Daytona 80mm/3.15 90mm;Scorpion,SBMS094,BMW,340i F30/F31 15-18 & 440i F32/F33/F36 16-18 Including xDrive, OEM / Scorpion, Non-resonated cat-back system, Daytona, 80mm/3.15, 90mm;Scorpion,SBMS094,BMW,340i,F30/F31,15-18,&,440i,F32/F33/F36,16-18,Including,xDrive,,OEM,/,Scorpion,Non-resonated,cat-back,system,,Daytona,,80mm/3.15,,90mm;Scorpion-SBMS094
Scorpion;BMW;1267,56;633,78;35;7;SBMS094C;BMW 340i F30/F31 15-18 & 440i F32/F33/F36 16-18 Including xDrive OEM / Scorpion Non-resonated cat-back system  Daytona  PD( 80mm/3.15)  TD( 90mm);Home;BMW 340i F30/F31 15-18 & 440i F32/F33/F36 16-18 Including xDrive OEM / Scorpion Non-resonated cat-back system Daytona 80mm/3.15 90mm;Scorpion,SBMS094C,BMW,340i F30/F31 15-18 & 440i F32/F33/F36 16-18 Including xDrive, OEM / Scorpion, Non-resonated cat-back system, Daytona, 80mm/3.15, 90mm;Scorpion,SBMS094C,BMW,340i,F30/F31,15-18,&,440i,F32/F33/F36,16-18,Including,xDrive,,OEM,/,Scorpion,Non-resonated,cat-back,system,,Daytona,,80mm/3.15,,90mm;Scorpion-SBMS094C
Scorpion;BMW;1365,36;682,68;35;7;SBMS094CF;BMW 340i F30/F31 15-18 & 440i F32/F33/F36 16-18 Including xDrive OEM / Scorpion Non-resonated cat-back system  Ascari  PD( 80mm/3.15)  TD( 90mm);Home;BMW 340i F30/F31 15-18 & 440i F32/F33/F36 16-18 Including xDrive OEM / Scorpion Non-resonated cat-back system Ascari 80mm/3.15 90mm;Scorpion,SBMS094CF,BMW,340i F30/F31 15-18 & 440i F32/F33/F36 16-18 Including xDrive, OEM / Scorpion, Non-resonated cat-back system, Ascari, 80mm/3.15, 90mm;Scorpion,SBMS094CF,BMW,340i,F30/F31,15-18,&,440i,F32/F33/F36,16-18,Including,xDrive,,OEM,/,Scorpion,Non-resonated,cat-back,system,,Ascari,,80mm/3.15,,90mm;Scorpion-SBMS094CF
Scorpion;BMW;321,21;160,605;35;7;SBMP094;BMW 340i F30/F31 15-18 & 440i F32/F33/F36 16-18 Including xDrive OEM Only Resonator Delete   PD( 80mm/3.15) ;Home;BMW 340i F30/F31 15-18 & 440i F32/F33/F36 16-18 Including xDrive OEM Only Resonator Delete 80mm/3.15;Scorpion,SBMP094,BMW,340i F30/F31 15-18 & 440i F32/F33/F36 16-18 Including xDrive, OEM Only, Resonator Delete,, 80mm/3.15,;Scorpion,SBMP094,BMW,340i,F30/F31,15-18,&,440i,F32/F33/F36,16-18,Including,xDrive,,OEM,Only,Resonator,Delete,,,80mm/3.15,;Scorpion-SBMP094
Scorpion;BMW;537,18;268,59;35;7;SBM010S;BMW E36 325/328  OEM / Scorpion Cat-back System  STW (twin)  PD( 50.8mm/2)  TD( 76mm);Home;BMW E36 325/328  OEM / Scorpion Cat-back System STW (twin) 50.8mm/2 76mm;Scorpion,SBM010S,BMW,E36 325/328 , OEM / Scorpion, Cat-back System, STW (twin), 50.8mm/2, 76mm;Scorpion,SBM010S,BMW,E36,325/328,,,OEM,/,Scorpion,Cat-back,System,,STW,(twin),,50.8mm/2,,76mm;Scorpion-SBM010S
Scorpion;BMW;403,78;201,89;35;7;SBMP076;BMW M140i F20, F21 / M240i F22 including XDrive  OEM Only OEM Resonator delete   PD( 80mm/3.15) ;Home;BMW M140i F20, F21 / M240i F22 including XDrive  OEM Only OEM Resonator delete 80mm/3.15;Scorpion,SBMP076,BMW,M140i F20, F21 / M240i F22 including XDrive , OEM Only, OEM Resonator delete,, 80mm/3.15,;Scorpion,SBMP076,BMW,M140i,F20,,F21,/,M240i,F22,including,XDrive,,,OEM,Only,OEM,Resonator,delete,,,80mm/3.15,;Scorpion-SBMP076
Scorpion;Honda;287,6;143,8;35;7;SHDC017;Honda Civic Type R FL5 OEM / Scorpion De-cat downpipe   PD( 89.9mm/3.5) ;Home;Honda Civic Type R FL5 OEM / Scorpion De-cat downpipe 89.9mm/3.5;Scorpion,SHDC017,Honda,Civic Type R FL5, OEM / Scorpion, De-cat downpipe,, 89.9mm/3.5,;Scorpion,SHDC017,Honda,Civic,Type,R,FL5,,OEM,/,Scorpion,De-cat,downpipe,,,89.9mm/3.5,;Scorpion-SHDC017
Scorpion;Honda;576,35;288,175;35;7;SHDX017;Honda Civic Type R FL5 OEM / Scorpion Downpipe with a high flow sports catalyst   PD( 89.9mm/3.5) ;Home;Honda Civic Type R FL5 OEM / Scorpion Downpipe with a high flow sports catalyst 89.9mm/3.5;Scorpion,SHDX017,Honda,Civic Type R FL5, OEM / Scorpion, Downpipe with a high flow sports catalyst,, 89.9mm/3.5,;Scorpion,SHDX017,Honda,Civic,Type,R,FL5,,OEM,/,Scorpion,Downpipe,with,a,high,flow,sports,catalyst,,,89.9mm/3.5,;Scorpion-SHDX017
Scorpion;Mini;831,38;415,69;35;7;SMN028;Mini Clubman F54 Cooper S 19-On OEM / Scorpion GPF-Back System  Daytona  PD( 70mm/2.75)  TD( 114mm);Home;Mini Clubman F54 Cooper S 19-On OEM / Scorpion GPF-Back System Daytona 70mm/2.75 114mm;Scorpion,SMN028,Mini,Clubman F54 Cooper S 19-On, OEM / Scorpion, GPF-Back System, Daytona, 70mm/2.75, 114mm;Scorpion,SMN028,Mini,Clubman,F54,Cooper,S,19-On,,OEM,/,Scorpion,GPF-Back,System,,Daytona,,70mm/2.75,,114mm;Scorpion-SMN028
Scorpion;Mini;987,86;493,93;35;7;SMN028C;Mini Clubman F54 Cooper S 19-On OEM / Scorpion GPF-Back System  Daytona  PD( 70mm/2.75)  TD( 114mm);Home;Mini Clubman F54 Cooper S 19-On OEM / Scorpion GPF-Back System Daytona 70mm/2.75 114mm;Scorpion,SMN028C,Mini,Clubman F54 Cooper S 19-On, OEM / Scorpion, GPF-Back System, Daytona, 70mm/2.75, 114mm;Scorpion,SMN028C,Mini,Clubman,F54,Cooper,S,19-On,,OEM,/,Scorpion,GPF-Back,System,,Daytona,,70mm/2.75,,114mm;Scorpion-SMN028C
Scorpion;Mini;957,38;478,69;35;7;SMN028CF;Mini Clubman F54 Cooper S 19-On OEM / Scorpion GPF-Back System  Ascari  PD( 70mm/2.75)  TD( 114mm);Home;Mini Clubman F54 Cooper S 19-On OEM / Scorpion GPF-Back System Ascari 70mm/2.75 114mm;Scorpion,SMN028CF,Mini,Clubman F54 Cooper S 19-On, OEM / Scorpion, GPF-Back System, Ascari, 70mm/2.75, 114mm;Scorpion,SMN028CF,Mini,Clubman,F54,Cooper,S,19-On,,OEM,/,Scorpion,GPF-Back,System,,Ascari,,70mm/2.75,,114mm;Scorpion-SMN028CF
Scorpion;Mini;201,6;100,8;35;7;SMNP026;Mini Countryman R60/Paceman R61 Cooper S All4 OEM Only Front Flex Replacement for OE System   PD( 63.5mm/2.5) ;Home;Mini Countryman R60/Paceman R61 Cooper S All4 OEM Only Front Flex Replacement for OE System 63.5mm/2.5;Scorpion,SMNP026,Mini,Countryman R60/Paceman R61 Cooper S All4, OEM Only, Front Flex Replacement for OE System,, 63.5mm/2.5,;Scorpion,SMNP026,Mini,Countryman,R60/Paceman,R61,Cooper,S,All4,,OEM,Only,Front,Flex,Replacement,for,OE,System,,,63.5mm/2.5,;Scorpion-SMNP026
Scorpion;Mini;1084,79;542,395;35;7;SMN026;Mini Countryman R60/Paceman R61 Cooper S All4 OEM Only Non-resonated cat-back system   Daytona  PD( 63.5mm/2.5)  TD( 100mm);Home;Mini Countryman R60/Paceman R61 Cooper S All4 OEM Only Non-resonated cat-back system  Daytona 63.5mm/2.5 100mm;Scorpion,SMN026,Mini,Countryman R60/Paceman R61 Cooper S All4, OEM Only, Non-resonated cat-back system , Daytona, 63.5mm/2.5, 100mm;Scorpion,SMN026,Mini,Countryman,R60/Paceman,R61,Cooper,S,All4,,OEM,Only,Non-resonated,cat-back,system,,,Daytona,,63.5mm/2.5,,100mm;Scorpion-SMN026
Scorpion;Mini;1132,35;566,175;35;7;SMN026C;Mini Countryman R60/Paceman R61 Cooper S All4 OEM Only Non-resonated cat-back system   Daytona  PD( 63.5mm/2.5)  TD( 100mm);Home;Mini Countryman R60/Paceman R61 Cooper S All4 OEM Only Non-resonated cat-back system  Daytona 63.5mm/2.5 100mm;Scorpion,SMN026C,Mini,Countryman R60/Paceman R61 Cooper S All4, OEM Only, Non-resonated cat-back system , Daytona, 63.5mm/2.5, 100mm;Scorpion,SMN026C,Mini,Countryman,R60/Paceman,R61,Cooper,S,All4,,OEM,Only,Non-resonated,cat-back,system,,,Daytona,,63.5mm/2.5,,100mm;Scorpion-SMN026C
Scorpion;Mini;1217,57;608,785;35;7;SMN026CF;Mini Countryman R60/Paceman R61 Cooper S All4 OEM Only Non-resonated cat-back system   Ascari  PD( 63.5mm/2.5)  TD( 100mm);Home;Mini Countryman R60/Paceman R61 Cooper S All4 OEM Only Non-resonated cat-back system  Ascari 63.5mm/2.5 100mm;Scorpion,SMN026CF,Mini,Countryman R60/Paceman R61 Cooper S All4, OEM Only, Non-resonated cat-back system , Ascari, 63.5mm/2.5, 100mm;Scorpion,SMN026CF,Mini,Countryman,R60/Paceman,R61,Cooper,S,All4,,OEM,Only,Non-resonated,cat-back,system,,,Ascari,,63.5mm/2.5,,100mm;Scorpion-SMN026CF
