Manufacturer;Supplier;Price;Purchase;%;VAT;Reference;Name;EAN13;Category;Meta title;Tags;Keywords;Rewrite;Size
Eventuri;Eventuri;609;365,4;25;7;EVE-S1-CF-INT;Audi S1 2.0 TFSI Black Carbon intake;;Home;Audi S1 2.0 TFSI Black Carbon intake;Eventuri,EVE-S1-CF-INT,Audi S1 2.0 TFSI Black Carbon intake;Eventuri,EVE-S1-CF-INT,Audi S1 2.0 TFSI Black Carbon intake;Eventuri-EVE-S1-CF-INT;38x38x30
Eventuri;Eventuri;1333;799,8;25;7;EVE-8YS3-CF-INT;Audi S3 8Y 2020+, TTS 2022+ Carbon Intake;;Home;Audi S3 8Y 2020+, TTS 2022+ Carbon Intake;Eventuri,EVE-8YS3-CF-INT,Audi S3 8Y 2020+, TTS 2022+ Carbon Intake;Eventuri,EVE-8YS3-CF-INT,Audi S3 8Y 2020+, TTS 2022+ Carbon Intake;Eventuri-EVE-8YS3-CF-INT;92x31x40
Eventuri;Eventuri;885;531;25;7;EVE-2TFSI-CF-INT;Audi S3 8V 2.0 TFSI Full Black Carbon intake;;Home;Audi S3 8V 2.0 TFSI Full Black Carbon intake;Eventuri,EVE-2TFSI-CF-INT,Audi S3 8V 2.0 TFSI Full Black Carbon intake;Eventuri,EVE-2TFSI-CF-INT,Audi S3 8V 2.0 TFSI Full Black Carbon intake;Eventuri-EVE-2TFSI-CF-INT;38x38x38
Eventuri;Eventuri;1647;988,2;25;7;EVE-8VRS3-CF-LHD-INT;Audi 8V RS3 LHD Full Black Carbon intake Gen 1;;Home;Audi 8V RS3 LHD Full Black Carbon intake Gen 1;Eventuri,EVE-8VRS3-CF-LHD-INT,Audi 8V RS3 LHD Full Black Carbon intake Gen 1;Eventuri,EVE-8VRS3-CF-LHD-INT,Audi 8V RS3 LHD Full Black Carbon intake Gen 1;Eventuri-EVE-8VRS3-CF-LHD-INT;92x31x40
Eventuri;Eventuri;1647;988,2;25;7;EVE-8VRS3-CF-RHD-INT;Audi 8V RS3 RHD Full Black Carbon intake Gen 1;;Home;Audi 8V RS3 RHD Full Black Carbon intake Gen 1;Eventuri,EVE-8VRS3-CF-RHD-INT,Audi 8V RS3 RHD Full Black Carbon intake Gen 1;Eventuri,EVE-8VRS3-CF-RHD-INT,Audi 8V RS3 RHD Full Black Carbon intake Gen 1;Eventuri-EVE-8VRS3-CF-RHD-INT;92x31x40
Eventuri;Eventuri;1714;1028,4;25;7;EVE-ST38V8S-CF-INT;Audi RS3 Gen 2 / TTRS 8S intake for DAZA and DWNA Engines;;Home;Audi RS3 Gen 2 / TTRS 8S intake for DAZA and DWNA Engines;Eventuri,EVE-ST38V8S-CF-INT,Audi RS3 Gen 2 / TTRS 8S intake for DAZA and DWNA Engines;Eventuri,EVE-ST38V8S-CF-INT,Audi RS3 Gen 2 / TTRS 8S intake for DAZA and DWNA Engines;Eventuri-EVE-ST38V8S-CF-INT;92x31x40
Eventuri;Eventuri;400.0;240;25;7;EVE-RSQ3-DCT;Audi RS3 Gen 2 Duct for APR Throttle Body;;Home;Audi RS3 Gen 2 Duct for APR Throttle Body;Eventuri,EVE-RSQ3-DCT,Audi RS3 Gen 2 Duct for APR Throttle Body;Eventuri,EVE-RSQ3-DCT,Audi RS3 Gen 2 Duct for APR Throttle Body;Eventuri-EVE-RSQ3-DCT;92x31x40
Eventuri;Eventuri;781;468,6;25;7;EVE-ST38V8S-CF-HDP;Audi RS3 Carbon Headlamp Race Ducts for Stage 3 intake;;Home;Audi RS3 Carbon Headlamp Race Ducts for Stage 3 intake;Eventuri,EVE-ST38V8S-CF-HDP,Audi RS3 Carbon Headlamp Race Ducts for Stage 3 intake;Eventuri,EVE-ST38V8S-CF-HDP,Audi RS3 Carbon Headlamp Race Ducts for Stage 3 intake;Eventuri-EVE-ST38V8S-CF-HDP;71x38x35
Eventuri;Eventuri;1714;1028,4;25;7;EVE-ST38Y-CF-INT;Audi RS3 8Y 2020+ Carbon Intake;;Home;Audi RS3 8Y 2020+ Carbon Intake;Eventuri,EVE-ST38Y-CF-INT,Audi RS3 8Y 2020+ Carbon Intake;Eventuri,EVE-ST38Y-CF-INT,Audi RS3 8Y 2020+ Carbon Intake;Eventuri-EVE-ST38Y-CF-INT;92x31x40
Eventuri;Eventuri;571;342,6;25;7;EVE-TRB8V8S-LHD-NIL ;Audi RS3 / TTRS Gen 2 8V 8Y LHD Carbon turbo inlet with NO FLANGE;;Home;Audi RS3 / TTRS Gen 2 8V 8Y LHD Carbon turbo inlet with NO FLANGE;Eventuri,EVE-TRB8V8S-LHD-NIL ,Audi RS3 / TTRS Gen 2 8V 8Y LHD Carbon turbo inlet with NO FLANGE;Eventuri,EVE-TRB8V8S-LHD-NIL ,Audi RS3 / TTRS Gen 2 8V 8Y LHD Carbon turbo inlet with NO FLANGE;Eventuri-EVE-TRB8V8S-LHD-NIL;42x30x13
Eventuri;Eventuri;571;342,6;25;7;EVE-TRB8V8S-RHD-NIL ;Audi RS3 / TTRS Gen 2 8V 8Y RHD Carbon turbo inlet with NO FLANGE;;Home;Audi RS3 / TTRS Gen 2 8V 8Y RHD Carbon turbo inlet with NO FLANGE;Eventuri,EVE-TRB8V8S-RHD-NIL ,Audi RS3 / TTRS Gen 2 8V 8Y RHD Carbon turbo inlet with NO FLANGE;Eventuri,EVE-TRB8V8S-RHD-NIL ,Audi RS3 / TTRS Gen 2 8V 8Y RHD Carbon turbo inlet with NO FLANGE;Eventuri-EVE-TRB8V8S-RHD-NIL;42x30x13
Eventuri;Eventuri;47;28,2;25;7;EVE-TRB8V8S-FLG-STK;Stock Turbo Flange for RS3/TTRS Carbon Turbo Inlet;;Home;Stock Turbo Flange for RS3/TTRS Carbon Turbo Inlet;Eventuri,EVE-TRB8V8S-FLG-STK,Stock Turbo Flange for RS3/TTRS Carbon Turbo Inlet;Eventuri,EVE-TRB8V8S-FLG-STK,Stock Turbo Flange for RS3/TTRS Carbon Turbo Inlet;Eventuri-EVE-TRB8V8S-FLG-STK;10x10x10
Eventuri;Eventuri;47;28,2;25;7;EVE-TRB8V8S-FLG-TTE;TTE700/625 Turbo Flange for RS3/TTRS Carbon Turbo Inlet;;Home;TTE700/625 Turbo Flange for RS3/TTRS Carbon Turbo Inlet;Eventuri,EVE-TRB8V8S-FLG-TTE,TTE700/625 Turbo Flange for RS3/TTRS Carbon Turbo Inlet;Eventuri,EVE-TRB8V8S-FLG-TTE,TTE700/625 Turbo Flange for RS3/TTRS Carbon Turbo Inlet;Eventuri-EVE-TRB8V8S-FLG-TTE;10x10x10
Eventuri;Eventuri;47;28,2;25;7;EVE-TRB8V8S-FLG-SRM;SRM GTX Turbo Flange for RS3/TTRS Carbon Turbo Inlet;;Home;SRM GTX Turbo Flange for RS3/TTRS Carbon Turbo Inlet;Eventuri,EVE-TRB8V8S-FLG-SRM,SRM GTX Turbo Flange for RS3/TTRS Carbon Turbo Inlet;Eventuri,EVE-TRB8V8S-FLG-SRM,SRM GTX Turbo Flange for RS3/TTRS Carbon Turbo Inlet;Eventuri-EVE-TRB8V8S-FLG-SRM;10x10x10
Eventuri;Eventuri;571;342,6;25;7;EVE-ST38V8S-CF-ENG;Audi RS3 Gen 2 / TTRS 8S Black and Red Engine Cover;;Home;Audi RS3 Gen 2 / TTRS 8S Black and Red Engine Cover;Eventuri,EVE-ST38V8S-CF-ENG,Audi RS3 Gen 2 / TTRS 8S Black and Red Engine Cover;Eventuri,EVE-ST38V8S-CF-ENG,Audi RS3 Gen 2 / TTRS 8S Black and Red Engine Cover;Eventuri-EVE-ST38V8S-CF-ENG;68x38x15
Eventuri;Eventuri;1714;1028,4;25;7;EVE-RSQ3-CF-INT;Audi RSQ3 F3 2019+ Carbon Intake;;Home;Audi RSQ3 F3 2019+ Carbon Intake;Eventuri,EVE-RSQ3-CF-INT,Audi RSQ3 F3 2019+ Carbon Intake;Eventuri,EVE-RSQ3-CF-INT,Audi RSQ3 F3 2019+ Carbon Intake;Eventuri-EVE-RSQ3-CF-INT;92x31x40
Eventuri;Eventuri;71;42,6;25;7;EVE-RSQ3-DWNA;Audi RSQ3 DWNA Adapter set;;Home;Audi RSQ3 DWNA Adapter set;Eventuri,EVE-RSQ3-DWNA,Audi RSQ3 DWNA Adapter set;Eventuri,EVE-RSQ3-DWNA,Audi RSQ3 DWNA Adapter set;Eventuri-EVE-RSQ3-DWNA;27x17x12
Eventuri;Eventuri;2425;1455;25;7;EVE-RS5-INT;Audi B8 RS5/RS4 Black Carbon intake;;Home;Audi B8 RS5/RS4 Black Carbon intake;Eventuri,EVE-RS5-INT,Audi B8 RS5/RS4 Black Carbon intake;Eventuri,EVE-RS5-INT,Audi B8 RS5/RS4 Black Carbon intake;Eventuri-EVE-RS5-INT;92x22x40
Eventuri;Eventuri;809;485,4;25;7;EVE-RS4-CF-SLM;Audi B8 RS4 Black Carbon Slam Panel Cover;;Home;Audi B8 RS4 Black Carbon Slam Panel Cover;Eventuri,EVE-RS4-CF-SLM,Audi B8 RS4 Black Carbon Slam Panel Cover;Eventuri,EVE-RS4-CF-SLM,Audi B8 RS4 Black Carbon Slam Panel Cover;Eventuri-EVE-RS4-CF-SLM;121x30x12
Eventuri;Eventuri;809;485,4;25;7;EVE-RS5-CF-SLM;Audi B8 RS5 Black Carbon Facelift Slam Panel Cover;;Home;Audi B8 RS5 Black Carbon Facelift Slam Panel Cover;Eventuri,EVE-RS5-CF-SLM,Audi B8 RS5 Black Carbon Facelift Slam Panel Cover;Eventuri,EVE-RS5-CF-SLM,Audi B8 RS5 Black Carbon Facelift Slam Panel Cover;Eventuri-EVE-RS5-CF-SLM;121x30x12
Eventuri;Eventuri;762;457,2;25;7;EVE-RS5-CF-ENG;Audi B8 RS5/RS4 Black Carbon Engine Cover;;Home;Audi B8 RS5/RS4 Black Carbon Engine Cover;Eventuri,EVE-RS5-CF-ENG,Audi B8 RS5/RS4 Black Carbon Engine Cover;Eventuri,EVE-RS5-CF-ENG,Audi B8 RS5/RS4 Black Carbon Engine Cover;Eventuri-EVE-RS5-CF-ENG;68x38x15
Eventuri;Eventuri;1380;828;25;7;EVE-B9S5-CF-INT;Audi B9 S5/S4 Black Carbon intake;;Home;Audi B9 S5/S4 Black Carbon intake;Eventuri,EVE-B9S5-CF-INT,Audi B9 S5/S4 Black Carbon intake;Eventuri,EVE-B9S5-CF-INT,Audi B9 S5/S4 Black Carbon intake;Eventuri-EVE-B9S5-CF-INT;38x38x38
Eventuri;Eventuri;1571;942,6;25;7;EVE-B9RS5-CF-INT;Audi B9 RS5/RS4 Black Carbon intake with secondary duct;;Home;Audi B9 RS5/RS4 Black Carbon intake with secondary duct;Eventuri,EVE-B9RS5-CF-INT,Audi B9 RS5/RS4 Black Carbon intake with secondary duct;Eventuri,EVE-B9RS5-CF-INT,Audi B9 RS5/RS4 Black Carbon intake with secondary duct;Eventuri-EVE-B9RS5-CF-INT;92x31x40
Eventuri;Eventuri;2238;1342,8;25;7;EVE-C7S6-CF-INT;Audi C7 S6 S7 Black Carbon intake;;Home;Audi C7 S6 S7 Black Carbon intake;Eventuri,EVE-C7S6-CF-INT,Audi C7 S6 S7 Black Carbon intake;Eventuri,EVE-C7S6-CF-INT,Audi C7 S6 S7 Black Carbon intake;Eventuri-EVE-C7S6-CF-INT;92x31x40
Eventuri;Eventuri;2719;1631,4;25;7;EVE-4V8TT-CF-INT;Audi SQ7 / SQ8 2020+ 4.0 TFSI V8 Twin Turbo Intake;;Home;Audi SQ7 / SQ8 2020+ 4.0 TFSI V8 Twin Turbo Intake;Eventuri,EVE-4V8TT-CF-INT,Audi SQ7 / SQ8 2020+ 4.0 TFSI V8 Twin Turbo Intake;Eventuri,EVE-4V8TT-CF-INT,Audi SQ7 / SQ8 2020+ 4.0 TFSI V8 Twin Turbo Intake;Eventuri-EVE-4V8TT-CF-INT;97x76x22
Eventuri;Eventuri;2238;1342,8;25;7;EVE-C7RS6-CF-INT;Audi C7 RS6 RS7 Black Carbon intake;;Home;Audi C7 RS6 RS7 Black Carbon intake;Eventuri,EVE-C7RS6-CF-INT,Audi C7 RS6 RS7 Black Carbon intake;Eventuri,EVE-C7RS6-CF-INT,Audi C7 RS6 RS7 Black Carbon intake;Eventuri-EVE-C7RS6-CF-INT;92x31x40
Eventuri;Eventuri;2650;1590;25;7;EVE-C8RS6-CF-INT;Audi C8 RS6 RS7 Black Carbon intake Gloss;;Home;Audi C8 RS6 RS7 Black Carbon intake Gloss;Eventuri,EVE-C8RS6-CF-INT,Audi C8 RS6 RS7 Black Carbon intake Gloss;Eventuri,EVE-C8RS6-CF-INT,Audi C8 RS6 RS7 Black Carbon intake Gloss;Eventuri-EVE-C8RS6-CF-INT;100x35x17
Eventuri;Eventuri;2650;1590;25;7;EVE-C8RS6-CFM-INT;Audi C8 RS6 RS7 Black Carbon intake Matte;;Home;Audi C8 RS6 RS7 Black Carbon intake Matte;Eventuri,EVE-C8RS6-CFM-INT,Audi C8 RS6 RS7 Black Carbon intake Matte;Eventuri,EVE-C8RS6-CFM-INT,Audi C8 RS6 RS7 Black Carbon intake Matte;Eventuri-EVE-C8RS6-CFM-INT;100x35x17
Eventuri;Eventuri;438;262,8;25;7;EVE-C8RS6-TTE;Audi C8 RS6 RS7 TTE 888/1020 Hybrid Turbo Inlets ;;Home;Audi C8 RS6 RS7 TTE 888/1020 Hybrid Turbo Inlets ;Eventuri,EVE-C8RS6-TTE,Audi C8 RS6 RS7 TTE 888/1020 Hybrid Turbo Inlets ;Eventuri,EVE-C8RS6-TTE,Audi C8 RS6 RS7 TTE 888/1020 Hybrid Turbo Inlets ;Eventuri-EVE-C8RS6-TTE;19x19x18
Eventuri;Eventuri;630;378;25;7;EVE-C8RS6-CF-ENG;Audi C8 RS6 RS7 Black Carbon Engine Cover Gloss;;Home;Audi C8 RS6 RS7 Black Carbon Engine Cover Gloss;Eventuri,EVE-C8RS6-CF-ENG,Audi C8 RS6 RS7 Black Carbon Engine Cover Gloss;Eventuri,EVE-C8RS6-CF-ENG,Audi C8 RS6 RS7 Black Carbon Engine Cover Gloss;Eventuri-EVE-C8RS6-CF-ENG;71x66x13
Eventuri;Eventuri;630;378;25;7;EVE-C8RS6-CFM-ENG;Audi C8 RS6 RS7 Black Carbon Engine Cover Matte;;Home;Audi C8 RS6 RS7 Black Carbon Engine Cover Matte;Eventuri,EVE-C8RS6-CFM-ENG,Audi C8 RS6 RS7 Black Carbon Engine Cover Matte;Eventuri,EVE-C8RS6-CFM-ENG,Audi C8 RS6 RS7 Black Carbon Engine Cover Matte;Eventuri-EVE-C8RS6-CFM-ENG;71x66x13
Eventuri;Eventuri;70;42;25;7;EVE-C8RS6-PCV;Audi C8 RS6 2023 Breather Adapter Kit;;Home;Audi C8 RS6 2023 Breather Adapter Kit;Eventuri,EVE-C8RS6-PCV,Audi C8 RS6 2023 Breather Adapter Kit;Eventuri,EVE-C8RS6-PCV,Audi C8 RS6 2023 Breather Adapter Kit;Eventuri-EVE-C8RS6-PCV;10x10x10
Eventuri;Eventuri;2719;1631,4;25;7;EVE-4V8TT-CF-INT;Audi RSQ7 / RSQ8 2020+ 4.0 TFSI V8 Twin Turbo Intake;;Home;Audi RSQ7 / RSQ8 2020+ 4.0 TFSI V8 Twin Turbo Intake;Eventuri,EVE-4V8TT-CF-INT,Audi RSQ7 / RSQ8 2020+ 4.0 TFSI V8 Twin Turbo Intake;Eventuri,EVE-4V8TT-CF-INT,Audi RSQ7 / RSQ8 2020+ 4.0 TFSI V8 Twin Turbo Intake;Eventuri-EVE-4V8TT-CF-INT;97x76x22
Eventuri;Eventuri;2210;1326;25;7;EVE-HCN-CF-INT;Audi R8 V10 4S 2015+;;Home;Audi R8 V10 4S 2015+;Eventuri,EVE-HCN-CF-INT,Audi R8 V10 4S 2015+;Eventuri,EVE-HCN-CF-INT,Audi R8 V10 4S 2015+;Eventuri-EVE-HCN-CF-INT;92x31x40
Eventuri;Eventuri;2719;1631,4;25;7;EVE-4V8TT-CF-INT;Bentayga 4.0 TFSI V8 Twin Turbo Intake ;;Home;Bentayga 4.0 TFSI V8 Twin Turbo Intake ;Eventuri,EVE-4V8TT-CF-INT,Bentayga 4.0 TFSI V8 Twin Turbo Intake ;Eventuri,EVE-4V8TT-CF-INT,Bentayga 4.0 TFSI V8 Twin Turbo Intake ;Eventuri-EVE-4V8TT-CF-INT;97x76x22
Eventuri;Eventuri;1238;742,8;25;7;EVE-B58-CF-INT;BMW B58 M140i, M240i, M340i Black Carbon intake;;Home;BMW B58 M140i, M240i, M340i Black Carbon intake;Eventuri,EVE-B58-CF-INT,BMW B58 M140i, M240i, M340i Black Carbon intake;Eventuri,EVE-B58-CF-INT,BMW B58 M140i, M240i, M340i Black Carbon intake;Eventuri-EVE-B58-CF-INT;71x38x35
Eventuri;Eventuri;619;371,4;25;7;EVE-B58F-CF-ENG;BMW B58 M140i, M240i, M340i  F Series Carbon Engine Cover;;Home;BMW B58 M140i, M240i, M340i  F Series Carbon Engine Cover;Eventuri,EVE-B58F-CF-ENG,BMW B58 M140i, M240i, M340i  F Series Carbon Engine Cover;Eventuri,EVE-B58F-CF-ENG,BMW B58 M140i, M240i, M340i  F Series Carbon Engine Cover;Eventuri-EVE-B58F-CF-ENG;72x72x21
Eventuri;Eventuri;1238;742,8;25;7;EVE-E39-INT;BMW E39 M5 Black Carbon intake;;Home;BMW E39 M5 Black Carbon intake;Eventuri,EVE-E39-INT,BMW E39 M5 Black Carbon intake;Eventuri,EVE-E39-INT,BMW E39 M5 Black Carbon intake;Eventuri-EVE-E39-INT;92x31x40
Eventuri;Eventuri;928;556,8;25;7;EVE-E46-INT;BMW E46 M3 Black Carbon intake;;Home;BMW E46 M3 Black Carbon intake;Eventuri,EVE-E46-INT,BMW E46 M3 Black Carbon intake;Eventuri,EVE-E46-INT,BMW E46 M3 Black Carbon intake;Eventuri-EVE-E46-INT;38x38x38
Eventuri;Eventuri;176;105,6;25;7;EVE-E46-SC;BMW E46 M3 Carbon Scoop ;;Home;BMW E46 M3 Carbon Scoop ;Eventuri,EVE-E46-SC,BMW E46 M3 Carbon Scoop ;Eventuri,EVE-E46-SC,BMW E46 M3 Carbon Scoop ;Eventuri-EVE-E46-SC;TBC
Eventuri;Eventuri;1295;777;25;7;EVE-E60-CF-INT;BMW E6X M5/M6 Black Carbon intake;;Home;BMW E6X M5/M6 Black Carbon intake;Eventuri,EVE-E60-CF-INT,BMW E6X M5/M6 Black Carbon intake;Eventuri,EVE-E60-CF-INT,BMW E6X M5/M6 Black Carbon intake;Eventuri-EVE-E60-CF-INT;38x38x38
Eventuri;Eventuri;828;496,8;25;7;EVE-E9X-CF-INT;BMW E9X M3 Black Carbon intake Gloss;;Home;BMW E9X M3 Black Carbon intake Gloss;Eventuri,EVE-E9X-CF-INT,BMW E9X M3 Black Carbon intake Gloss;Eventuri,EVE-E9X-CF-INT,BMW E9X M3 Black Carbon intake Gloss;Eventuri-EVE-E9X-CF-INT;38x38x30
Eventuri;Eventuri;828;496,8;25;7;EVE-E9X-CFM-INT;BMW E9X M3 Black Carbon intake Matte;;Home;BMW E9X M3 Black Carbon intake Matte;Eventuri,EVE-E9X-CFM-INT,BMW E9X M3 Black Carbon intake Matte;Eventuri,EVE-E9X-CFM-INT,BMW E9X M3 Black Carbon intake Matte;Eventuri-EVE-E9X-CFM-INT;38x38x30
Eventuri;Eventuri;2238;1342,8;25;7;EVE-E9X-CF-PLM;BMW E9X M3 Carbon Inlet Plenum Gloss;;Home;BMW E9X M3 Carbon Inlet Plenum Gloss;Eventuri,EVE-E9X-CF-PLM,BMW E9X M3 Carbon Inlet Plenum Gloss;Eventuri,EVE-E9X-CF-PLM,BMW E9X M3 Carbon Inlet Plenum Gloss;Eventuri-EVE-E9X-CF-PLM;77x27x67
Eventuri;Eventuri;2238;1342,8;25;7;EVE-E9X-CFM-PLM;BMW E9X M3 Carbon Inlet Plenum Matte;;Home;BMW E9X M3 Carbon Inlet Plenum Matte;Eventuri,EVE-E9X-CFM-PLM,BMW E9X M3 Carbon Inlet Plenum Matte;Eventuri,EVE-E9X-CFM-PLM,BMW E9X M3 Carbon Inlet Plenum Matte;Eventuri-EVE-E9X-CFM-PLM;77x27x67
Eventuri;Eventuri;571;342,6;25;7;EVE-E9X-CF-ARB;BMW E9X M3 Carbon Airbox Lid Gloss;;Home;BMW E9X M3 Carbon Airbox Lid Gloss;Eventuri,EVE-E9X-CF-ARB,BMW E9X M3 Carbon Airbox Lid Gloss;Eventuri,EVE-E9X-CF-ARB,BMW E9X M3 Carbon Airbox Lid Gloss;Eventuri-EVE-E9X-CF-ARB;68x38x15
Eventuri;Eventuri;571;342,6;25;7;EVE-E9X-CFM-ARB;BMW E9X M3 Carbon Airbox Lid Matte;;Home;BMW E9X M3 Carbon Airbox Lid Matte;Eventuri,EVE-E9X-CFM-ARB,BMW E9X M3 Carbon Airbox Lid Matte;Eventuri,EVE-E9X-CFM-ARB,BMW E9X M3 Carbon Airbox Lid Matte;Eventuri-EVE-E9X-CFM-ARB;68x38x15
Eventuri;Eventuri;795;477;25;7;EVE-E9X-CF-DCT;BMW E9X M3 Carbon Duct Set Gloss;;Home;BMW E9X M3 Carbon Duct Set Gloss;Eventuri,EVE-E9X-CF-DCT,BMW E9X M3 Carbon Duct Set Gloss;Eventuri,EVE-E9X-CF-DCT,BMW E9X M3 Carbon Duct Set Gloss;Eventuri-EVE-E9X-CF-DCT;52x37x16
Eventuri;Eventuri;795;477;25;7;EVE-E9X-CFM-DCT;BMW E9X M3 Carbon Duct Set Matte;;Home;BMW E9X M3 Carbon Duct Set Matte;Eventuri,EVE-E9X-CFM-DCT,BMW E9X M3 Carbon Duct Set Matte;Eventuri,EVE-E9X-CFM-DCT,BMW E9X M3 Carbon Duct Set Matte;Eventuri-EVE-E9X-CFM-DCT;52x37x16
Eventuri;Eventuri;790;474;25;7;EVE-S55-CF-CHG;BMW S55 Carbon Chargepipes - Set of 2 Upper Chargepipes;;Home;BMW S55 Carbon Chargepipes - Set of 2 Upper Chargepipes;Eventuri,EVE-S55-CF-CHG,BMW S55 Carbon Chargepipes - Set of 2 Upper Chargepipes;Eventuri,EVE-S55-CF-CHG,BMW S55 Carbon Chargepipes - Set of 2 Upper Chargepipes;Eventuri-EVE-S55-CF-CHG;52x37x16
Eventuri;Eventuri;1190;714;25;7;EVE-S62-CF-PLM;BMW S62 V8 Carbon Plenum Lid for E39 M5 and Z8;;Home;BMW S62 V8 Carbon Plenum Lid for E39 M5 and Z8;Eventuri,EVE-S62-CF-PLM,BMW S62 V8 Carbon Plenum Lid for E39 M5 and Z8;Eventuri,EVE-S62-CF-PLM,BMW S62 V8 Carbon Plenum Lid for E39 M5 and Z8;Eventuri-EVE-S62-CF-PLM;72x72x21
Eventuri;Eventuri;2392;1435,2;25;7;EVE-F8XMV2-CF-INT;BMW F8X M3/M4 V2 Full Black Carbon intake with SEALED Carbon ducts;;Home;BMW F8X M3/M4 V2 Full Black Carbon intake with SEALED Carbon ducts;Eventuri,EVE-F8XMV2-CF-INT,BMW F8X M3/M4 V2 Full Black Carbon intake with SEALED Carbon ducts;Eventuri,EVE-F8XMV2-CF-INT,BMW F8X M3/M4 V2 Full Black Carbon intake with SEALED Carbon ducts;Eventuri-EVE-F8XMV2-CF-INT;92x31x40
Eventuri;Eventuri;1047;628,2;25;7;EVE-F8XM-CF-SBC;BMW F8X M3/M4 Black Carbon Seat Back Covers;;Home;BMW F8X M3/M4 Black Carbon Seat Back Covers;Eventuri,EVE-F8XM-CF-SBC,BMW F8X M3/M4 Black Carbon Seat Back Covers;Eventuri,EVE-F8XM-CF-SBC,BMW F8X M3/M4 Black Carbon Seat Back Covers;Eventuri-EVE-F8XM-CF-SBC;92x31x40
Eventuri;Eventuri;714;428,4;25;7;EVE-F8XM-CF-ENG;BMW F8X M3/M4 Black Carbon  Engine Cover;;Home;BMW F8X M3/M4 Black Carbon  Engine Cover;Eventuri,EVE-F8XM-CF-ENG,BMW F8X M3/M4 Black Carbon  Engine Cover;Eventuri,EVE-F8XM-CF-ENG,BMW F8X M3/M4 Black Carbon  Engine Cover;Eventuri-EVE-F8XM-CF-ENG;68x38x15
Eventuri;Eventuri;2095;1257;25;7;EVE-F9XM5M8-CF-INT;BMW F9X M5/M8 Black Carbon intake with shrouds;;Home;BMW F9X M5/M8 Black Carbon intake with shrouds;Eventuri,EVE-F9XM5M8-CF-INT,BMW F9X M5/M8 Black Carbon intake with shrouds;Eventuri,EVE-F9XM5M8-CF-INT,BMW F9X M5/M8 Black Carbon intake with shrouds;Eventuri-EVE-F9XM5M8-CF-INT;71x38x35
Eventuri;Eventuri;285;171;25;7;EVE-F90M5-CF-SHR;BMW F9X M5 Shroud set for upgrading V1 intake;;Home;BMW F9X M5 Shroud set for upgrading V1 intake;Eventuri,EVE-F90M5-CF-SHR,BMW F9X M5 Shroud set for upgrading V1 intake;Eventuri,EVE-F90M5-CF-SHR,BMW F9X M5 Shroud set for upgrading V1 intake;Eventuri-EVE-F90M5-CF-SHR;26x26x26
Eventuri;Eventuri;630;378;25;7;EVE-F9XM5M8-CHG;BMW F9X M5/M8 Turbo Inlets;;Home;BMW F9X M5/M8 Turbo Inlets;Eventuri,EVE-F9XM5M8-CHG,BMW F9X M5/M8 Turbo Inlets;Eventuri,EVE-F9XM5M8-CHG,BMW F9X M5/M8 Turbo Inlets;Eventuri-EVE-F9XM5M8-CHG;26x26x26
Eventuri;Eventuri;2110;1266;25;7;EVE-F10M5-INT;BMW F10 M5 Full Black Carbon intake;;Home;BMW F10 M5 Full Black Carbon intake;Eventuri,EVE-F10M5-INT,BMW F10 M5 Full Black Carbon intake;Eventuri,EVE-F10M5-INT,BMW F10 M5 Full Black Carbon intake;Eventuri-EVE-F10M5-INT;92x31x40
Eventuri;Eventuri;2250;1350;25;7;EVE-F1XM6-INT;BMW F1X M6 Full Black Carbon intake;;Home;BMW F1X M6 Full Black Carbon intake;Eventuri,EVE-F1XM6-INT,BMW F1X M6 Full Black Carbon intake;Eventuri,EVE-F1XM6-INT,BMW F1X M6 Full Black Carbon intake;Eventuri-EVE-F1XM6-INT;92x31x40
Eventuri;Eventuri;1238;742,8;25;7;EVE-F4XB48-CF-INT;BMW F40 M135i, F44 M235i;;Home;BMW F40 M135i, F44 M235i;Eventuri,EVE-F4XB48-CF-INT,BMW F40 M135i, F44 M235i;Eventuri,EVE-F4XB48-CF-INT,BMW F40 M135i, F44 M235i;Eventuri-EVE-F4XB48-CF-INT;92x22x40
Eventuri;Eventuri;1980;1188;25;7;EVE-M2C-CF-INT;BMW F87 M2 Competition Black Carbon intake;;Home;BMW F87 M2 Competition Black Carbon intake;Eventuri,EVE-M2C-CF-INT,BMW F87 M2 Competition Black Carbon intake;Eventuri,EVE-M2C-CF-INT,BMW F87 M2 Competition Black Carbon intake;Eventuri-EVE-M2C-CF-INT;92x22x40
Eventuri;Eventuri;1314;788,4;25;7;EVE-N55V2-CF-INT;V2 BMW F87 M2, F2X M135i, M235i, F3X 335i, 435i Carbon intake;;Home;V2 BMW F87 M2, F2X M135i, M235i, F3X 335i, 435i Carbon intake;Eventuri,EVE-N55V2-CF-INT,V2 BMW F87 M2, F2X M135i, M235i, F3X 335i, 435i Carbon intake;Eventuri,EVE-N55V2-CF-INT,V2 BMW F87 M2, F2X M135i, M235i, F3X 335i, 435i Carbon intake;Eventuri-EVE-N55V2-CF-INT;71x38x35
Eventuri;Eventuri;810;486;25;7;EVE-N55-ENG;BMW N55 Black Carbon Engine Cover;;Home;BMW N55 Black Carbon Engine Cover;Eventuri,EVE-N55-ENG,BMW N55 Black Carbon Engine Cover;Eventuri,EVE-N55-ENG,BMW N55 Black Carbon Engine Cover;Eventuri-EVE-N55-ENG;72x72x21
Eventuri;Eventuri;810;486;25;7;EVE-N55-M2-ENG;BMW F87 M2 Black Carbon Engine Cover;;Home;BMW F87 M2 Black Carbon Engine Cover;Eventuri,EVE-N55-M2-ENG,BMW F87 M2 Black Carbon Engine Cover;Eventuri,EVE-N55-M2-ENG,BMW F87 M2 Black Carbon Engine Cover;Eventuri-EVE-N55-M2-ENG;72x72x21
Eventuri;Eventuri;1333;799,8;25;7;EVE-FX34M-CF-INT;BMW F9X X3M/X4M Carbon Intake System;;Home;BMW F9X X3M/X4M Carbon Intake System;Eventuri,EVE-FX34M-CF-INT,BMW F9X X3M/X4M Carbon Intake System;Eventuri,EVE-FX34M-CF-INT,BMW F9X X3M/X4M Carbon Intake System;Eventuri-EVE-FX34M-CF-INT;72x72x21
Eventuri;Eventuri;1333;799,8;25;7;EVE-FX34M-LCI-INT;BMW F9X X3M/X4M Carbon Intake System - LCI Version;;Home;BMW F9X X3M/X4M Carbon Intake System - LCI Version;Eventuri,EVE-FX34M-LCI-INT,BMW F9X X3M/X4M Carbon Intake System - LCI Version;Eventuri,EVE-FX34M-LCI-INT,BMW F9X X3M/X4M Carbon Intake System - LCI Version;Eventuri-EVE-FX34M-LCI-INT;72x72x21
Eventuri;Eventuri;810;486;25;7;EVE-Z4M-INT;BMW Z4M Black Carbon intake;;Home;BMW Z4M Black Carbon intake;Eventuri,EVE-Z4M-INT,BMW Z4M Black Carbon intake;Eventuri,EVE-Z4M-INT,BMW Z4M Black Carbon intake;Eventuri-EVE-Z4M-INT;38x38x38
Eventuri;Eventuri;1333;799,8;25;7;EVE-G20B48-V1-INT;BMW G20 B48/B46 Intake System - Pre 2018 November;;Home;BMW G20 B48/B46 Intake System - Pre 2018 November;Eventuri,EVE-G20B48-V1-INT,BMW G20 B48/B46 Intake System - Pre 2018 November;Eventuri,EVE-G20B48-V1-INT,BMW G20 B48/B46 Intake System - Pre 2018 November;Eventuri-EVE-G20B48-V1-INT;71x38x35
Eventuri;Eventuri;1333;799,8;25;7;EVE-G20B48-V2-INT;BMW G20/G42 B48/B46 Intake System - Post 2018 November;;Home;BMW G20/G42 B48/B46 Intake System - Post 2018 November;Eventuri,EVE-G20B48-V2-INT,BMW G20/G42 B48/B46 Intake System - Post 2018 November;Eventuri,EVE-G20B48-V2-INT,BMW G20/G42 B48/B46 Intake System - Post 2018 November;Eventuri-EVE-G20B48-V2-INT;71x38x35
Eventuri;Eventuri;1333;799,8;25;7;EVE-G20B58-V1-INT;BMW G20 B58 Intake System - Pre 2018 November;;Home;BMW G20 B58 Intake System - Pre 2018 November;Eventuri,EVE-G20B58-V1-INT,BMW G20 B58 Intake System - Pre 2018 November;Eventuri,EVE-G20B58-V1-INT,BMW G20 B58 Intake System - Pre 2018 November;Eventuri-EVE-G20B58-V1-INT;71x38x35
Eventuri;Eventuri;1333;799,8;25;7;EVE-G20B58-V2-INT;BMW G20/G42 B58 Intake System - Post 2018 November;;Home;BMW G20/G42 B58 Intake System - Post 2018 November;Eventuri,EVE-G20B58-V2-INT,BMW G20/G42 B58 Intake System - Post 2018 November;Eventuri,EVE-G20B58-V2-INT,BMW G20/G42 B58 Intake System - Post 2018 November;Eventuri-EVE-G20B58-V2-INT;71x38x35
Eventuri;Eventuri;571;342,6;25;7;EVE-G20B48-CF-ENG;BMW G20, G29 Z4, B48 Engine Cover;;Home;BMW G20, G29 Z4, B48 Engine Cover;Eventuri,EVE-G20B48-CF-ENG,BMW G20, G29 Z4, B48 Engine Cover;Eventuri,EVE-G20B48-CF-ENG,BMW G20, G29 Z4, B48 Engine Cover;Eventuri-EVE-G20B48-CF-ENG;72x72x21
Eventuri;Eventuri;1333;799,8;25;7;EVE-Z4B58-CF-INT;BMW G29 Z4 M40i B58 Carbon Intake;;Home;BMW G29 Z4 M40i B58 Carbon Intake;Eventuri,EVE-Z4B58-CF-INT,BMW G29 Z4 M40i B58 Carbon Intake;Eventuri,EVE-Z4B58-CF-INT,BMW G29 Z4 M40i B58 Carbon Intake;Eventuri-EVE-Z4B58-CF-INT;38x38x38
Eventuri;Eventuri;1333;799,8;25;7;EVE-G29Z4-B48-INT;BMW G29 Z4 2.0 B48 Carbon Intake;;Home;BMW G29 Z4 2.0 B48 Carbon Intake;Eventuri,EVE-G29Z4-B48-INT,BMW G29 Z4 2.0 B48 Carbon Intake;Eventuri,EVE-G29Z4-B48-INT,BMW G29 Z4 2.0 B48 Carbon Intake;Eventuri-EVE-G29Z4-B48-INT;71x38x35
Eventuri;Eventuri;900;540;25;7;EVE-G8XM-CF-ENG;BMW G8X M3/M4/CSL Carbon Engine Cover - Gloss Finish;;Home;BMW G8X M3/M4/CSL Carbon Engine Cover - Gloss Finish;Eventuri,EVE-G8XM-CF-ENG,BMW G8X M3/M4/CSL Carbon Engine Cover - Gloss Finish;Eventuri,EVE-G8XM-CF-ENG,BMW G8X M3/M4/CSL Carbon Engine Cover - Gloss Finish;Eventuri-EVE-G8XM-CF-ENG;72x72x21
Eventuri;Eventuri;900;540;25;7;EVE-G8XM-CFM-ENG;BMW G8X M3/M4/CSL Carbon Engine Cover - Matte Finish;;Home;BMW G8X M3/M4/CSL Carbon Engine Cover - Matte Finish;Eventuri,EVE-G8XM-CFM-ENG,BMW G8X M3/M4/CSL Carbon Engine Cover - Matte Finish;Eventuri,EVE-G8XM-CFM-ENG,BMW G8X M3/M4/CSL Carbon Engine Cover - Matte Finish;Eventuri-EVE-G8XM-CFM-ENG;72x72x21
Eventuri;Eventuri;2650;1590;25;7;EVE-G8XMV2-CF-INT;BMW G8X M3/M4 Carbon Intake for all strut braces - Gloss Finish;;Home;BMW G8X M3/M4 Carbon Intake for all strut braces - Gloss Finish;Eventuri,EVE-G8XMV2-CF-INT,BMW G8X M3/M4 Carbon Intake for all strut braces - Gloss Finish;Eventuri,EVE-G8XMV2-CF-INT,BMW G8X M3/M4 Carbon Intake for all strut braces - Gloss Finish;Eventuri-EVE-G8XMV2-CF-INT;64x44x45
Eventuri;Eventuri;2650;1590;25;7;EVE-G8XMV2-CFM-INT;BMW G8X M3/M4 Carbon Intake for all strut braces - Matte Finish;;Home;BMW G8X M3/M4 Carbon Intake for all strut braces - Matte Finish;Eventuri,EVE-G8XMV2-CFM-INT,BMW G8X M3/M4 Carbon Intake for all strut braces - Matte Finish;Eventuri,EVE-G8XMV2-CFM-INT,BMW G8X M3/M4 Carbon Intake for all strut braces - Matte Finish;Eventuri-EVE-G8XMV2-CFM-INT;64x44x45
Eventuri;Eventuri;620;372;25;7;EVE-G8XCSL-CF-KIT;Conversion kit for G8X M3/M4 intake for CSL Strut Brace - Gloss;;Home;Conversion kit for G8X M3/M4 intake for CSL Strut Brace - Gloss;Eventuri,EVE-G8XCSL-CF-KIT,Conversion kit for G8X M3/M4 intake for CSL Strut Brace - Gloss;Eventuri,EVE-G8XCSL-CF-KIT,Conversion kit for G8X M3/M4 intake for CSL Strut Brace - Gloss;Eventuri-EVE-G8XCSL-CF-KIT;70x37x27
Eventuri;Eventuri;620;372;25;7;EVE-G8XCSL-CFM-KIT;Conversion kit for G8X M3/M4 intake for CSL Strut Brace - Matte;;Home;Conversion kit for G8X M3/M4 intake for CSL Strut Brace - Matte;Eventuri,EVE-G8XCSL-CFM-KIT,Conversion kit for G8X M3/M4 intake for CSL Strut Brace - Matte;Eventuri,EVE-G8XCSL-CFM-KIT,Conversion kit for G8X M3/M4 intake for CSL Strut Brace - Matte;Eventuri-EVE-G8XCSL-CFM-KIT;70x37x27
Eventuri;Eventuri;2280;1368;25;7;EVE-C8VT-CF-INT;C8 Corvette Stingray Coupe Carbon Intake ;;Home;C8 Corvette Stingray Coupe Carbon Intake ;Eventuri,EVE-C8VT-CF-INT,C8 Corvette Stingray Coupe Carbon Intake ;Eventuri,EVE-C8VT-CF-INT,C8 Corvette Stingray Coupe Carbon Intake ;Eventuri-EVE-C8VT-CF-INT;110x52x42
Eventuri;Eventuri;2280;1368;25;7;EVE-C8HTC-CF-INT;C8 Corvette Stingray Hard Top Convertible Carbon Intake ;;Home;C8 Corvette Stingray Hard Top Convertible Carbon Intake ;Eventuri,EVE-C8HTC-CF-INT,C8 Corvette Stingray Hard Top Convertible Carbon Intake ;Eventuri,EVE-C8HTC-CF-INT,C8 Corvette Stingray Hard Top Convertible Carbon Intake ;Eventuri-EVE-C8HTC-CF-INT;110x52x42
Eventuri;Eventuri;550;330;25;7;EVE-C8VT-CF-ENG;C8 Corvette Stingray Carbon Engine Cover ;;Home;C8 Corvette Stingray Carbon Engine Cover ;Eventuri,EVE-C8VT-CF-ENG,C8 Corvette Stingray Carbon Engine Cover ;Eventuri,EVE-C8VT-CF-ENG,C8 Corvette Stingray Carbon Engine Cover ;Eventuri-EVE-C8VT-CF-ENG;72x42x17
Eventuri;Eventuri;238;142,8;25;7;EVE-FK2-CF-MAF;Honda FK2 Black Carbon MAF-TUBE and silicone hose;;Home;Honda FK2 Black Carbon MAF-TUBE and silicone hose;Eventuri,EVE-FK2-CF-MAF,Honda FK2 Black Carbon MAF-TUBE and silicone hose;Eventuri,EVE-FK2-CF-MAF,Honda FK2 Black Carbon MAF-TUBE and silicone hose;Eventuri-EVE-FK2-CF-MAF;49x15x12
Eventuri;Eventuri;1209;725,4;25;7;EVE-FK2V2-CF-LHD-INT;V2 FK2 Civic Type R LHD Carbon intake with upgraded Carbon Tube;;Home;V2 FK2 Civic Type R LHD Carbon intake with upgraded Carbon Tube;Eventuri,EVE-FK2V2-CF-LHD-INT,V2 FK2 Civic Type R LHD Carbon intake with upgraded Carbon Tube;Eventuri,EVE-FK2V2-CF-LHD-INT,V2 FK2 Civic Type R LHD Carbon intake with upgraded Carbon Tube;Eventuri-EVE-FK2V2-CF-LHD-INT;38x38x38
Eventuri;Eventuri;1209;725,4;25;7;EVE-FK2V2-CF-RHD-INT;V2 FK2 Civic Type R RHD Carbon intake with upgraded Carbon Tube;;Home;V2 FK2 Civic Type R RHD Carbon intake with upgraded Carbon Tube;Eventuri,EVE-FK2V2-CF-RHD-INT,V2 FK2 Civic Type R RHD Carbon intake with upgraded Carbon Tube;Eventuri,EVE-FK2V2-CF-RHD-INT,V2 FK2 Civic Type R RHD Carbon intake with upgraded Carbon Tube;Eventuri-EVE-FK2V2-CF-RHD-INT;38x38x38
Eventuri;Eventuri;476;285,6;25;7;EVE-FK8FK2-ENG;FK8 and FK2 Engine Cover Red and Black;;Home;FK8 and FK2 Engine Cover Red and Black;Eventuri,EVE-FK8FK2-ENG,FK8 and FK2 Engine Cover Red and Black;Eventuri,EVE-FK8FK2-ENG,FK8 and FK2 Engine Cover Red and Black;Eventuri-EVE-FK8FK2-ENG;68x38x15
Eventuri;Eventuri;665;399;25;7;EVE-FK2-CF-CHG;FK2 Carbon Turbo Tube for Customers with FK2 V2 Intake;;Home;FK2 Carbon Turbo Tube for Customers with FK2 V2 Intake;Eventuri,EVE-FK2-CF-CHG,FK2 Carbon Turbo Tube for Customers with FK2 V2 Intake;Eventuri,EVE-FK2-CF-CHG,FK2 Carbon Turbo Tube for Customers with FK2 V2 Intake;Eventuri-EVE-FK2-CF-CHG;52x37x16
Eventuri;Eventuri;838;502,8;25;7;EVE-FK2V2-CF-CHG;FK2 Carbon Turbo Tube Package with V2 MAF Tube;;Home;FK2 Carbon Turbo Tube Package with V2 MAF Tube;Eventuri,EVE-FK2V2-CF-CHG,FK2 Carbon Turbo Tube Package with V2 MAF Tube;Eventuri,EVE-FK2V2-CF-CHG,FK2 Carbon Turbo Tube Package with V2 MAF Tube;Eventuri-EVE-FK2V2-CF-CHG;52x37x16
Eventuri;Eventuri;1380;828;25;7;EVE-FK8-CF-INT;FK8 Civic Type R Black Carbon intake;;Home;FK8 Civic Type R Black Carbon intake;Eventuri,EVE-FK8-CF-INT,FK8 Civic Type R Black Carbon intake;Eventuri,EVE-FK8-CF-INT,FK8 Civic Type R Black Carbon intake;Eventuri-EVE-FK8-CF-INT;71x38x35
Eventuri;Eventuri;328;196,8;25;7;EVE-FK8V2-CF-MAF;FK8 Carbon V2 MAF Tube and Silicon Set;;Home;FK8 Carbon V2 MAF Tube and Silicon Set;Eventuri,EVE-FK8V2-CF-MAF,FK8 Carbon V2 MAF Tube and Silicon Set;Eventuri,EVE-FK8V2-CF-MAF,FK8 Carbon V2 MAF Tube and Silicon Set;Eventuri-EVE-FK8V2-CF-MAF;49x15x12
Eventuri;Eventuri;476;285,6;25;7;EVE-FK8FK2-ENG;FK8 and FK2 Engine Cover Red and Black;;Home;FK8 and FK2 Engine Cover Red and Black;Eventuri,EVE-FK8FK2-ENG,FK8 and FK2 Engine Cover Red and Black;Eventuri,EVE-FK8FK2-ENG,FK8 and FK2 Engine Cover Red and Black;Eventuri-EVE-FK8FK2-ENG;68x38x15
Eventuri;Eventuri;665;399;25;7;EVE-FK8-CF-CHG;FK8 Carbon Turbo Tube for customers with V2 MAF tube;;Home;FK8 Carbon Turbo Tube for customers with V2 MAF tube;Eventuri,EVE-FK8-CF-CHG,FK8 Carbon Turbo Tube for customers with V2 MAF tube;Eventuri,EVE-FK8-CF-CHG,FK8 Carbon Turbo Tube for customers with V2 MAF tube;Eventuri-EVE-FK8-CF-CHG;52x37x16
Eventuri;Eventuri;838;502,8;25;7;EVE-FK8V2-CF-CHG;FK8 Carbon Turbo Tube Package with V2 MAF Tube;;Home;FK8 Carbon Turbo Tube Package with V2 MAF Tube;Eventuri,EVE-FK8V2-CF-CHG,FK8 Carbon Turbo Tube Package with V2 MAF Tube;Eventuri,EVE-FK8V2-CF-CHG,FK8 Carbon Turbo Tube Package with V2 MAF Tube;Eventuri-EVE-FK8V2-CF-CHG;52x37x16
Eventuri;Eventuri;2210;1326;25;7;EVE-HCN-CF-INT;Lamborghini Huracan Carbon Intake;;Home;Lamborghini Huracan Carbon Intake;Eventuri,EVE-HCN-CF-INT,Lamborghini Huracan Carbon Intake;Eventuri,EVE-HCN-CF-INT,Lamborghini Huracan Carbon Intake;Eventuri-EVE-HCN-CF-INT;92x31x40
Eventuri;Eventuri;4350;2610;25;7;EVE-HCN-CFM-ENG;Lamborghini Huracan Carbon Engine Cover Set Matte Finish;;Home;Lamborghini Huracan Carbon Engine Cover Set Matte Finish;Eventuri,EVE-HCN-CFM-ENG,Lamborghini Huracan Carbon Engine Cover Set Matte Finish;Eventuri,EVE-HCN-CFM-ENG,Lamborghini Huracan Carbon Engine Cover Set Matte Finish;Eventuri-EVE-HCN-CFM-ENG;152x76x20
Eventuri;Eventuri;2719;1631,4;25;7;EVE-4V8TT-CF-INT;Lamborghini Urus Intake System;;Home;Lamborghini Urus Intake System;Eventuri,EVE-4V8TT-CF-INT,Lamborghini Urus Intake System;Eventuri,EVE-4V8TT-CF-INT,Lamborghini Urus Intake System;Eventuri-EVE-4V8TT-CF-INT;97x76x22
Eventuri;Eventuri;1238;742,8;25;7;EVE-A35-CF-INT;Mercedes A35 AMG, GLA35, GLB35, A250 Carbon Intake;;Home;Mercedes A35 AMG, GLA35, GLB35, A250 Carbon Intake;Eventuri,EVE-A35-CF-INT,Mercedes A35 AMG, GLA35, GLB35, A250 Carbon Intake;Eventuri,EVE-A35-CF-INT,Mercedes A35 AMG, GLA35, GLB35, A250 Carbon Intake;Eventuri-EVE-A35-CF-INT;71x38x35
Eventuri;Eventuri;714;428,4;25;7;EVE-A35-CF-CHG;Mercedes A35 AMG, GLA35, GLB35, Turbo Tube;;Home;Mercedes A35 AMG, GLA35, GLB35, Turbo Tube;Eventuri,EVE-A35-CF-CHG,Mercedes A35 AMG, GLA35, GLB35, Turbo Tube;Eventuri,EVE-A35-CF-CHG,Mercedes A35 AMG, GLA35, GLB35, Turbo Tube;Eventuri-EVE-A35-CF-CHG;68x38x16
Eventuri;Eventuri;1333;799,8;25;7;EVE-A45S-CF-INT;Mercedes A45S CLA45S GLA45 GLB45 AMG Carbon Intake ;;Home;Mercedes A45S CLA45S GLA45 GLB45 AMG Carbon Intake ;Eventuri,EVE-A45S-CF-INT,Mercedes A45S CLA45S GLA45 GLB45 AMG Carbon Intake ;Eventuri,EVE-A45S-CF-INT,Mercedes A45S CLA45S GLA45 GLB45 AMG Carbon Intake ;Eventuri-EVE-A45S-CF-INT;38x38x38
Eventuri;Eventuri;2380;1428;25;7;EVE-AMGGT-CF-INT;Mercedes C190/R190 AMG GTR, GTS, GT GLOSS Finish;;Home;Mercedes C190/R190 AMG GTR, GTS, GT GLOSS Finish;Eventuri,EVE-AMGGT-CF-INT,Mercedes C190/R190 AMG GTR, GTS, GT GLOSS Finish;Eventuri,EVE-AMGGT-CF-INT,Mercedes C190/R190 AMG GTR, GTS, GT GLOSS Finish;Eventuri-EVE-AMGGT-CF-INT;77x67x27
Eventuri;Eventuri;2380;1428;25;7;EVE-AMGGT-CFM-INT;Mercedes C190/R190 AMG GTR, GTS, GT MATTE Finish;;Home;Mercedes C190/R190 AMG GTR, GTS, GT MATTE Finish;Eventuri,EVE-AMGGT-CFM-INT,Mercedes C190/R190 AMG GTR, GTS, GT MATTE Finish;Eventuri,EVE-AMGGT-CFM-INT,Mercedes C190/R190 AMG GTR, GTS, GT MATTE Finish;Eventuri-EVE-AMGGT-CFM-INT;77x67x27
Eventuri;Eventuri;2714;1628,4;25;7;EVE-C63S-CF-INT;Mercedes all X205 C63/C63S variants, AMG Carbon intake;;Home;Mercedes all X205 C63/C63S variants, AMG Carbon intake;Eventuri,EVE-C63S-CF-INT,Mercedes all X205 C63/C63S variants, AMG Carbon intake;Eventuri,EVE-C63S-CF-INT,Mercedes all X205 C63/C63S variants, AMG Carbon intake;Eventuri-EVE-C63S-CF-INT;64x44x45
Eventuri;Eventuri;162;97,2;25;7;EVE-C63S-DCT;C63S Carbon Duct upgrade package;;Home;C63S Carbon Duct upgrade package;Eventuri,EVE-C63S-DCT,C63S Carbon Duct upgrade package;Eventuri,EVE-C63S-DCT,C63S Carbon Duct upgrade package;Eventuri-EVE-C63S-DCT;26x26x26
Eventuri;Eventuri;2714;1628,4;25;7;EVE-GLC63S-CF-INT;Mercedes GLC63S carbon intake ;;Home;Mercedes GLC63S carbon intake ;Eventuri,EVE-GLC63S-CF-INT,Mercedes GLC63S carbon intake ;Eventuri,EVE-GLC63S-CF-INT,Mercedes GLC63S carbon intake ;Eventuri-EVE-GLC63S-CF-INT;64x44x45
Eventuri;Eventuri;1542;925,2;25;7;EVE-JCWGP3-INT;Mini JCW GP3 / Clubman / JCW 306HP Carbon Intake;;Home;Mini JCW GP3 / Clubman / JCW 306HP Carbon Intake;Eventuri,EVE-JCWGP3-INT,Mini JCW GP3 / Clubman / JCW 306HP Carbon Intake;Eventuri,EVE-JCWGP3-INT,Mini JCW GP3 / Clubman / JCW 306HP Carbon Intake;Eventuri-EVE-JCWGP3-INT;92x22x40
Eventuri;Eventuri;1305;783;25;7;EVE-F60-306-INT;Mini JCW Countryman 306HP Carbon Intake with no scoop;;Home;Mini JCW Countryman 306HP Carbon Intake with no scoop;Eventuri,EVE-F60-306-INT,Mini JCW Countryman 306HP Carbon Intake with no scoop;Eventuri,EVE-F60-306-INT,Mini JCW Countryman 306HP Carbon Intake with no scoop;Eventuri-EVE-F60-306-INT;92x22x40
Eventuri;Eventuri;1542;925,2;25;7;EVE-F56-CF-INT;Mini Cooper S / JCW Black Carbon intake;;Home;Mini Cooper S / JCW Black Carbon intake;Eventuri,EVE-F56-CF-INT,Mini Cooper S / JCW Black Carbon intake;Eventuri,EVE-F56-CF-INT,Mini Cooper S / JCW Black Carbon intake;Eventuri-EVE-F56-CF-INT;92x22x40
Eventuri;Eventuri;1542;925,2;25;7;EVE-F56-LCI-CF-INT;Mini Cooper S / JCW Facelift Black Carbon intake;;Home;Mini Cooper S / JCW Facelift Black Carbon intake;Eventuri,EVE-F56-LCI-CF-INT,Mini Cooper S / JCW Facelift Black Carbon intake;Eventuri,EVE-F56-LCI-CF-INT,Mini Cooper S / JCW Facelift Black Carbon intake;Eventuri-EVE-F56-LCI-CF-INT;92x22x40
Eventuri;Eventuri;952;571,2;25;7;EVE-F56-PL-INT;Mini Cooper S / JCW Plastic intake with Carbon Scoop;;Home;Mini Cooper S / JCW Plastic intake with Carbon Scoop;Eventuri,EVE-F56-PL-INT,Mini Cooper S / JCW Plastic intake with Carbon Scoop;Eventuri,EVE-F56-PL-INT,Mini Cooper S / JCW Plastic intake with Carbon Scoop;Eventuri-EVE-F56-PL-INT;92x22x40
Eventuri;Eventuri;952;571,2;25;7;EVE-F56-LCI-PL-INT;Mini Cooper S / JCW Facelift Plastic intake with Carbon Scoop;;Home;Mini Cooper S / JCW Facelift Plastic intake with Carbon Scoop;Eventuri,EVE-F56-LCI-PL-INT,Mini Cooper S / JCW Facelift Plastic intake with Carbon Scoop;Eventuri,EVE-F56-LCI-PL-INT,Mini Cooper S / JCW Facelift Plastic intake with Carbon Scoop;Eventuri-EVE-F56-LCI-PL-INT;92x22x40
Eventuri;Eventuri;1304;782,4;25;7;EVE-F60-CF-INT;MINI Countryman S Black Carbon intake with no scoop;;Home;MINI Countryman S Black Carbon intake with no scoop;Eventuri,EVE-F60-CF-INT,MINI Countryman S Black Carbon intake with no scoop;Eventuri,EVE-F60-CF-INT,MINI Countryman S Black Carbon intake with no scoop;Eventuri-EVE-F60-CF-INT;92x22x40
Eventuri;Eventuri;1304;782,4;25;7;EVE-F60-LCI-CF-INT;MINI Countryman S Facelift Black Carbon intake with no scoop;;Home;MINI Countryman S Facelift Black Carbon intake with no scoop;Eventuri,EVE-F60-LCI-CF-INT,MINI Countryman S Facelift Black Carbon intake with no scoop;Eventuri,EVE-F60-LCI-CF-INT,MINI Countryman S Facelift Black Carbon intake with no scoop;Eventuri-EVE-F60-LCI-CF-INT;92x22x40
Eventuri;Eventuri;665;399;25;7;EVE-F60-PL-INT;MINI Countryman S Plastic intake with no scoop;;Home;MINI Countryman S Plastic intake with no scoop;Eventuri,EVE-F60-PL-INT,MINI Countryman S Plastic intake with no scoop;Eventuri,EVE-F60-PL-INT,MINI Countryman S Plastic intake with no scoop;Eventuri-EVE-F60-PL-INT;92x22x40
Eventuri;Eventuri;665;399;25;7;EVE-F60-LCI-PL-INT;MINI Countryman S Facelift Plastic intake with no scoop;;Home;MINI Countryman S Facelift Plastic intake with no scoop;Eventuri,EVE-F60-LCI-PL-INT,MINI Countryman S Facelift Plastic intake with no scoop;Eventuri,EVE-F60-LCI-PL-INT,MINI Countryman S Facelift Plastic intake with no scoop;Eventuri-EVE-F60-LCI-PL-INT;92x22x40
Eventuri;Eventuri;2238;1342,8;25;7;EVE-P991T-INT;Porsche 991 Turbo Black Carbon intake;;Home;Porsche 991 Turbo Black Carbon intake;Eventuri,EVE-P991T-INT,Porsche 991 Turbo Black Carbon intake;Eventuri,EVE-P991T-INT,Porsche 991 Turbo Black Carbon intake;Eventuri-EVE-P991T-INT;92x31x40
Eventuri;Eventuri;2238;1342,8;25;7;EVE-GT3RS-INT;Porsche 991.1 991.2 GT3RS Carbon Intake;;Home;Porsche 991.1 991.2 GT3RS Carbon Intake;Eventuri,EVE-GT3RS-INT,Porsche 991.1 991.2 GT3RS Carbon Intake;Eventuri,EVE-GT3RS-INT,Porsche 991.1 991.2 GT3RS Carbon Intake;Eventuri-EVE-GT3RS-INT;92x31x40
Eventuri;Eventuri;2719;1631,4;25;7;EVE-4V8TT-CF-INT;Porsche Cayenne 2020+ GTS, 2019+ Turbo S 4.0 TFSI Intake;;Home;Porsche Cayenne 2020+ GTS, 2019+ Turbo S 4.0 TFSI Intake;Eventuri,EVE-4V8TT-CF-INT,Porsche Cayenne 2020+ GTS, 2019+ Turbo S 4.0 TFSI Intake;Eventuri,EVE-4V8TT-CF-INT,Porsche Cayenne 2020+ GTS, 2019+ Turbo S 4.0 TFSI Intake;Eventuri-EVE-4V8TT-CF-INT;97x76x22
Eventuri;Eventuri;885;531;25;7;EVE-2TFSI-CF-INT;Leon Cupra 2.0 TFSI- Full Black Carbon intake;;Home;Leon Cupra 2.0 TFSI- Full Black Carbon intake;Eventuri,EVE-2TFSI-CF-INT,Leon Cupra 2.0 TFSI- Full Black Carbon intake;Eventuri,EVE-2TFSI-CF-INT,Leon Cupra 2.0 TFSI- Full Black Carbon intake;Eventuri-EVE-2TFSI-CF-INT;38x38x38
Eventuri;Eventuri;1333;799,8;25;7;EVE-EA8884-GTi-INT;MK4 Leon Cupra Formentor 2.0 VZ1 245hp 2020+ Carbon intake;;Home;MK4 Leon Cupra Formentor 2.0 VZ1 245hp 2020+ Carbon intake;Eventuri,EVE-EA8884-GTi-INT,MK4 Leon Cupra Formentor 2.0 VZ1 245hp 2020+ Carbon intake;Eventuri,EVE-EA8884-GTi-INT,MK4 Leon Cupra Formentor 2.0 VZ1 245hp 2020+ Carbon intake;Eventuri-EVE-EA8884-GTi-INT;92x31x40
Eventuri;Eventuri;1333;799,8;25;7;EVE-EA8884-R-INT;MK4 Leon Cupra Formentor 2.0 VZ2 300hp 2020+ Carbon intake;;Home;MK4 Leon Cupra Formentor 2.0 VZ2 300hp 2020+ Carbon intake;Eventuri,EVE-EA8884-R-INT,MK4 Leon Cupra Formentor 2.0 VZ2 300hp 2020+ Carbon intake;Eventuri,EVE-EA8884-R-INT,MK4 Leon Cupra Formentor 2.0 VZ2 300hp 2020+ Carbon intake;Eventuri-EVE-EA8884-R-INT;92x31x40
Eventuri;Eventuri;1714;1028,4;25;7;EVE-ST38Y-CF-INT;MK4 Leon Cupra Formentor 2.5 VZ5 390hp 2020+ Carbon intake;;Home;MK4 Leon Cupra Formentor 2.5 VZ5 390hp 2020+ Carbon intake;Eventuri,EVE-ST38Y-CF-INT,MK4 Leon Cupra Formentor 2.5 VZ5 390hp 2020+ Carbon intake;Eventuri,EVE-ST38Y-CF-INT,MK4 Leon Cupra Formentor 2.5 VZ5 390hp 2020+ Carbon intake;Eventuri-EVE-ST38Y-CF-INT;92x31x40
Eventuri;Eventuri;1333;799,8;25;7;EVE-A90-CF-INT;Toyota MK5 3.0 B58 Supra Carbon Intake;;Home;Toyota MK5 3.0 B58 Supra Carbon Intake;Eventuri,EVE-A90-CF-INT,Toyota MK5 3.0 B58 Supra Carbon Intake;Eventuri,EVE-A90-CF-INT,Toyota MK5 3.0 B58 Supra Carbon Intake;Eventuri-EVE-A90-CF-INT;38x38x38
Eventuri;Eventuri;1333;799,8;25;7;EVE-A90B48-INT;Toyota MK5 2.0 B48 Supra Carbon Intake;;Home;Toyota MK5 2.0 B48 Supra Carbon Intake;Eventuri,EVE-A90B48-INT,Toyota MK5 2.0 B48 Supra Carbon Intake;Eventuri,EVE-A90B48-INT,Toyota MK5 2.0 B48 Supra Carbon Intake;Eventuri-EVE-A90B48-INT;92x22x40
Eventuri;Eventuri;790;474;25;7;EVE-A90-CF-HDP;Toyota MK5 Supra Carbon Headlamp Duct;;Home;Toyota MK5 Supra Carbon Headlamp Duct;Eventuri,EVE-A90-CF-HDP,Toyota MK5 Supra Carbon Headlamp Duct;Eventuri,EVE-A90-CF-HDP,Toyota MK5 Supra Carbon Headlamp Duct;Eventuri-EVE-A90-CF-HDP;72x72x21
Eventuri;Eventuri;570;342;25;7;EVE-A90-CF-ENG;Toyota MK5 Supra Carbon Engine cover;;Home;Toyota MK5 Supra Carbon Engine cover;Eventuri,EVE-A90-CF-ENG,Toyota MK5 Supra Carbon Engine cover;Eventuri,EVE-A90-CF-ENG,Toyota MK5 Supra Carbon Engine cover;Eventuri-EVE-A90-CF-ENG;92x22x40
Eventuri;Eventuri;570;342;25;7;EVE-GR4-CF-ENG;Toyota GR Yaris/Corolla Carbon Engine Cover - Gloss;;Home;Toyota GR Yaris/Corolla Carbon Engine Cover - Gloss;Eventuri,EVE-GR4-CF-ENG,Toyota GR Yaris/Corolla Carbon Engine Cover - Gloss;Eventuri,EVE-GR4-CF-ENG,Toyota GR Yaris/Corolla Carbon Engine Cover - Gloss;Eventuri-EVE-GR4-CF-ENG;68x38x15
Eventuri;Eventuri;570;342;25;7;EVE-GR4-CFM-ENG;Toyota GR Yaris/Corolla Carbon Engine Cover - Matte;;Home;Toyota GR Yaris/Corolla Carbon Engine Cover - Matte;Eventuri,EVE-GR4-CFM-ENG,Toyota GR Yaris/Corolla Carbon Engine Cover - Matte;Eventuri,EVE-GR4-CFM-ENG,Toyota GR Yaris/Corolla Carbon Engine Cover - Matte;Eventuri-EVE-GR4-CFM-ENG;68x38x15
Eventuri;Eventuri;1300;780;25;7;EVE-GR4-CF-INT;Toyota GR Yaris Carbon Intake - Gloss;;Home;Toyota GR Yaris Carbon Intake - Gloss;Eventuri,EVE-GR4-CF-INT,Toyota GR Yaris Carbon Intake - Gloss;Eventuri,EVE-GR4-CF-INT,Toyota GR Yaris Carbon Intake - Gloss;Eventuri-EVE-GR4-CF-INT;71x38x35
Eventuri;Eventuri;1300;780;25;7;EVE-GR4-CFM-INT;Toyota GR Yaris Carbon Intake - Matte;;Home;Toyota GR Yaris Carbon Intake - Matte;Eventuri,EVE-GR4-CFM-INT,Toyota GR Yaris Carbon Intake - Matte;Eventuri,EVE-GR4-CFM-INT,Toyota GR Yaris Carbon Intake - Matte;Eventuri-EVE-GR4-CFM-INT;71x38x35
Eventuri;Eventuri;1440;864;25;7;EVE-GR4CR-CF-INT;Toyota GR Corolla Carbon Intake - Gloss;;Home;Toyota GR Corolla Carbon Intake - Gloss;Eventuri,EVE-GR4CR-CF-INT,Toyota GR Corolla Carbon Intake - Gloss;Eventuri,EVE-GR4CR-CF-INT,Toyota GR Corolla Carbon Intake - Gloss;Eventuri-EVE-GR4CR-CF-INT;71x38x35
Eventuri;Eventuri;1440;864;25;7;EVE-GR4CR-CFM-INT;Toyota GR Corolla Carbon Intake - Matte;;Home;Toyota GR Corolla Carbon Intake - Matte;Eventuri,EVE-GR4CR-CFM-INT,Toyota GR Corolla Carbon Intake - Matte;Eventuri,EVE-GR4CR-CFM-INT,Toyota GR Corolla Carbon Intake - Matte;Eventuri-EVE-GR4CR-CFM-INT;71x38x35
Eventuri;Eventuri;885;531;25;7;EVE-2TFSI-CF-INT;Golf MK7 GTi, R Carbon intake;;Home;Golf MK7 GTi, R Carbon intake;Eventuri,EVE-2TFSI-CF-INT,Golf MK7 GTi, R Carbon intake;Eventuri,EVE-2TFSI-CF-INT,Golf MK7 GTi, R Carbon intake;Eventuri-EVE-2TFSI-CF-INT;38x38x38
Eventuri;Eventuri;1333;799,8;25;7;EVE-EA8884-R-INT;Golf MK8 R, Gti Clubsport Carbon intake;;Home;Golf MK8 R, Gti Clubsport Carbon intake;Eventuri,EVE-EA8884-R-INT,Golf MK8 R, Gti Clubsport Carbon intake;Eventuri,EVE-EA8884-R-INT,Golf MK8 R, Gti Clubsport Carbon intake;Eventuri-EVE-EA8884-R-INT;92x31x40
Eventuri;Eventuri;1333;799,8;25;7;EVE-EA8884-GTI-INT;Golf MK8 Gti Carbon intake;;Home;Golf MK8 Gti Carbon intake;Eventuri,EVE-EA8884-GTI-INT,Golf MK8 Gti Carbon intake;Eventuri,EVE-EA8884-GTI-INT,Golf MK8 Gti Carbon intake;Eventuri-EVE-EA8884-GTI-INT;92x31x40
Eventuri;Eventuri;570;342;25;7;EVE-EA8884-CF-ENG;Golf MK8 Engine Cover;;Home;Golf MK8 Engine Cover;Eventuri,EVE-EA8884-CF-ENG,Golf MK8 Engine Cover;Eventuri,EVE-EA8884-CF-ENG,Golf MK8 Engine Cover;Eventuri-EVE-EA8884-CF-ENG;68x38x15
Eventuri;Eventuri;28;16,8;25;7;EVE-FLC;Filter Cleaning Kit;;Home;Filter Cleaning Kit;Eventuri,EVE-FLC,Filter Cleaning Kit;Eventuri,EVE-FLC,Filter Cleaning Kit;Eventuri-EVE-FLC;TBC
Eventuri;Eventuri;85;51;25;7;EVE-151-G2-FTR;Replacement Filter TYPE S;;Home;Replacement Filter TYPE S;Eventuri,EVE-151-G2-FTR,Replacement Filter TYPE S;Eventuri,EVE-151-G2-FTR,Replacement Filter TYPE S;Eventuri-EVE-151-G2-FTR;19x16x16
Eventuri;Eventuri;85;51;25;7;EVE-661-G2-FTR;Replacement Filter TYPE B;;Home;Replacement Filter TYPE B;Eventuri,EVE-661-G2-FTR,Replacement Filter TYPE B;Eventuri,EVE-661-G2-FTR,Replacement Filter TYPE B;Eventuri-EVE-661-G2-FTR;19x18x18
Eventuri;Eventuri;85;51;25;7;EVE-991-FTR ;Replacement Filter TYPE E;;Home;Replacement Filter TYPE E;Eventuri,EVE-991-FTR ,Replacement Filter TYPE E;Eventuri,EVE-991-FTR ,Replacement Filter TYPE E;Eventuri-EVE-991-FTR;26x26x26
Eventuri;Eventuri;95;57;25;7;EVE-W210-FTR ;Replacement Filter TYPE D;;Home;Replacement Filter TYPE D;Eventuri,EVE-W210-FTR ,Replacement Filter TYPE D;Eventuri,EVE-W210-FTR ,Replacement Filter TYPE D;Eventuri-EVE-W210-FTR;25x24x20
Eventuri;Eventuri;85;51;25;7;EVE-15144-G2-FTR;Replacement Filter TYPE L;;Home;Replacement Filter TYPE L;Eventuri,EVE-15144-G2-FTR,Replacement Filter TYPE L;Eventuri,EVE-15144-G2-FTR,Replacement Filter TYPE L;Eventuri-EVE-15144-G2-FTR;24x18x17
Eventuri;Eventuri;95;57;25;7;EVE-W192-FTR ;Replacement Filter TYPE D2;;Home;Replacement Filter TYPE D2;Eventuri,EVE-W192-FTR ,Replacement Filter TYPE D2;Eventuri,EVE-W192-FTR ,Replacement Filter TYPE D2;Eventuri-EVE-W192-FTR;25x24x20
Eventuri;Eventuri;85;51;25;7;EVE-1046-FTR;Replacement Filter TYPE L2;;Home;Replacement Filter TYPE L2;Eventuri,EVE-1046-FTR,Replacement Filter TYPE L2;Eventuri,EVE-1046-FTR,Replacement Filter TYPE L2;Eventuri-EVE-1046-FTR;24x18x17
Eventuri;Eventuri;59;35,4;25;7;EVE-E46-PF;BMW E46 M3 Panel Filter Pair;;Home;BMW E46 M3 Panel Filter Pair;Eventuri,EVE-E46-PF,BMW E46 M3 Panel Filter Pair;Eventuri,EVE-E46-PF,BMW E46 M3 Panel Filter Pair;Eventuri-EVE-E46-PF;30x21x4
Eventuri;Eventuri;114;68,4;25;7;EVE-F8XM-PF;BMW F8X M3/M4 Panel Filter Pair;;Home;BMW F8X M3/M4 Panel Filter Pair;Eventuri,EVE-F8XM-PF,BMW F8X M3/M4 Panel Filter Pair;Eventuri,EVE-F8XM-PF,BMW F8X M3/M4 Panel Filter Pair;Eventuri-EVE-F8XM-PF;45x25x6
Eventuri;Eventuri;114;68,4;25;7;EVE-F10M5-PF;BMW F1X M5/M6 Panel Filter Pair;;Home;BMW F1X M5/M6 Panel Filter Pair;Eventuri,EVE-F10M5-PF,BMW F1X M5/M6 Panel Filter Pair;Eventuri,EVE-F10M5-PF,BMW F1X M5/M6 Panel Filter Pair;Eventuri-EVE-F10M5-PF;45x25x6
Eventuri;Eventuri;81;48,6;25;7;EVE-N55-PF;BMW N55 Panel Filter ;;Home;BMW N55 Panel Filter ;Eventuri,EVE-N55-PF,BMW N55 Panel Filter ;Eventuri,EVE-N55-PF,BMW N55 Panel Filter ;Eventuri-EVE-N55-PF;31x27x5
Eventuri;Eventuri;190;114;25;7;EVE-FX34M-PF;BMW F9X X3M/X4M Panel Filter Replacement Set;;Home;BMW F9X X3M/X4M Panel Filter Replacement Set;Eventuri,EVE-FX34M-PF,BMW F9X X3M/X4M Panel Filter Replacement Set;Eventuri,EVE-FX34M-PF,BMW F9X X3M/X4M Panel Filter Replacement Set;Eventuri-EVE-FX34M-PF;33x14x12
Eventuri;Eventuri;114;68,4;25;7;EVE-C63-FTR;Panel Filter for Eventuri GLC63S / C63S Intake set of 2;;Home;Panel Filter for Eventuri GLC63S / C63S Intake set of 2;Eventuri,EVE-C63-FTR,Panel Filter for Eventuri GLC63S / C63S Intake set of 2;Eventuri,EVE-C63-FTR,Panel Filter for Eventuri GLC63S / C63S Intake set of 2;Eventuri-EVE-C63-FTR;30x20x8
Eventuri;Eventuri;252;151,2;25;7;EVE-C8BMC-FTR;Custom BMC Panel Filter For C8 RS6 Intake;;Home;Custom BMC Panel Filter For C8 RS6 Intake;Eventuri,EVE-C8BMC-FTR,Custom BMC Panel Filter For C8 RS6 Intake;Eventuri,EVE-C8BMC-FTR,Custom BMC Panel Filter For C8 RS6 Intake;Eventuri-EVE-C8BMC-FTR;
Eventuri;Eventuri;14;8,4;25;7;EVE-Vbadge;V Badge;;Home;V Badge;Eventuri,EVE-Vbadge,V Badge;Eventuri,EVE-Vbadge,V Badge;Eventuri-EVE-Vbadge;18x18x2
Eventuri;Eventuri;71;42,6;25;7;EVE-F56-MAF;Mini Cooper S/JCW MAF tube;;Home;Mini Cooper S/JCW MAF tube;Eventuri,EVE-F56-MAF,Mini Cooper S/JCW MAF tube;Eventuri,EVE-F56-MAF,Mini Cooper S/JCW MAF tube;Eventuri-EVE-F56-MAF;10x10x10
Eventuri;Eventuri;71;42,6;25;7;EVE-F56-LCI-MAF;Mini Cooper S/JCW Facelift MAF tube;;Home;Mini Cooper S/JCW Facelift MAF tube;Eventuri,EVE-F56-LCI-MAF,Mini Cooper S/JCW Facelift MAF tube;Eventuri,EVE-F56-LCI-MAF,Mini Cooper S/JCW Facelift MAF tube;Eventuri-EVE-F56-LCI-MAF;10x10x10
Eventuri;Eventuri;71;42,6;25;7;EVE-FK8-CHG-SLC;Honda FK8 Silicon between Intake and Upgraded Chargepipe;;Home;Honda FK8 Silicon between Intake and Upgraded Chargepipe;Eventuri,EVE-FK8-CHG-SLC,Honda FK8 Silicon between Intake and Upgraded Chargepipe;Eventuri,EVE-FK8-CHG-SLC,Honda FK8 Silicon between Intake and Upgraded Chargepipe;Eventuri-EVE-FK8-CHG-SLC;
