Manufacturer;Supplier; Price Euro ; Purchase Euro ;%;VAT;Reference;Product;Category;Meta title;Tags;Keywords;Size
Eventuri;Eventuri;609;365,4;25;7;EVE-S1-CF-INT;Audi S1 2 TFSI Black Carbon intake;Home;Eventuri Audi S1 2 TFSI Black Carbon intake;Eventuri,Audi,S1,2,TFSI,Black,Carbon,intake;Audi,S1,2,TFSI,Black,Carbon,intake;38x38x30
Eventuri;Eventuri;1 333,00;799,8;25;7;EVE-8YS3-CF-INT;Audi S3 8Y 2020+, TTS 2022+ Carbon Intake;Home;Eventuri Audi S3 8Y 2020+, TTS 2022+ Carbon Intake;Eventuri,Audi,S3,8Y,2020+,,TTS,2022+,Carbon,Intake;Audi,S3,8Y,2020+,,TTS,2022+,Carbon,Intake;92x31x40
Eventuri;Eventuri;885;531;25;7;EVE-2TFSI-CF-INT;Audi S3 8V 2 TFSI Full Black Carbon intake;Home;Eventuri Audi S3 8V 2 TFSI Full Black Carbon intake;Eventuri,Audi,S3,8V,2,TFSI,Full,Black,Carbon,intake;Audi,S3,8V,2,TFSI,Full,Black,Carbon,intake;38x38x38
Eventuri;Eventuri;1 647,00;988,2;25;7;EVE-8VRS3-CF-LHD-INT;Audi 8V RS3 LHD Full Black Carbon intake Gen 1;Home;Eventuri Audi 8V RS3 LHD Full Black Carbon intake Gen 1;Eventuri,Audi,8V,RS3,LHD,Full,Black,Carbon,intake,Gen,1;Audi,8V,RS3,LHD,Full,Black,Carbon,intake,Gen,1;92x31x40
Eventuri;Eventuri;1 647,00;988,2;25;7;EVE-8VRS3-CF-RHD-INT;Audi 8V RS3 RHD Full Black Carbon intake Gen 1;Home;Eventuri Audi 8V RS3 RHD Full Black Carbon intake Gen 1;Eventuri,Audi,8V,RS3,RHD,Full,Black,Carbon,intake,Gen,1;Audi,8V,RS3,RHD,Full,Black,Carbon,intake,Gen,1;92x31x40
Eventuri;Eventuri;1 714,00;1028,4;25;7;EVE-ST38V8S-CF-INT;Audi RS3 Gen 2 / TTRS 8S intake for DAZA and DWNA Engines;Home;Eventuri Audi RS3 Gen 2 / TTRS 8S intake for DAZA and DWNA Engines;Eventuri,Audi,RS3,Gen,2,/,TTRS,8S,intake,for,DAZA,and,DWNA,Engines;Audi,RS3,Gen,2,/,TTRS,8S,intake,for,DAZA,and,DWNA,Engines;92x31x40
Eventuri;Eventuri;400;240;25;7;EVE-RSQ3-DCT;Audi RS3 Gen 2 Duct for APR Throttle Body;Home;Eventuri Audi RS3 Gen 2 Duct for APR Throttle Body;Eventuri,Audi,RS3,Gen,2,Duct,for,APR,Throttle,Body;Audi,RS3,Gen,2,Duct,for,APR,Throttle,Body;92x31x40
Eventuri;Eventuri;781;468,6;25;7;EVE-ST38V8S-CF-HDP;Audi RS3 Carbon Headlamp Race Ducts for Stage 3 intake;Home;Eventuri Audi RS3 Carbon Headlamp Race Ducts for Stage 3 intake;Eventuri,Audi,RS3,Carbon,Headlamp,Race,Ducts,for,Stage,3,intake;Audi,RS3,Carbon,Headlamp,Race,Ducts,for,Stage,3,intake;71x38x35
Eventuri;Eventuri;1 714,00;1028,4;25;7;EVE-ST38Y-CF-INT;Audi RS3 8Y 2020+ Carbon Intake;Home;Eventuri Audi RS3 8Y 2020+ Carbon Intake;Eventuri,Audi,RS3,8Y,2020+,Carbon,Intake;Audi,RS3,8Y,2020+,Carbon,Intake;92x31x40
Eventuri;Eventuri;571;342,6;25;7;EVE-TRB8V8S-LHD-NIL ;Audi RS3 / TTRS Gen 2 8V 8Y LHD Carbon turbo inlet with NO FLANGE;Home;Eventuri Audi RS3 / TTRS Gen 2 8V 8Y LHD Carbon turbo inlet with NO FLANGE;Eventuri,Audi,RS3,/,TTRS,Gen,2,8V,8Y,LHD,Carbon,turbo,inlet,with,NO,FLANGE;Audi,RS3,/,TTRS,Gen,2,8V,8Y,LHD,Carbon,turbo,inlet,with,NO,FLANGE;42x30x13
Eventuri;Eventuri;571;342,6;25;7;EVE-TRB8V8S-RHD-NIL ;Audi RS3 / TTRS Gen 2 8V 8Y RHD Carbon turbo inlet with NO FLANGE;Home;Eventuri Audi RS3 / TTRS Gen 2 8V 8Y RHD Carbon turbo inlet with NO FLANGE;Eventuri,Audi,RS3,/,TTRS,Gen,2,8V,8Y,RHD,Carbon,turbo,inlet,with,NO,FLANGE;Audi,RS3,/,TTRS,Gen,2,8V,8Y,RHD,Carbon,turbo,inlet,with,NO,FLANGE;42x30x13
Eventuri;Eventuri;47;28,2;25;7;EVE-TRB8V8S-FLG-STK;Stock Turbo Flange for RS3/TTRS Carbon Turbo Inlet;Home;Eventuri Stock Turbo Flange for RS3/TTRS Carbon Turbo Inlet;Eventuri,Stock,Turbo,Flange,for,RS3/TTRS,Carbon,Turbo,Inlet;Stock,Turbo,Flange,for,RS3/TTRS,Carbon,Turbo,Inlet;10x10x10
Eventuri;Eventuri;47;28,2;25;7;EVE-TRB8V8S-FLG-TTE;TTE700/625 Turbo Flange for RS3/TTRS Carbon Turbo Inlet;Home;Eventuri TTE700/625 Turbo Flange for RS3/TTRS Carbon Turbo Inlet;Eventuri,TTE700/625,Turbo,Flange,for,RS3/TTRS,Carbon,Turbo,Inlet;TTE700/625,Turbo,Flange,for,RS3/TTRS,Carbon,Turbo,Inlet;10x10x10
Eventuri;Eventuri;47;28,2;25;7;EVE-TRB8V8S-FLG-SRM;SRM GTX Turbo Flange for RS3/TTRS Carbon Turbo Inlet;Home;Eventuri SRM GTX Turbo Flange for RS3/TTRS Carbon Turbo Inlet;Eventuri,SRM,GTX,Turbo,Flange,for,RS3/TTRS,Carbon,Turbo,Inlet;SRM,GTX,Turbo,Flange,for,RS3/TTRS,Carbon,Turbo,Inlet;10x10x10
Eventuri;Eventuri;571;342,6;25;7;EVE-ST38V8S-CF-ENG;Audi RS3 Gen 2 / TTRS 8S Black and Red Engine Cover;Home;Eventuri Audi RS3 Gen 2 / TTRS 8S Black and Red Engine Cover;Eventuri,Audi,RS3,Gen,2,/,TTRS,8S,Black,and,Red,Engine,Cover;Audi,RS3,Gen,2,/,TTRS,8S,Black,and,Red,Engine,Cover;68x38x15
Eventuri;Eventuri;1 714,00;1028,4;25;7;EVE-RSQ3-CF-INT;Audi RSQ3 F3 2019+ Carbon Intake;Home;Eventuri Audi RSQ3 F3 2019+ Carbon Intake;Eventuri,Audi,RSQ3,F3,2019+,Carbon,Intake;Audi,RSQ3,F3,2019+,Carbon,Intake;92x31x40
Eventuri;Eventuri;71;42,6;25;7;EVE-RSQ3-DWNA;Audi RSQ3 DWNA Adapter set;Home;Eventuri Audi RSQ3 DWNA Adapter set;Eventuri,Audi,RSQ3,DWNA,Adapter,set;Audi,RSQ3,DWNA,Adapter,set;27x17x12
Eventuri;Eventuri;2 425,00;1455;25;7;EVE-RS5-INT;Audi B8 RS5/RS4 Black Carbon intake;Home;Eventuri Audi B8 RS5/RS4 Black Carbon intake;Eventuri,Audi,B8,RS5/RS4,Black,Carbon,intake;Audi,B8,RS5/RS4,Black,Carbon,intake;92x22x40
Eventuri;Eventuri;809;485,4;25;7;EVE-RS4-CF-SLM;Audi B8 RS4 Black Carbon Slam Panel Cover;Home;Eventuri Audi B8 RS4 Black Carbon Slam Panel Cover;Eventuri,Audi,B8,RS4,Black,Carbon,Slam,Panel,Cover;Audi,B8,RS4,Black,Carbon,Slam,Panel,Cover;121x30x12
Eventuri;Eventuri;809;485,4;25;7;EVE-RS5-CF-SLM;Audi B8 RS5 Black Carbon Facelift Slam Panel Cover;Home;Eventuri Audi B8 RS5 Black Carbon Facelift Slam Panel Cover;Eventuri,Audi,B8,RS5,Black,Carbon,Facelift,Slam,Panel,Cover;Audi,B8,RS5,Black,Carbon,Facelift,Slam,Panel,Cover;121x30x12
Eventuri;Eventuri;762;457,2;25;7;EVE-RS5-CF-ENG;Audi B8 RS5/RS4 Black Carbon Engine Cover;Home;Eventuri Audi B8 RS5/RS4 Black Carbon Engine Cover;Eventuri,Audi,B8,RS5/RS4,Black,Carbon,Engine,Cover;Audi,B8,RS5/RS4,Black,Carbon,Engine,Cover;68x38x15
Eventuri;Eventuri;1 380,00;828;25;7;EVE-B9S5-CF-INT;Audi B9 S5/S4 Black Carbon intake;Home;Eventuri Audi B9 S5/S4 Black Carbon intake;Eventuri,Audi,B9,S5/S4,Black,Carbon,intake;Audi,B9,S5/S4,Black,Carbon,intake;38x38x38
Eventuri;Eventuri;1 571,00;942,6;25;7;EVE-B9RS5-CF-INT;Audi B9 RS5/RS4 Black Carbon intake with secondary duct;Home;Eventuri Audi B9 RS5/RS4 Black Carbon intake with secondary duct;Eventuri,Audi,B9,RS5/RS4,Black,Carbon,intake,with,secondary,duct;Audi,B9,RS5/RS4,Black,Carbon,intake,with,secondary,duct;92x31x40
Eventuri;Eventuri;2 238,00;1342,8;25;7;EVE-C7S6-CF-INT;Audi C7 S6 S7 Black Carbon intake;Home;Eventuri Audi C7 S6 S7 Black Carbon intake;Eventuri,Audi,C7,S6,S7,Black,Carbon,intake;Audi,C7,S6,S7,Black,Carbon,intake;92x31x40
Eventuri;Eventuri;2 719,00;1631,4;25;7;EVE-4V8TT-CF-INT;Audi SQ7 / SQ8 2020+ 4 TFSI V8 Twin Turbo Intake;Home;Eventuri Audi SQ7 / SQ8 2020+ 4 TFSI V8 Twin Turbo Intake;Eventuri,Audi,SQ7,/,SQ8,2020+,4,TFSI,V8,Twin,Turbo,Intake;Audi,SQ7,/,SQ8,2020+,4,TFSI,V8,Twin,Turbo,Intake;97x76x22
Eventuri;Eventuri;2 238,00;1342,8;25;7;EVE-C7RS6-CF-INT;Audi C7 RS6 RS7 Black Carbon intake;Home;Eventuri Audi C7 RS6 RS7 Black Carbon intake;Eventuri,Audi,C7,RS6,RS7,Black,Carbon,intake;Audi,C7,RS6,RS7,Black,Carbon,intake;92x31x40
Eventuri;Eventuri;2 650,00;1590;25;7;EVE-C8RS6-CF-INT;Audi C8 RS6 RS7 Black Carbon intake Gloss;Home;Eventuri Audi C8 RS6 RS7 Black Carbon intake Gloss;Eventuri,Audi,C8,RS6,RS7,Black,Carbon,intake,Gloss;Audi,C8,RS6,RS7,Black,Carbon,intake,Gloss;100x35x17
Eventuri;Eventuri;2 650,00;1590;25;7;EVE-C8RS6-CFM-INT;Audi C8 RS6 RS7 Black Carbon intake Matte;Home;Eventuri Audi C8 RS6 RS7 Black Carbon intake Matte;Eventuri,Audi,C8,RS6,RS7,Black,Carbon,intake,Matte;Audi,C8,RS6,RS7,Black,Carbon,intake,Matte;100x35x17
Eventuri;Eventuri;438;262,8;25;7;EVE-C8RS6-TTE;Audi C8 RS6 RS7 TTE 888/1020 Hybrid Turbo Inlets ;Home;Eventuri Audi C8 RS6 RS7 TTE 888/1020 Hybrid Turbo Inlets ;Eventuri,Audi,C8,RS6,RS7,TTE,888/1020,Hybrid,Turbo,Inlets,;Audi,C8,RS6,RS7,TTE,888/1020,Hybrid,Turbo,Inlets,;19x19x18
Eventuri;Eventuri;630;378;25;7;EVE-C8RS6-CF-ENG;Audi C8 RS6 RS7 Black Carbon Engine Cover Gloss;Home;Eventuri Audi C8 RS6 RS7 Black Carbon Engine Cover Gloss;Eventuri,Audi,C8,RS6,RS7,Black,Carbon,Engine,Cover,Gloss;Audi,C8,RS6,RS7,Black,Carbon,Engine,Cover,Gloss;71x66x13
Eventuri;Eventuri;630;378;25;7;EVE-C8RS6-CFM-ENG;Audi C8 RS6 RS7 Black Carbon Engine Cover Matte;Home;Eventuri Audi C8 RS6 RS7 Black Carbon Engine Cover Matte;Eventuri,Audi,C8,RS6,RS7,Black,Carbon,Engine,Cover,Matte;Audi,C8,RS6,RS7,Black,Carbon,Engine,Cover,Matte;71x66x13
Eventuri;Eventuri;70;42;25;7;EVE-C8RS6-PCV;Audi C8 RS6 2023 Breather Adapter Kit;Home;Eventuri Audi C8 RS6 2023 Breather Adapter Kit;Eventuri,Audi,C8,RS6,2023,Breather,Adapter,Kit;Audi,C8,RS6,2023,Breather,Adapter,Kit;10x10x10
Eventuri;Eventuri;2 719,00;1631,4;25;7;EVE-4V8TT-CF-INT;Audi RSQ7 / RSQ8 2020+ 4 TFSI V8 Twin Turbo Intake;Home;Eventuri Audi RSQ7 / RSQ8 2020+ 4 TFSI V8 Twin Turbo Intake;Eventuri,Audi,RSQ7,/,RSQ8,2020+,4,TFSI,V8,Twin,Turbo,Intake;Audi,RSQ7,/,RSQ8,2020+,4,TFSI,V8,Twin,Turbo,Intake;97x76x22
Eventuri;Eventuri;2 210,00;1326;25;7;EVE-HCN-CF-INT;Audi R8 V10 4S 2015+;Home;Eventuri Audi R8 V10 4S 2015+;Eventuri,Audi,R8,V10,4S,2015+;Audi,R8,V10,4S,2015+;92x31x40
Eventuri;Eventuri;2 719,00;1631,4;25;7;EVE-4V8TT-CF-INT;Bentayga 4 TFSI V8 Twin Turbo Intake ;Home;Eventuri Bentayga 4 TFSI V8 Twin Turbo Intake ;Eventuri,Bentayga,4,TFSI,V8,Twin,Turbo,Intake,;Bentayga,4,TFSI,V8,Twin,Turbo,Intake,;97x76x22
Eventuri;Eventuri;1 238,00;742,8;25;7;EVE-B58-CF-INT;BMW B58 M140i, M240i, M340i Black Carbon intake;Home;Eventuri BMW B58 M140i, M240i, M340i Black Carbon intake;Eventuri,BMW,B58,M140i,,M240i,,M340i,Black,Carbon,intake;BMW,B58,M140i,,M240i,,M340i,Black,Carbon,intake;71x38x35
Eventuri;Eventuri;619;371,4;25;7;EVE-B58F-CF-ENG;BMW B58 M140i, M240i, M340i  F Series Carbon Engine Cover;Home;Eventuri BMW B58 M140i, M240i, M340i  F Series Carbon Engine Cover;Eventuri,BMW,B58,M140i,,M240i,,M340i,,F,Series,Carbon,Engine,Cover;BMW,B58,M140i,,M240i,,M340i,,F,Series,Carbon,Engine,Cover;72x72x21
Eventuri;Eventuri;1 238,00;742,8;25;7;EVE-E39-INT;BMW E39 M5 Black Carbon intake;Home;Eventuri BMW E39 M5 Black Carbon intake;Eventuri,BMW,E39,M5,Black,Carbon,intake;BMW,E39,M5,Black,Carbon,intake;92x31x40
Eventuri;Eventuri;928;556,8;25;7;EVE-E46-INT;BMW E46 M3 Black Carbon intake;Home;Eventuri BMW E46 M3 Black Carbon intake;Eventuri,BMW,E46,M3,Black,Carbon,intake;BMW,E46,M3,Black,Carbon,intake;38x38x38
Eventuri;Eventuri;176;105,6;25;7;EVE-E46-SC;BMW E46 M3 Carbon Scoop ;Home;Eventuri BMW E46 M3 Carbon Scoop ;Eventuri,BMW,E46,M3,Carbon,Scoop,;BMW,E46,M3,Carbon,Scoop,;TBC
Eventuri;Eventuri;1 295,00;777;25;7;EVE-E60-CF-INT;BMW E6X M5/M6 Black Carbon intake;Home;Eventuri BMW E6X M5/M6 Black Carbon intake;Eventuri,BMW,E6X,M5/M6,Black,Carbon,intake;BMW,E6X,M5/M6,Black,Carbon,intake;38x38x38
Eventuri;Eventuri;828;496,8;25;7;EVE-E9X-CF-INT;BMW E9X M3 Black Carbon intake Gloss;Home;Eventuri BMW E9X M3 Black Carbon intake Gloss;Eventuri,BMW,E9X,M3,Black,Carbon,intake,Gloss;BMW,E9X,M3,Black,Carbon,intake,Gloss;38x38x30
Eventuri;Eventuri;828;496,8;25;7;EVE-E9X-CFM-INT;BMW E9X M3 Black Carbon intake Matte;Home;Eventuri BMW E9X M3 Black Carbon intake Matte;Eventuri,BMW,E9X,M3,Black,Carbon,intake,Matte;BMW,E9X,M3,Black,Carbon,intake,Matte;38x38x30
Eventuri;Eventuri;2 238,00;1342,8;25;7;EVE-E9X-CF-PLM;BMW E9X M3 Carbon Inlet Plenum Gloss;Home;Eventuri BMW E9X M3 Carbon Inlet Plenum Gloss;Eventuri,BMW,E9X,M3,Carbon,Inlet,Plenum,Gloss;BMW,E9X,M3,Carbon,Inlet,Plenum,Gloss;77x27x67
Eventuri;Eventuri;2 238,00;1342,8;25;7;EVE-E9X-CFM-PLM;BMW E9X M3 Carbon Inlet Plenum Matte;Home;Eventuri BMW E9X M3 Carbon Inlet Plenum Matte;Eventuri,BMW,E9X,M3,Carbon,Inlet,Plenum,Matte;BMW,E9X,M3,Carbon,Inlet,Plenum,Matte;77x27x67
Eventuri;Eventuri;571;342,6;25;7;EVE-E9X-CF-ARB;BMW E9X M3 Carbon Airbox Lid Gloss;Home;Eventuri BMW E9X M3 Carbon Airbox Lid Gloss;Eventuri,BMW,E9X,M3,Carbon,Airbox,Lid,Gloss;BMW,E9X,M3,Carbon,Airbox,Lid,Gloss;68x38x15
Eventuri;Eventuri;571;342,6;25;7;EVE-E9X-CFM-ARB;BMW E9X M3 Carbon Airbox Lid Matte;Home;Eventuri BMW E9X M3 Carbon Airbox Lid Matte;Eventuri,BMW,E9X,M3,Carbon,Airbox,Lid,Matte;BMW,E9X,M3,Carbon,Airbox,Lid,Matte;68x38x15
Eventuri;Eventuri;795;477;25;7;EVE-E9X-CF-DCT;BMW E9X M3 Carbon Duct Set Gloss;Home;Eventuri BMW E9X M3 Carbon Duct Set Gloss;Eventuri,BMW,E9X,M3,Carbon,Duct,Set,Gloss;BMW,E9X,M3,Carbon,Duct,Set,Gloss;52x37x16
Eventuri;Eventuri;795;477;25;7;EVE-E9X-CFM-DCT;BMW E9X M3 Carbon Duct Set Matte;Home;Eventuri BMW E9X M3 Carbon Duct Set Matte;Eventuri,BMW,E9X,M3,Carbon,Duct,Set,Matte;BMW,E9X,M3,Carbon,Duct,Set,Matte;52x37x16
Eventuri;Eventuri;790;474;25;7;EVE-S55-CF-CHG;BMW S55 Carbon Chargepipes - Set of 2 Upper Chargepipes;Home;Eventuri BMW S55 Carbon Chargepipes - Set of 2 Upper Chargepipes;Eventuri,BMW,S55,Carbon,Chargepipes,-,Set,of,2,Upper,Chargepipes;BMW,S55,Carbon,Chargepipes,-,Set,of,2,Upper,Chargepipes;52x37x16
Eventuri;Eventuri;1 190,00;714;25;7;EVE-S62-CF-PLM;BMW S62 V8 Carbon Plenum Lid for E39 M5 and Z8;Home;Eventuri BMW S62 V8 Carbon Plenum Lid for E39 M5 and Z8;Eventuri,BMW,S62,V8,Carbon,Plenum,Lid,for,E39,M5,and,Z8;BMW,S62,V8,Carbon,Plenum,Lid,for,E39,M5,and,Z8;72x72x21
Eventuri;Eventuri;2 392,00;1435,2;25;7;EVE-F8XMV2-CF-INT;BMW F8X M3/M4 V2 Full Black Carbon intake with SEALED Carbon ducts;Home;Eventuri BMW F8X M3/M4 V2 Full Black Carbon intake with SEALED Carbon ducts;Eventuri,BMW,F8X,M3/M4,V2,Full,Black,Carbon,intake,with,SEALED,Carbon,ducts;BMW,F8X,M3/M4,V2,Full,Black,Carbon,intake,with,SEALED,Carbon,ducts;92x31x40
Eventuri;Eventuri;1 047,00;628,2;25;7;EVE-F8XM-CF-SBC;BMW F8X M3/M4 Black Carbon Seat Back Covers;Home;Eventuri BMW F8X M3/M4 Black Carbon Seat Back Covers;Eventuri,BMW,F8X,M3/M4,Black,Carbon,Seat,Back,Covers;BMW,F8X,M3/M4,Black,Carbon,Seat,Back,Covers;92x31x40
Eventuri;Eventuri;714;428,4;25;7;EVE-F8XM-CF-ENG;BMW F8X M3/M4 Black Carbon  Engine Cover;Home;Eventuri BMW F8X M3/M4 Black Carbon  Engine Cover;Eventuri,BMW,F8X,M3/M4,Black,Carbon,,Engine,Cover;BMW,F8X,M3/M4,Black,Carbon,,Engine,Cover;68x38x15
Eventuri;Eventuri;2 095,00;1257;25;7;EVE-F9XM5M8-CF-INT;BMW F9X M5/M8 Black Carbon intake with shrouds;Home;Eventuri BMW F9X M5/M8 Black Carbon intake with shrouds;Eventuri,BMW,F9X,M5/M8,Black,Carbon,intake,with,shrouds;BMW,F9X,M5/M8,Black,Carbon,intake,with,shrouds;71x38x35
Eventuri;Eventuri;285;171;25;7;EVE-F90M5-CF-SHR;BMW F9X M5 Shroud set for upgrading V1 intake;Home;Eventuri BMW F9X M5 Shroud set for upgrading V1 intake;Eventuri,BMW,F9X,M5,Shroud,set,for,upgrading,V1,intake;BMW,F9X,M5,Shroud,set,for,upgrading,V1,intake;26x26x26
Eventuri;Eventuri;630;378;25;7;EVE-F9XM5M8-CHG;BMW F9X M5/M8 Turbo Inlets;Home;Eventuri BMW F9X M5/M8 Turbo Inlets;Eventuri,BMW,F9X,M5/M8,Turbo,Inlets;BMW,F9X,M5/M8,Turbo,Inlets;26x26x26
Eventuri;Eventuri;2 110,00;1266;25;7;EVE-F10M5-INT;BMW F10 M5 Full Black Carbon intake;Home;Eventuri BMW F10 M5 Full Black Carbon intake;Eventuri,BMW,F10,M5,Full,Black,Carbon,intake;BMW,F10,M5,Full,Black,Carbon,intake;92x31x40
Eventuri;Eventuri;2 250,00;1350;25;7;EVE-F1XM6-INT;BMW F1X M6 Full Black Carbon intake;Home;Eventuri BMW F1X M6 Full Black Carbon intake;Eventuri,BMW,F1X,M6,Full,Black,Carbon,intake;BMW,F1X,M6,Full,Black,Carbon,intake;92x31x40
Eventuri;Eventuri;1 238,00;742,8;25;7;EVE-F4XB48-CF-INT;BMW F40 M135i, F44 M235i;Home;Eventuri BMW F40 M135i, F44 M235i;Eventuri,BMW,F40,M135i,,F44,M235i;BMW,F40,M135i,,F44,M235i;92x22x40
Eventuri;Eventuri;1 980,00;1188;25;7;EVE-M2C-CF-INT;BMW F87 M2 Competition Black Carbon intake;Home;Eventuri BMW F87 M2 Competition Black Carbon intake;Eventuri,BMW,F87,M2,Competition,Black,Carbon,intake;BMW,F87,M2,Competition,Black,Carbon,intake;92x22x40
Eventuri;Eventuri;1 314,00;788,4;25;7;EVE-N55V2-CF-INT;V2 BMW F87 M2, F2X M135i, M235i, F3X 335i, 435i Carbon intake;Home;Eventuri V2 BMW F87 M2, F2X M135i, M235i, F3X 335i, 435i Carbon intake;Eventuri,V2,BMW,F87,M2,,F2X,M135i,,M235i,,F3X,335i,,435i,Carbon,intake;V2,BMW,F87,M2,,F2X,M135i,,M235i,,F3X,335i,,435i,Carbon,intake;71x38x35
Eventuri;Eventuri;810;486;25;7;EVE-N55-ENG;BMW N55 Black Carbon Engine Cover;Home;Eventuri BMW N55 Black Carbon Engine Cover;Eventuri,BMW,N55,Black,Carbon,Engine,Cover;BMW,N55,Black,Carbon,Engine,Cover;72x72x21
Eventuri;Eventuri;810;486;25;7;EVE-N55-M2-ENG;BMW F87 M2 Black Carbon Engine Cover;Home;Eventuri BMW F87 M2 Black Carbon Engine Cover;Eventuri,BMW,F87,M2,Black,Carbon,Engine,Cover;BMW,F87,M2,Black,Carbon,Engine,Cover;72x72x21
Eventuri;Eventuri;1 333,00;799,8;25;7;EVE-FX34M-CF-INT;BMW F9X X3M/X4M Carbon Intake System;Home;Eventuri BMW F9X X3M/X4M Carbon Intake System;Eventuri,BMW,F9X,X3M/X4M,Carbon,Intake,System;BMW,F9X,X3M/X4M,Carbon,Intake,System;72x72x21
Eventuri;Eventuri;1 333,00;799,8;25;7;EVE-FX34M-LCI-INT;BMW F9X X3M/X4M Carbon Intake System - LCI Version;Home;Eventuri BMW F9X X3M/X4M Carbon Intake System - LCI Version;Eventuri,BMW,F9X,X3M/X4M,Carbon,Intake,System,-,LCI,Version;BMW,F9X,X3M/X4M,Carbon,Intake,System,-,LCI,Version;72x72x21
Eventuri;Eventuri;810;486;25;7;EVE-Z4M-INT;BMW Z4M Black Carbon intake;Home;Eventuri BMW Z4M Black Carbon intake;Eventuri,BMW,Z4M,Black,Carbon,intake;BMW,Z4M,Black,Carbon,intake;38x38x38
Eventuri;Eventuri;1 333,00;799,8;25;7;EVE-G20B48-V1-INT;BMW G20 B48/B46 Intake System - Pre 2018 November;Home;Eventuri BMW G20 B48/B46 Intake System - Pre 2018 November;Eventuri,BMW,G20,B48/B46,Intake,System,-,Pre,2018,November;BMW,G20,B48/B46,Intake,System,-,Pre,2018,November;71x38x35
Eventuri;Eventuri;1 333,00;799,8;25;7;EVE-G20B48-V2-INT;BMW G20/G42 B48/B46 Intake System - Post 2018 November;Home;Eventuri BMW G20/G42 B48/B46 Intake System - Post 2018 November;Eventuri,BMW,G20/G42,B48/B46,Intake,System,-,Post,2018,November;BMW,G20/G42,B48/B46,Intake,System,-,Post,2018,November;71x38x35
Eventuri;Eventuri;1 333,00;799,8;25;7;EVE-G20B58-V1-INT;BMW G20 B58 Intake System - Pre 2018 November;Home;Eventuri BMW G20 B58 Intake System - Pre 2018 November;Eventuri,BMW,G20,B58,Intake,System,-,Pre,2018,November;BMW,G20,B58,Intake,System,-,Pre,2018,November;71x38x35
Eventuri;Eventuri;1 333,00;799,8;25;7;EVE-G20B58-V2-INT;BMW G20/G42 B58 Intake System - Post 2018 November;Home;Eventuri BMW G20/G42 B58 Intake System - Post 2018 November;Eventuri,BMW,G20/G42,B58,Intake,System,-,Post,2018,November;BMW,G20/G42,B58,Intake,System,-,Post,2018,November;71x38x35
Eventuri;Eventuri;571;342,6;25;7;EVE-G20B48-CF-ENG;BMW G20, G29 Z4, B48 Engine Cover;Home;Eventuri BMW G20, G29 Z4, B48 Engine Cover;Eventuri,BMW,G20,,G29,Z4,,B48,Engine,Cover;BMW,G20,,G29,Z4,,B48,Engine,Cover;72x72x21
Eventuri;Eventuri;1 333,00;799,8;25;7;EVE-Z4B58-CF-INT;BMW G29 Z4 M40i B58 Carbon Intake;Home;Eventuri BMW G29 Z4 M40i B58 Carbon Intake;Eventuri,BMW,G29,Z4,M40i,B58,Carbon,Intake;BMW,G29,Z4,M40i,B58,Carbon,Intake;38x38x38
Eventuri;Eventuri;1 333,00;799,8;25;7;EVE-G29Z4-B48-INT;BMW G29 Z4 2 B48 Carbon Intake;Home;Eventuri BMW G29 Z4 2 B48 Carbon Intake;Eventuri,BMW,G29,Z4,2,B48,Carbon,Intake;BMW,G29,Z4,2,B48,Carbon,Intake;71x38x35
Eventuri;Eventuri;900;540;25;7;EVE-G8XM-CF-ENG;BMW G8X M3/M4/CSL Carbon Engine Cover - Gloss Finish;Home;Eventuri BMW G8X M3/M4/CSL Carbon Engine Cover - Gloss Finish;Eventuri,BMW,G8X,M3/M4/CSL,Carbon,Engine,Cover,-,Gloss,Finish;BMW,G8X,M3/M4/CSL,Carbon,Engine,Cover,-,Gloss,Finish;72x72x21
Eventuri;Eventuri;900;540;25;7;EVE-G8XM-CFM-ENG;BMW G8X M3/M4/CSL Carbon Engine Cover - Matte Finish;Home;Eventuri BMW G8X M3/M4/CSL Carbon Engine Cover - Matte Finish;Eventuri,BMW,G8X,M3/M4/CSL,Carbon,Engine,Cover,-,Matte,Finish;BMW,G8X,M3/M4/CSL,Carbon,Engine,Cover,-,Matte,Finish;72x72x21
Eventuri;Eventuri;2 650,00;1590;25;7;EVE-G8XMV2-CF-INT;BMW G8X M3/M4 Carbon Intake for all strut braces - Gloss Finish;Home;Eventuri BMW G8X M3/M4 Carbon Intake for all strut braces - Gloss Finish;Eventuri,BMW,G8X,M3/M4,Carbon,Intake,for,all,strut,braces,-,Gloss,Finish;BMW,G8X,M3/M4,Carbon,Intake,for,all,strut,braces,-,Gloss,Finish;64x44x45
Eventuri;Eventuri;2 650,00;1590;25;7;EVE-G8XMV2-CFM-INT;BMW G8X M3/M4 Carbon Intake for all strut braces - Matte Finish;Home;Eventuri BMW G8X M3/M4 Carbon Intake for all strut braces - Matte Finish;Eventuri,BMW,G8X,M3/M4,Carbon,Intake,for,all,strut,braces,-,Matte,Finish;BMW,G8X,M3/M4,Carbon,Intake,for,all,strut,braces,-,Matte,Finish;64x44x45
Eventuri;Eventuri;620;372;25;7;EVE-G8XCSL-CF-KIT;Conversion kit for G8X M3/M4 intake for CSL Strut Brace - Gloss;Home;Eventuri Conversion kit for G8X M3/M4 intake for CSL Strut Brace - Gloss;Eventuri,Conversion,kit,for,G8X,M3/M4,intake,for,CSL,Strut,Brace,-,Gloss;Conversion,kit,for,G8X,M3/M4,intake,for,CSL,Strut,Brace,-,Gloss;70x37x27
Eventuri;Eventuri;620;372;25;7;EVE-G8XCSL-CFM-KIT;Conversion kit for G8X M3/M4 intake for CSL Strut Brace - Matte;Home;Eventuri Conversion kit for G8X M3/M4 intake for CSL Strut Brace - Matte;Eventuri,Conversion,kit,for,G8X,M3/M4,intake,for,CSL,Strut,Brace,-,Matte;Conversion,kit,for,G8X,M3/M4,intake,for,CSL,Strut,Brace,-,Matte;70x37x27
Eventuri;Eventuri;2 280,00;1368;25;7;EVE-C8VT-CF-INT;C8 Corvette Stingray Coupe Carbon Intake ;Home;Eventuri C8 Corvette Stingray Coupe Carbon Intake ;Eventuri,C8,Corvette,Stingray,Coupe,Carbon,Intake,;C8,Corvette,Stingray,Coupe,Carbon,Intake,;110x52x42
Eventuri;Eventuri;2 280,00;1368;25;7;EVE-C8HTC-CF-INT;C8 Corvette Stingray Hard Top Convertible Carbon Intake ;Home;Eventuri C8 Corvette Stingray Hard Top Convertible Carbon Intake ;Eventuri,C8,Corvette,Stingray,Hard,Top,Convertible,Carbon,Intake,;C8,Corvette,Stingray,Hard,Top,Convertible,Carbon,Intake,;110x52x42
Eventuri;Eventuri;550;330;25;7;EVE-C8VT-CF-ENG;C8 Corvette Stingray Carbon Engine Cover ;Home;Eventuri C8 Corvette Stingray Carbon Engine Cover ;Eventuri,C8,Corvette,Stingray,Carbon,Engine,Cover,;C8,Corvette,Stingray,Carbon,Engine,Cover,;72x42x17
Eventuri;Eventuri;238;142,8;25;7;EVE-FK2-CF-MAF;Honda FK2 Black Carbon MAF-TUBE and silicone hose;Home;Eventuri Honda FK2 Black Carbon MAF-TUBE and silicone hose;Eventuri,Honda,FK2,Black,Carbon,MAF-TUBE,and,silicone,hose;Honda,FK2,Black,Carbon,MAF-TUBE,and,silicone,hose;49x15x12
Eventuri;Eventuri;1 209,00;725,4;25;7;EVE-FK2V2-CF-LHD-INT;V2 FK2 Civic Type R LHD Carbon intake with upgraded Carbon Tube;Home;Eventuri V2 FK2 Civic Type R LHD Carbon intake with upgraded Carbon Tube;Eventuri,V2,FK2,Civic,Type,R,LHD,Carbon,intake,with,upgraded,Carbon,Tube;V2,FK2,Civic,Type,R,LHD,Carbon,intake,with,upgraded,Carbon,Tube;38x38x38
Eventuri;Eventuri;1 209,00;725,4;25;7;EVE-FK2V2-CF-RHD-INT;V2 FK2 Civic Type R RHD Carbon intake with upgraded Carbon Tube;Home;Eventuri V2 FK2 Civic Type R RHD Carbon intake with upgraded Carbon Tube;Eventuri,V2,FK2,Civic,Type,R,RHD,Carbon,intake,with,upgraded,Carbon,Tube;V2,FK2,Civic,Type,R,RHD,Carbon,intake,with,upgraded,Carbon,Tube;38x38x38
Eventuri;Eventuri;476;285,6;25;7;EVE-FK8FK2-ENG;FK8 and FK2 Engine Cover Red and Black;Home;Eventuri FK8 and FK2 Engine Cover Red and Black;Eventuri,FK8,and,FK2,Engine,Cover,Red,and,Black;FK8,and,FK2,Engine,Cover,Red,and,Black;68x38x15
Eventuri;Eventuri;665;399;25;7;EVE-FK2-CF-CHG;FK2 Carbon Turbo Tube for Customers with FK2 V2 Intake;Home;Eventuri FK2 Carbon Turbo Tube for Customers with FK2 V2 Intake;Eventuri,FK2,Carbon,Turbo,Tube,for,Customers,with,FK2,V2,Intake;FK2,Carbon,Turbo,Tube,for,Customers,with,FK2,V2,Intake;52x37x16
Eventuri;Eventuri;838;502,8;25;7;EVE-FK2V2-CF-CHG;FK2 Carbon Turbo Tube Package with V2 MAF Tube;Home;Eventuri FK2 Carbon Turbo Tube Package with V2 MAF Tube;Eventuri,FK2,Carbon,Turbo,Tube,Package,with,V2,MAF,Tube;FK2,Carbon,Turbo,Tube,Package,with,V2,MAF,Tube;52x37x16
Eventuri;Eventuri;1 380,00;828;25;7;EVE-FK8-CF-INT;FK8 Civic Type R Black Carbon intake;Home;Eventuri FK8 Civic Type R Black Carbon intake;Eventuri,FK8,Civic,Type,R,Black,Carbon,intake;FK8,Civic,Type,R,Black,Carbon,intake;71x38x35
Eventuri;Eventuri;328;196,8;25;7;EVE-FK8V2-CF-MAF;FK8 Carbon V2 MAF Tube and Silicon Set;Home;Eventuri FK8 Carbon V2 MAF Tube and Silicon Set;Eventuri,FK8,Carbon,V2,MAF,Tube,and,Silicon,Set;FK8,Carbon,V2,MAF,Tube,and,Silicon,Set;49x15x12
Eventuri;Eventuri;476;285,6;25;7;EVE-FK8FK2-ENG;FK8 and FK2 Engine Cover Red and Black;Home;Eventuri FK8 and FK2 Engine Cover Red and Black;Eventuri,FK8,and,FK2,Engine,Cover,Red,and,Black;FK8,and,FK2,Engine,Cover,Red,and,Black;68x38x15
Eventuri;Eventuri;665;399;25;7;EVE-FK8-CF-CHG;FK8 Carbon Turbo Tube for customers with V2 MAF tube;Home;Eventuri FK8 Carbon Turbo Tube for customers with V2 MAF tube;Eventuri,FK8,Carbon,Turbo,Tube,for,customers,with,V2,MAF,tube;FK8,Carbon,Turbo,Tube,for,customers,with,V2,MAF,tube;52x37x16
Eventuri;Eventuri;838;502,8;25;7;EVE-FK8V2-CF-CHG;FK8 Carbon Turbo Tube Package with V2 MAF Tube;Home;Eventuri FK8 Carbon Turbo Tube Package with V2 MAF Tube;Eventuri,FK8,Carbon,Turbo,Tube,Package,with,V2,MAF,Tube;FK8,Carbon,Turbo,Tube,Package,with,V2,MAF,Tube;52x37x16
Eventuri;Eventuri;2 210,00;1326;25;7;EVE-HCN-CF-INT;Lamborghini Huracan Carbon Intake;Home;Eventuri Lamborghini Huracan Carbon Intake;Eventuri,Lamborghini,Huracan,Carbon,Intake;Lamborghini,Huracan,Carbon,Intake;92x31x40
Eventuri;Eventuri;4 350,00;2610;25;7;EVE-HCN-CFM-ENG;Lamborghini Huracan Carbon Engine Cover Set Matte Finish;Home;Eventuri Lamborghini Huracan Carbon Engine Cover Set Matte Finish;Eventuri,Lamborghini,Huracan,Carbon,Engine,Cover,Set,Matte,Finish;Lamborghini,Huracan,Carbon,Engine,Cover,Set,Matte,Finish;152x76x20
Eventuri;Eventuri;2 719,00;1631,4;25;7;EVE-4V8TT-CF-INT;Lamborghini Urus Intake System;Home;Eventuri Lamborghini Urus Intake System;Eventuri,Lamborghini,Urus,Intake,System;Lamborghini,Urus,Intake,System;97x76x22
Eventuri;Eventuri;1 238,00;742,8;25;7;EVE-A35-CF-INT;Mercedes A35 AMG, GLA35, GLB35, A250 Carbon Intake;Home;Eventuri Mercedes A35 AMG, GLA35, GLB35, A250 Carbon Intake;Eventuri,Mercedes,A35,AMG,,GLA35,,GLB35,,A250,Carbon,Intake;Mercedes,A35,AMG,,GLA35,,GLB35,,A250,Carbon,Intake;71x38x35
Eventuri;Eventuri;714;428,4;25;7;EVE-A35-CF-CHG;Mercedes A35 AMG, GLA35, GLB35, Turbo Tube;Home;Eventuri Mercedes A35 AMG, GLA35, GLB35, Turbo Tube;Eventuri,Mercedes,A35,AMG,,GLA35,,GLB35,,Turbo,Tube;Mercedes,A35,AMG,,GLA35,,GLB35,,Turbo,Tube;68x38x16
Eventuri;Eventuri;1 333,00;799,8;25;7;EVE-A45S-CF-INT;Mercedes A45S CLA45S GLA45 GLB45 AMG Carbon Intake ;Home;Eventuri Mercedes A45S CLA45S GLA45 GLB45 AMG Carbon Intake ;Eventuri,Mercedes,A45S,CLA45S,GLA45,GLB45,AMG,Carbon,Intake,;Mercedes,A45S,CLA45S,GLA45,GLB45,AMG,Carbon,Intake,;38x38x38
Eventuri;Eventuri;2 380,00;1428;25;7;EVE-AMGGT-CF-INT;Mercedes C190/R190 AMG GTR, GTS, GT GLOSS Finish;Home;Eventuri Mercedes C190/R190 AMG GTR, GTS, GT GLOSS Finish;Eventuri,Mercedes,C190/R190,AMG,GTR,,GTS,,GT,GLOSS,Finish;Mercedes,C190/R190,AMG,GTR,,GTS,,GT,GLOSS,Finish;77x67x27
Eventuri;Eventuri;2 380,00;1428;25;7;EVE-AMGGT-CFM-INT;Mercedes C190/R190 AMG GTR, GTS, GT MATTE Finish;Home;Eventuri Mercedes C190/R190 AMG GTR, GTS, GT MATTE Finish;Eventuri,Mercedes,C190/R190,AMG,GTR,,GTS,,GT,MATTE,Finish;Mercedes,C190/R190,AMG,GTR,,GTS,,GT,MATTE,Finish;77x67x27
Eventuri;Eventuri;2 714,00;1628,4;25;7;EVE-C63S-CF-INT;Mercedes all X205 C63/C63S variants, AMG Carbon intake;Home;Eventuri Mercedes all X205 C63/C63S variants, AMG Carbon intake;Eventuri,Mercedes,all,X205,C63/C63S,variants,,AMG,Carbon,intake;Mercedes,all,X205,C63/C63S,variants,,AMG,Carbon,intake;64x44x45
Eventuri;Eventuri;162;97,2;25;7;EVE-C63S-DCT;C63S Carbon Duct upgrade package;Home;Eventuri C63S Carbon Duct upgrade package;Eventuri,C63S,Carbon,Duct,upgrade,package;C63S,Carbon,Duct,upgrade,package;26x26x26
Eventuri;Eventuri;2 714,00;1628,4;25;7;EVE-GLC63S-CF-INT;Mercedes GLC63S carbon intake ;Home;Eventuri Mercedes GLC63S carbon intake ;Eventuri,Mercedes,GLC63S,carbon,intake,;Mercedes,GLC63S,carbon,intake,;64x44x45
Eventuri;Eventuri;1 542,00;925,2;25;7;EVE-JCWGP3-INT;Mini JCW GP3 / Clubman / JCW 306HP Carbon Intake;Home;Eventuri Mini JCW GP3 / Clubman / JCW 306HP Carbon Intake;Eventuri,Mini,JCW,GP3,/,Clubman,/,JCW,306HP,Carbon,Intake;Mini,JCW,GP3,/,Clubman,/,JCW,306HP,Carbon,Intake;92x22x40
Eventuri;Eventuri;1 305,00;783;25;7;EVE-F60-306-INT;Mini JCW Countryman 306HP Carbon Intake with no scoop;Home;Eventuri Mini JCW Countryman 306HP Carbon Intake with no scoop;Eventuri,Mini,JCW,Countryman,306HP,Carbon,Intake,with,no,scoop;Mini,JCW,Countryman,306HP,Carbon,Intake,with,no,scoop;92x22x40
Eventuri;Eventuri;1 542,00;925,2;25;7;EVE-F56-CF-INT;Mini Cooper S / JCW Black Carbon intake;Home;Eventuri Mini Cooper S / JCW Black Carbon intake;Eventuri,Mini,Cooper,S,/,JCW,Black,Carbon,intake;Mini,Cooper,S,/,JCW,Black,Carbon,intake;92x22x40
Eventuri;Eventuri;1 542,00;925,2;25;7;EVE-F56-LCI-CF-INT;Mini Cooper S / JCW Facelift Black Carbon intake;Home;Eventuri Mini Cooper S / JCW Facelift Black Carbon intake;Eventuri,Mini,Cooper,S,/,JCW,Facelift,Black,Carbon,intake;Mini,Cooper,S,/,JCW,Facelift,Black,Carbon,intake;92x22x40
Eventuri;Eventuri;952;571,2;25;7;EVE-F56-PL-INT;Mini Cooper S / JCW Plastic intake with Carbon Scoop;Home;Eventuri Mini Cooper S / JCW Plastic intake with Carbon Scoop;Eventuri,Mini,Cooper,S,/,JCW,Plastic,intake,with,Carbon,Scoop;Mini,Cooper,S,/,JCW,Plastic,intake,with,Carbon,Scoop;92x22x40
Eventuri;Eventuri;952;571,2;25;7;EVE-F56-LCI-PL-INT;Mini Cooper S / JCW Facelift Plastic intake with Carbon Scoop;Home;Eventuri Mini Cooper S / JCW Facelift Plastic intake with Carbon Scoop;Eventuri,Mini,Cooper,S,/,JCW,Facelift,Plastic,intake,with,Carbon,Scoop;Mini,Cooper,S,/,JCW,Facelift,Plastic,intake,with,Carbon,Scoop;92x22x40
Eventuri;Eventuri;1 304,00;782,4;25;7;EVE-F60-CF-INT;MINI Countryman S Black Carbon intake with no scoop;Home;Eventuri MINI Countryman S Black Carbon intake with no scoop;Eventuri,MINI,Countryman,S,Black,Carbon,intake,with,no,scoop;MINI,Countryman,S,Black,Carbon,intake,with,no,scoop;92x22x40
Eventuri;Eventuri;1 304,00;782,4;25;7;EVE-F60-LCI-CF-INT;MINI Countryman S Facelift Black Carbon intake with no scoop;Home;Eventuri MINI Countryman S Facelift Black Carbon intake with no scoop;Eventuri,MINI,Countryman,S,Facelift,Black,Carbon,intake,with,no,scoop;MINI,Countryman,S,Facelift,Black,Carbon,intake,with,no,scoop;92x22x40
Eventuri;Eventuri;665;399;25;7;EVE-F60-PL-INT;MINI Countryman S Plastic intake with no scoop;Home;Eventuri MINI Countryman S Plastic intake with no scoop;Eventuri,MINI,Countryman,S,Plastic,intake,with,no,scoop;MINI,Countryman,S,Plastic,intake,with,no,scoop;92x22x40
Eventuri;Eventuri;665;399;25;7;EVE-F60-LCI-PL-INT;MINI Countryman S Facelift Plastic intake with no scoop;Home;Eventuri MINI Countryman S Facelift Plastic intake with no scoop;Eventuri,MINI,Countryman,S,Facelift,Plastic,intake,with,no,scoop;MINI,Countryman,S,Facelift,Plastic,intake,with,no,scoop;92x22x40
Eventuri;Eventuri;2 238,00;1342,8;25;7;EVE-P991T-INT;Porsche 991 Turbo Black Carbon intake;Home;Eventuri Porsche 991 Turbo Black Carbon intake;Eventuri,Porsche,991,Turbo,Black,Carbon,intake;Porsche,991,Turbo,Black,Carbon,intake;92x31x40
Eventuri;Eventuri;2 238,00;1342,8;25;7;EVE-GT3RS-INT;Porsche 991.1 991.2 GT3RS Carbon Intake;Home;Eventuri Porsche 991.1 991.2 GT3RS Carbon Intake;Eventuri,Porsche,991.1,991.2,GT3RS,Carbon,Intake;Porsche,991.1,991.2,GT3RS,Carbon,Intake;92x31x40
Eventuri;Eventuri;2 719,00;1631,4;25;7;EVE-4V8TT-CF-INT;Porsche Cayenne 2020+ GTS, 2019+ Turbo S 4 TFSI Intake;Home;Eventuri Porsche Cayenne 2020+ GTS, 2019+ Turbo S 4 TFSI Intake;Eventuri,Porsche,Cayenne,2020+,GTS,,2019+,Turbo,S,4,TFSI,Intake;Porsche,Cayenne,2020+,GTS,,2019+,Turbo,S,4,TFSI,Intake;97x76x22
Eventuri;Eventuri;885;531;25;7;EVE-2TFSI-CF-INT;Leon Cupra 2 TFSI- Full Black Carbon intake;Home;Eventuri Leon Cupra 2 TFSI- Full Black Carbon intake;Eventuri,Leon,Cupra,2,TFSI-,Full,Black,Carbon,intake;Leon,Cupra,2,TFSI-,Full,Black,Carbon,intake;38x38x38
Eventuri;Eventuri;1 333,00;799,8;25;7;EVE-EA8884-GTi-INT;MK4 Leon Cupra Formentor 2 VZ1 245hp 2020+ Carbon intake;Home;Eventuri MK4 Leon Cupra Formentor 2 VZ1 245hp 2020+ Carbon intake;Eventuri,MK4,Leon,Cupra,Formentor,2,VZ1,245hp,2020+,Carbon,intake;MK4,Leon,Cupra,Formentor,2,VZ1,245hp,2020+,Carbon,intake;92x31x40
Eventuri;Eventuri;1 333,00;799,8;25;7;EVE-EA8884-R-INT;MK4 Leon Cupra Formentor 2 VZ2 300hp 2020+ Carbon intake;Home;Eventuri MK4 Leon Cupra Formentor 2 VZ2 300hp 2020+ Carbon intake;Eventuri,MK4,Leon,Cupra,Formentor,2,VZ2,300hp,2020+,Carbon,intake;MK4,Leon,Cupra,Formentor,2,VZ2,300hp,2020+,Carbon,intake;92x31x40
Eventuri;Eventuri;1 714,00;1028,4;25;7;EVE-ST38Y-CF-INT;MK4 Leon Cupra Formentor 2 VZ5 390hp 2020+ Carbon intake;Home;Eventuri MK4 Leon Cupra Formentor 2 VZ5 390hp 2020+ Carbon intake;Eventuri,MK4,Leon,Cupra,Formentor,2,VZ5,390hp,2020+,Carbon,intake;MK4,Leon,Cupra,Formentor,2,VZ5,390hp,2020+,Carbon,intake;92x31x40
Eventuri;Eventuri;1 333,00;799,8;25;7;EVE-A90-CF-INT;Toyota MK5 3 B58 Supra Carbon Intake;Home;Eventuri Toyota MK5 3 B58 Supra Carbon Intake;Eventuri,Toyota,MK5,3,B58,Supra,Carbon,Intake;Toyota,MK5,3,B58,Supra,Carbon,Intake;38x38x38
Eventuri;Eventuri;1 333,00;799,8;25;7;EVE-A90B48-INT;Toyota MK5 2 B48 Supra Carbon Intake;Home;Eventuri Toyota MK5 2 B48 Supra Carbon Intake;Eventuri,Toyota,MK5,2,B48,Supra,Carbon,Intake;Toyota,MK5,2,B48,Supra,Carbon,Intake;92x22x40
Eventuri;Eventuri;790;474;25;7;EVE-A90-CF-HDP;Toyota MK5 Supra Carbon Headlamp Duct;Home;Eventuri Toyota MK5 Supra Carbon Headlamp Duct;Eventuri,Toyota,MK5,Supra,Carbon,Headlamp,Duct;Toyota,MK5,Supra,Carbon,Headlamp,Duct;72x72x21
Eventuri;Eventuri;570;342;25;7;EVE-A90-CF-ENG;Toyota MK5 Supra Carbon Engine cover;Home;Eventuri Toyota MK5 Supra Carbon Engine cover;Eventuri,Toyota,MK5,Supra,Carbon,Engine,cover;Toyota,MK5,Supra,Carbon,Engine,cover;92x22x40
Eventuri;Eventuri;570;342;25;7;EVE-GR4-CF-ENG;Toyota GR Yaris/Corolla Carbon Engine Cover - Gloss;Home;Eventuri Toyota GR Yaris/Corolla Carbon Engine Cover - Gloss;Eventuri,Toyota,GR,Yaris/Corolla,Carbon,Engine,Cover,-,Gloss;Toyota,GR,Yaris/Corolla,Carbon,Engine,Cover,-,Gloss;68x38x15
Eventuri;Eventuri;570;342;25;7;EVE-GR4-CFM-ENG;Toyota GR Yaris/Corolla Carbon Engine Cover - Matte;Home;Eventuri Toyota GR Yaris/Corolla Carbon Engine Cover - Matte;Eventuri,Toyota,GR,Yaris/Corolla,Carbon,Engine,Cover,-,Matte;Toyota,GR,Yaris/Corolla,Carbon,Engine,Cover,-,Matte;68x38x15
Eventuri;Eventuri;1 300,00;780;25;7;EVE-GR4-CF-INT;Toyota GR Yaris Carbon Intake - Gloss;Home;Eventuri Toyota GR Yaris Carbon Intake - Gloss;Eventuri,Toyota,GR,Yaris,Carbon,Intake,-,Gloss;Toyota,GR,Yaris,Carbon,Intake,-,Gloss;71x38x35
Eventuri;Eventuri;1 300,00;780;25;7;EVE-GR4-CFM-INT;Toyota GR Yaris Carbon Intake - Matte;Home;Eventuri Toyota GR Yaris Carbon Intake - Matte;Eventuri,Toyota,GR,Yaris,Carbon,Intake,-,Matte;Toyota,GR,Yaris,Carbon,Intake,-,Matte;71x38x35
Eventuri;Eventuri;1 440,00;864;25;7;EVE-GR4CR-CF-INT;Toyota GR Corolla Carbon Intake - Gloss;Home;Eventuri Toyota GR Corolla Carbon Intake - Gloss;Eventuri,Toyota,GR,Corolla,Carbon,Intake,-,Gloss;Toyota,GR,Corolla,Carbon,Intake,-,Gloss;71x38x35
Eventuri;Eventuri;1 440,00;864;25;7;EVE-GR4CR-CFM-INT;Toyota GR Corolla Carbon Intake - Matte;Home;Eventuri Toyota GR Corolla Carbon Intake - Matte;Eventuri,Toyota,GR,Corolla,Carbon,Intake,-,Matte;Toyota,GR,Corolla,Carbon,Intake,-,Matte;71x38x35
Eventuri;Eventuri;885;531;25;7;EVE-2TFSI-CF-INT;Golf MK7 GTi, R Carbon intake;Home;Eventuri Golf MK7 GTi, R Carbon intake;Eventuri,Golf,MK7,GTi,,R,Carbon,intake;Golf,MK7,GTi,,R,Carbon,intake;38x38x38
Eventuri;Eventuri;1 333,00;799,8;25;7;EVE-EA8884-R-INT;Golf MK8 R, Gti Clubsport Carbon intake;Home;Eventuri Golf MK8 R, Gti Clubsport Carbon intake;Eventuri,Golf,MK8,R,,Gti,Clubsport,Carbon,intake;Golf,MK8,R,,Gti,Clubsport,Carbon,intake;92x31x40
Eventuri;Eventuri;1 333,00;799,8;25;7;EVE-EA8884-GTI-INT;Golf MK8 Gti Carbon intake;Home;Eventuri Golf MK8 Gti Carbon intake;Eventuri,Golf,MK8,Gti,Carbon,intake;Golf,MK8,Gti,Carbon,intake;92x31x40
Eventuri;Eventuri;570;342;25;7;EVE-EA8884-CF-ENG;Golf MK8 Engine Cover;Home;Eventuri Golf MK8 Engine Cover;Eventuri,Golf,MK8,Engine,Cover;Golf,MK8,Engine,Cover;68x38x15
Eventuri;Eventuri;28;16,8;25;7;EVE-FLC;Filter Cleaning Kit;Home;Eventuri Filter Cleaning Kit;Eventuri,Filter,Cleaning,Kit;Filter,Cleaning,Kit;TBC
Eventuri;Eventuri;85;51;25;7;EVE-151-G2-FTR;Replacement Filter TYPE S;Home;Eventuri Replacement Filter TYPE S;Eventuri,Replacement,Filter,TYPE,S;Replacement,Filter,TYPE,S;19x16x16
Eventuri;Eventuri;85;51;25;7;EVE-661-G2-FTR;Replacement Filter TYPE B;Home;Eventuri Replacement Filter TYPE B;Eventuri,Replacement,Filter,TYPE,B;Replacement,Filter,TYPE,B;19x18x18
Eventuri;Eventuri;85;51;25;7;EVE-991-FTR ;Replacement Filter TYPE E;Home;Eventuri Replacement Filter TYPE E;Eventuri,Replacement,Filter,TYPE,E;Replacement,Filter,TYPE,E;26x26x26
Eventuri;Eventuri;95;57;25;7;EVE-W210-FTR ;Replacement Filter TYPE D;Home;Eventuri Replacement Filter TYPE D;Eventuri,Replacement,Filter,TYPE,D;Replacement,Filter,TYPE,D;25x24x20
Eventuri;Eventuri;85;51;25;7;EVE-15144-G2-FTR;Replacement Filter TYPE L;Home;Eventuri Replacement Filter TYPE L;Eventuri,Replacement,Filter,TYPE,L;Replacement,Filter,TYPE,L;24x18x17
Eventuri;Eventuri;95;57;25;7;EVE-W192-FTR ;Replacement Filter TYPE D2;Home;Eventuri Replacement Filter TYPE D2;Eventuri,Replacement,Filter,TYPE,D2;Replacement,Filter,TYPE,D2;25x24x20
Eventuri;Eventuri;85;51;25;7;EVE-1046-FTR;Replacement Filter TYPE L2;Home;Eventuri Replacement Filter TYPE L2;Eventuri,Replacement,Filter,TYPE,L2;Replacement,Filter,TYPE,L2;24x18x17
Eventuri;Eventuri;59;35,4;25;7;EVE-E46-PF;BMW E46 M3 Panel Filter Pair;Home;Eventuri BMW E46 M3 Panel Filter Pair;Eventuri,BMW,E46,M3,Panel,Filter,Pair;BMW,E46,M3,Panel,Filter,Pair;30x21x4
Eventuri;Eventuri;114;68,4;25;7;EVE-F8XM-PF;BMW F8X M3/M4 Panel Filter Pair;Home;Eventuri BMW F8X M3/M4 Panel Filter Pair;Eventuri,BMW,F8X,M3/M4,Panel,Filter,Pair;BMW,F8X,M3/M4,Panel,Filter,Pair;45x25x6
Eventuri;Eventuri;114;68,4;25;7;EVE-F10M5-PF;BMW F1X M5/M6 Panel Filter Pair;Home;Eventuri BMW F1X M5/M6 Panel Filter Pair;Eventuri,BMW,F1X,M5/M6,Panel,Filter,Pair;BMW,F1X,M5/M6,Panel,Filter,Pair;45x25x6
Eventuri;Eventuri;81;48,6;25;7;EVE-N55-PF;BMW N55 Panel Filter ;Home;Eventuri BMW N55 Panel Filter ;Eventuri,BMW,N55,Panel,Filter,;BMW,N55,Panel,Filter,;31x27x5
Eventuri;Eventuri;190;114;25;7;EVE-FX34M-PF;BMW F9X X3M/X4M Panel Filter Replacement Set;Home;Eventuri BMW F9X X3M/X4M Panel Filter Replacement Set;Eventuri,BMW,F9X,X3M/X4M,Panel,Filter,Replacement,Set;BMW,F9X,X3M/X4M,Panel,Filter,Replacement,Set;33x14x12
Eventuri;Eventuri;114;68,4;25;7;EVE-C63-FTR;Panel Filter for Eventuri GLC63S / C63S Intake set of 2;Home;Eventuri Panel Filter for Eventuri GLC63S / C63S Intake set of 2;Eventuri,Panel,Filter,for,Eventuri,GLC63S,/,C63S,Intake,set,of,2;Panel,Filter,for,Eventuri,GLC63S,/,C63S,Intake,set,of,2;30x20x8
Eventuri;Eventuri;252;151,2;25;7;EVE-C8BMC-FTR;Custom BMC Panel Filter For C8 RS6 Intake;Home;Eventuri Custom BMC Panel Filter For C8 RS6 Intake;Eventuri,Custom,BMC,Panel,Filter,For,C8,RS6,Intake;Custom,BMC,Panel,Filter,For,C8,RS6,Intake;
Eventuri;Eventuri;14;8,4;25;7;EVE-Vbadge;V Badge;Home;Eventuri V Badge;Eventuri,V,Badge;V,Badge;18x18x2
Eventuri;Eventuri;71;42,6;25;7;EVE-F56-MAF;Mini Cooper S/JCW MAF tube;Home;Eventuri Mini Cooper S/JCW MAF tube;Eventuri,Mini,Cooper,S/JCW,MAF,tube;Mini,Cooper,S/JCW,MAF,tube;10x10x10
Eventuri;Eventuri;71;42,6;25;7;EVE-F56-LCI-MAF;Mini Cooper S/JCW Facelift MAF tube;Home;Eventuri Mini Cooper S/JCW Facelift MAF tube;Eventuri,Mini,Cooper,S/JCW,Facelift,MAF,tube;Mini,Cooper,S/JCW,Facelift,MAF,tube;10x10x10
Eventuri;Eventuri;71;42,6;25;7;EVE-FK8-CHG-SLC;Honda FK8 Silicon between Intake and Upgraded Chargepipe;Home;Eventuri Honda FK8 Silicon between Intake and Upgraded Chargepipe;Eventuri,Honda,FK8,Silicon,between,Intake,and,Upgraded,Chargepipe;Honda,FK8,Silicon,between,Intake,and,Upgraded,Chargepipe;
