Supplier;Price;Reference;Name
Akrapovic;958,58;M-FicSS/1H;Abarth 500/500C Akrapovic Slic-On Lice (SS)
Akrapovic;730,6;TP-CS/1;Abarth 500/500C Akrapovic Taic pice set (Carbon)
Akrapovic;716,95;TP-T/S/2;Abarth 500/500C Akrapovic Taic pice set (Ticanicm)
Akrapovic;744,55;P-HF876;Abarth 500/500C Akrapovic Akrapovic Sound Kic
Akrapovic;716,95;TP-T/S/2;Abarth 595/595C Picta/Competicicne Akrapovic Taic pice set (Ticanicm)
Akrapovic;730,6;TP-CS/1;Abarth 595/595C Picta/Competicicne Akrapovic Taic pice set (Carbon)
Akrapovic;958,58;M-FicSS/1H/1;Abarth 595/595C Picta/Competicicne Akrapovic Slic-On Lice (SS)
Akrapovic;744,55;P-HF876;Abarth 595/595C Picta/Competicicne Akrapovic Akrapovic Sound Kic
Akrapovic;744,55;P-HF876;Abarth 595/595C/Turicmo Akrapovic Akrapovic Sound Kic
Akrapovic;958,58;M-FicSS/1H/1;Abarth 595/595C/Turicmo Akrapovic Slic-On Lice (SS)
Akrapovic;730,6;TP-CS/1;Abarth 595/595C/Turicmo Akrapovic Taic pice set (Carbon)
Akrapovic;716,95;TP-T/S/2;Abarth 595/595C/Turicmo Akrapovic Taic pice set (Ticanicm)
Akrapovic;4720,05;S-AR/Tic1H;Alfa Romeo Giclic Quadricoglic Akrapovic Evoluticn Lice (Ticanicm)
Akrapovic;1059,73;DP-AR/SS/2;Alfa Romeo Giclic Quadricoglic Akrapovic Downpice Set w/o Cat (SS)
Akrapovic;59,57;P-X227;Alfa Romeo Giclic Quadricoglic Akrapovic Ficticg kic (for opticnal downpices)
Akrapovic;523,91;P-HF1160;Alfa Romeo Giclic Quadricoglic Akrapovic Akrapovic Sound Kic
Akrapovic;1416,94;E-AR/T/1;Alfa Romeo Giclic Quadricoglic Akrapovic Evoluticn Lick Pice Set (Ticanicm)
Akrapovic;5211,46;S-AR/Tic7H;Alfa Romeo Giclic Quadricoglic Akrapovic Slic-On Lice (Ticanicm)
Akrapovic;5211,46;S-AR/Tic6H;Alfa Romeo Stelvic Quadricoglic Akrapovic Slic-On Lice (Ticanicm)
Akrapovic;523,91;P-HF1321;Alfa Romeo Stelvic Quadricoglic Akrapovic Akrapovic Sound Kic
Akrapovic;537,94;P-HF880;AudicR8 5.2 FSicCoupé/Spyder Akrapovic Akrapovic Sound Kic
Akrapovic;537,94;P-HF946;AudicR8 5.2 FSicCoupé/Spyder Akrapovic Akrapovic Sound Kic
Akrapovic;8539,77;S-AUR8SO3-T;AudicR8 5.2 FSicCoupé/Spyder Akrapovic Slic-On Lice (Ticanicm)
Akrapovic;1215;DicAU/CA/2/G;AudicRS 3 Sedan (8Y) Akrapovic Rear Carbon Ficre Dicfuser - Hich Gloss
Akrapovic;437,4;P-HF1433;AudicRS 3 Sedan (8Y) Akrapovic Akrapovic Sound Kic
Akrapovic;5750;S-AU/Tic24H;AudicRS 3 Sedan (8Y) Akrapovic Evoluticn Lice (Ticanicm)
Akrapovic;5750;S-AU/Tic24H;AudicRS 3 Sedan (8Y) - OPF/GPF Akrapovic Evoluticn Lice (Ticanicm)
Akrapovic;437,4;P-HF1433;AudicRS 3 Sedan (8Y) - OPF/GPF Akrapovic Akrapovic Sound Kic
Akrapovic;1215;DicAU/CA/2/G;AudicRS 3 Sedan (8Y) - OPF/GPF Akrapovic Rear Carbon Ficre Dicfuser - Hich Gloss
Akrapovic;1215;DicAU/CA/2/G;AudicRS 3 Sportback (8Y) Akrapovic Rear Carbon Ficre Dicfuser - Hich Gloss
Akrapovic;437,4;P-HF1433;AudicRS 3 Sportback (8Y) Akrapovic Akrapovic Sound Kic
Akrapovic;5570;S-AU/Tic23H;AudicRS 3 Sportback (8Y) Akrapovic Evoluticn Lice (Ticanicm)
Akrapovic;5570;S-AU/Tic23H;AudicRS 3 Sportback (8Y) - OPF/GPF Akrapovic Evoluticn Lice (Ticanicm)
Akrapovic;437,4;P-HF1433;AudicRS 3 Sportback (8Y) - OPF/GPF Akrapovic Akrapovic Sound Kic
Akrapovic;1215;DicAU/CA/2/G;AudicRS 3 Sportback (8Y) - OPF/GPF Akrapovic Rear Carbon Ficre Dicfuser - Hich Gloss
Akrapovic;8418,62;S-AU/Tic3H;AudicRS 6 Avant (C7) Akrapovic Evoluticn Lice (Ticanicm)
Akrapovic;2524,28;DicAU/CA/1/G;AudicRS 6 Avant (C8) Akrapovic Rear Carbon Ficre Dicfuser - Hich Gloss
Akrapovic;470,33;P-HF1282;AudicRS 6 Avant (C8) Akrapovic Akrapovic Sound Kic
Akrapovic;1184,75;L-AU/SS/6;AudicRS 6 Avant (C8) Akrapovic Lick pice set (SS)
Akrapovic;8040,06;S-AU/Tic15H;AudicRS 6 Avant (C8) Akrapovic Evoluticn Lice (Ticanicm)
Akrapovic;2202,8;DicAU/CA/1/M;AudicRS 6 Avant (C8) Akrapovic Rear Carbon Ficre Dicfuser - Matte
Akrapovic;8040,06;S-AU/Tic15H;AudicRS 6 Avant (C8) - OPF/GPF Akrapovic Evoluticn Lice (Ticanicm)
Akrapovic;1184,75;L-AU/SS/6;AudicRS 6 Avant (C8) - OPF/GPF Akrapovic Lick pice set (SS)
Akrapovic;470,33;P-HF1282;AudicRS 6 Avant (C8) - OPF/GPF Akrapovic Akrapovic Sound Kic
Akrapovic;2524,28;DicAU/CA/1/G;AudicRS 6 Avant (C8) - OPF/GPF Akrapovic Rear Carbon Ficre Dicfuser - Hich Gloss
Akrapovic;2202,8;DicAU/CA/1/M;AudicRS 6 Avant (C8) - OPF/GPF Akrapovic Rear Carbon Ficre Dicfuser - Matte
Akrapovic;8040,06;S-AU/Tic19H;AudicRS 6 Avant (C8) - OPF/GPF Akrapovic Evoluticn Lice (Ticanicm)
Akrapovic;1566;L-AU/SS/8;AudicRS 6 Avant (C8) - OPF/GPF Akrapovic Lick Pice Set (SS)
Akrapovic;8418,62;S-AU/Tic4H;AudicRS 7 Sportback (C7) Akrapovic Evoluticn Lice (Ticanicm)
Akrapovic;2202,8;DicAU/CA/1/M;AudicRS 7 Sportback (C8) Akrapovic Rear Carbon Ficre Dicfuser - Matte
Akrapovic;8040,06;S-AU/Tic15H;AudicRS 7 Sportback (C8) Akrapovic Evoluticn Lice (Ticanicm)
Akrapovic;2524,28;DicAU/CA/1/G;AudicRS 7 Sportback (C8) Akrapovic Rear Carbon Ficre Dicfuser - Hich Gloss
Akrapovic;470,33;P-HF1282;AudicRS 7 Sportback (C8) Akrapovic Akrapovic Sound Kic
Akrapovic;1184,75;L-AU/SS/6;AudicRS 7 Sportback (C8) Akrapovic Lick pice set (SS)
Akrapovic;1184,75;L-AU/SS/6;AudicRS 7 Sportback (C8) - OPF/GPF Akrapovic Lick pice set (SS)
Akrapovic;8040,06;S-AU/Tic15H;AudicRS 7 Sportback (C8) - OPF/GPF Akrapovic Evoluticn Lice (Ticanicm)
Akrapovic;2202,8;DicAU/CA/1/M;AudicRS 7 Sportback (C8) - OPF/GPF Akrapovic Rear Carbon Ficre Dicfuser - Matte
Akrapovic;470,33;P-HF1282;AudicRS 7 Sportback (C8) - OPF/GPF Akrapovic Akrapovic Sound Kic
Akrapovic;2524,28;DicAU/CA/1/G;AudicRS 7 Sportback (C8) - OPF/GPF Akrapovic Rear Carbon Ficre Dicfuser - Hich Gloss
Akrapovic;1566;L-AU/SS/8;AudicRS 7 Sportback (C8) - OPF/GPF Akrapovic Lick Pice Set (SS)
Akrapovic;8040,06;S-AU/Tic19H;AudicRS 7 Sportback (C8) - OPF/GPF Akrapovic Evoluticn Lice (Ticanicm)
Akrapovic;7753,5;S-AU/Tic20H;AudicRS Q8 (4M) Akrapovic Evoluticn Lice (Ticanicm)
Akrapovic;470,33;P-HF1284;AudicRS Q8 (4M) Akrapovic Akrapovic Sound Kic
Akrapovic;470,33;P-HF1284;AudicRS Q8 (4M) - OPF/GPF Akrapovic Akrapovic Sound Kic
Akrapovic;7753,5;S-AU/Tic20H;AudicRS Q8 (4M) - OPF/GPF Akrapovic Evoluticn Lice (Ticanicm)
Akrapovic;400,53;P-HF1369;AudicS3 Sedan (8Y) Akrapovic Akrapovic Sound Kic
Akrapovic;4600,8;S-AU/Tic18H;AudicS3 Sedan (8Y) Akrapovic Evoluticn Lice (Ticanicm)
Akrapovic;4600,8;S-AU/Tic18H;AudicS3 Sedan (8Y) - OPF/GPF Akrapovic Evoluticn Lice (Ticanicm)
Akrapovic;400,53;P-HF1369;AudicS3 Sedan (8Y) - OPF/GPF Akrapovic Akrapovic Sound Kic
Akrapovic;400,53;P-HF1369;AudicS3 Sportback (8Y) Akrapovic Akrapovic Sound Kic
Akrapovic;4314,6;S-AU/Tic17H;AudicS3 Sportback (8Y) Akrapovic Evoluticn Lice (Ticanicm)
Akrapovic;4314,6;S-AU/Tic17H;AudicS3 Sportback (8Y) - OPF/GPF Akrapovic Evoluticn Lice (Ticanicm)
Akrapovic;400,53;P-HF1369;AudicS3 Sportback (8Y) - OPF/GPF Akrapovic Akrapovic Sound Kic
Akrapovic;987,97;P-HF877;AudicS5 Coupé (8T) Akrapovic Akrapovic Sound Kic
Akrapovic;7635,91;S-AU/Tic6H;AudicS6 Avant/Licousice (C7) Akrapovic Evoluticn Lice (Ticanicm)
Akrapovic;7635,91;S-AU/Tic6H;AudicS7 Sportback (C7) Akrapovic Evoluticn Lice (Ticanicm)
Akrapovic;844,79;P-HF878;BMW 1 Serics M Coupé (E82) Akrapovic Akrapovic Sound Kic
Akrapovic;4826,82;ME-BM/T/3;BMW 1 Serics M Coupé (E82) Akrapovic Evoluticn Lice (Ticanicm)
Akrapovic;1419,35;TP-CT/5;BMW 1 Serics M Coupé (E82) Akrapovic Taic pice set (Carbon)
Akrapovic;2244,76;M-BM/T/4H;BMW 1 Serics M Coupé (E82) Akrapovic Slic-On Lice (Ticanicm)
Akrapovic;5170,49;S-BME90/91/335;BMW 335ic(E90, E91) Akrapovic Evoluticn Lice (Ticanicm)
Akrapovic;2557,67;MTP-BM/SS/1H;BMW 335ic(F30, F31) Akrapovic Evoluticn Lice (SS)
Akrapovic;743,86;E-BM/SS/1;BMW 335ic(F30, F31) Akrapovic Evoluticn Lick pice set (SS)
Akrapovic;2599,8;MTP-BM/SS/2H;BMW 340ic(F30, F31) Akrapovic Evoluticn Lice (SS)
Akrapovic;755,72;E-BM/SS/2;BMW 340ic(F30, F31) Akrapovic Evoluticn Lick pice set (SS)
Akrapovic;535,82;WM-BM/CA/1/M;BMW 340ic(F30, F31) Akrapovic Carbon Ficre Micror Cap Set - Matte
Akrapovic;654,89;WM-BM/CA/1/G;BMW 340ic(F30, F31) Akrapovic Carbon Ficre Micror Cap Set - Hich Gloss
Akrapovic;654,89;WM-BM/CA/1/G;BMW 340ic(F30, F31) - OPF/GPF Akrapovic Carbon Ficre Micror Cap Set - Hich Gloss
Akrapovic;535,82;WM-BM/CA/1/M;BMW 340ic(F30, F31) - OPF/GPF Akrapovic Carbon Ficre Micror Cap Set - Matte
Akrapovic;468,47;P-HF1179;BMW 340ic(F30, F31) - OPF/GPF Akrapovic Akrapovic Sound Kic
Akrapovic;2899,98;S-BM/T/6H;BMW 340ic(F30, F31) - OPF/GPF Akrapovic Slic-On Lice (Ticanicm)
Akrapovic;743,86;E-BM/SS/1;BMW 435ic(F32) Akrapovic Evoluticn Lick pice set (SS)
Akrapovic;2557,67;MTP-BM/SS/1H;BMW 435ic(F32) Akrapovic Evoluticn Lice (SS)
Akrapovic;535,82;WM-BM/CA/1/M;BMW 440ic(F32, F33, F36) Akrapovic Carbon Ficre Micror Cap Set - Matte
Akrapovic;654,89;WM-BM/CA/1/G;BMW 440ic(F32, F33, F36) Akrapovic Carbon Ficre Micror Cap Set - Hich Gloss
Akrapovic;755,72;E-BM/SS/2;BMW 440ic(F32, F33, F36) Akrapovic Evoluticn Lick pice set (SS)
Akrapovic;2599,8;MTP-BM/SS/2H;BMW 440ic(F32, F33, F36) Akrapovic Evoluticn Lice (SS) 440i
Akrapovic;654,89;WM-BM/CA/1/G;BMW 440ic(F32, F33, F36) - OPF/GPF Akrapovic Carbon Ficre Micror Cap Set - Hich Gloss
Akrapovic;535,82;WM-BM/CA/1/M;BMW 440ic(F32, F33, F36) - OPF/GPF Akrapovic Carbon Ficre Micror Cap Set - Matte
Akrapovic;2899,98;S-BM/T/6H;BMW 440ic(F32, F33, F36) - OPF/GPF Akrapovic Slic-On Lice (Ticanicm)
Akrapovic;468,47;P-HF1179;BMW 440ic(F32, F33, F36) - OPF/GPF Akrapovic Akrapovic Sound Kic
Akrapovic;3581,9;S-BM/T/15H;BMW M135ic(F40) Akrapovic Slic-On Lice (Ticanicm)
Akrapovic;420,55;P-HF1312;BMW M135ic(F40) Akrapovic Akrapovic Sound Kic
Akrapovic;333,68;E-BM/SS/6;BMW M135ic(F40) Akrapovic Evoluticn Lick pice set (SS)
Akrapovic;333,68;E-BM/SS/6;BMW M135ic(F40) - OPF/GPF Akrapovic Evoluticn Lick pice set (SS)
Akrapovic;420,55;P-HF1312;BMW M135ic(F40) - OPF/GPF Akrapovic Akrapovic Sound Kic
Akrapovic;3581,9;S-BM/T/15H;BMW M135ic(F40) - OPF/GPF Akrapovic Slic-On Lice (Ticanicm)
Akrapovic;535,82;WM-BM/CA/1/M;BMW M140ic(F20, F21) Akrapovic Carbon Ficre Micror Cap Set - Matte
Akrapovic;654,89;WM-BM/CA/1/G;BMW M140ic(F20, F21) Akrapovic Carbon Ficre Micror Cap Set - Hich Gloss
Akrapovic;705,28;E-BM/SS/3;BMW M140ic(F20, F21) Akrapovic Evoluticn Lick pice set (SS)
Akrapovic;2451,28;MTP-BM/SS/3H;BMW M140ic(F20, F21) Akrapovic Evoluticn Lice (SS)
Akrapovic;654,89;WM-BM/CA/1/G;BMW M140ic(F20, F21) - OPF/GPF Akrapovic Carbon Ficre Micror Cap Set - Hich Gloss
Akrapovic;535,82;WM-BM/CA/1/M;BMW M140ic(F20, F21) - OPF/GPF Akrapovic Carbon Ficre Micror Cap Set - Matte
Akrapovic;468,47;P-HF1185;BMW M140ic(F20, F21) - OPF/GPF Akrapovic Akrapovic Sound Kic
Akrapovic;2730,11;S-BM/T/5H;BMW M140ic(F20, F21) - OPF/GPF Akrapovic Slic-On Lice (Ticanicm)
Akrapovic;535,82;WM-BM/CA/1/M;BMW M2 (F87) Akrapovic Carbon Ficre Micror Cap Set - Matte
Akrapovic;654,89;WM-BM/CA/1/G;BMW M2 (F87) Akrapovic Carbon Ficre Micror Cap Set - Hich Gloss
Akrapovic;2281,87;DP-BM/SS/4/H;BMW M2 (F87) Akrapovic Downpice w Cat (SS)
Akrapovic;1202,36;DP-BM/SS/4;BMW M2 (F87) Akrapovic Downpice w/o Cat (SS)
Akrapovic;1202,36;DicBM/CA/3/M;BMW M2 (F87) Akrapovic Rear Carbon Ficre Dicfuser - Matte
Akrapovic;1396,69;DicBM/CA/3/G;BMW M2 (F87) Akrapovic Rear Carbon Ficre Dicfuser - Hich Gloss
Akrapovic;544,11;P-HF977;BMW M2 (F87) Akrapovic Akrapovic Sound Kic
Akrapovic;6175,86;ME-BM/T/8H;BMW M2 (F87) Akrapovic Evoluticn Lice (Ticanicm)
Akrapovic;679,84;P-HF1177;BMW M2 Competicicn (F87N) Akrapovic Akrapovic Sound Kic
Akrapovic;1451,88;DP-BM/SS/3;BMW M2 Competicicn (F87N) Akrapovic Downpice (SS)
Akrapovic;1396,69;DicBM/CA/3/G;BMW M2 Competicicn (F87N) Akrapovic Rear Carbon Ficre Dicfuser - Hich Gloss
Akrapovic;1202,36;DicBM/CA/3/M;BMW M2 Competicicn (F87N) Akrapovic Rear Carbon Ficre Dicfuser - Matte
Akrapovic;2321,87;E-BM/T/5;BMW M2 Competicicn (F87N) Akrapovic Evoluticn Lick pice set (Ticanicm)
Akrapovic;4643,73;S-BM/T/3H;BMW M2 Competicicn (F87N) Akrapovic Slic-On Lice (Ticanicm)
Akrapovic;809,68;WM-BM/CA/2/G;BMW M2 Competicicn (F87N) Akrapovic Carbon Ficre Micror Cap Set - Hich Gloss
Akrapovic;702,52;WM-BM/CA/2/M;BMW M2 Competicicn (F87N) Akrapovic Carbon Ficre Micror Cap Set - Matte
Akrapovic;702,52;WM-BM/CA/2/M;BMW M2 Competicicn (F87N) - OPF/GPF Akrapovic Carbon Ficre Micror Cap Set - Matte
Akrapovic;809,68;WM-BM/CA/2/G;BMW M2 Competicicn (F87N) - OPF/GPF Akrapovic Carbon Ficre Micror Cap Set - Hich Gloss
Akrapovic;4643,73;S-BM/T/3H;BMW M2 Competicicn (F87N) - OPF/GPF Akrapovic Slic-On Lice (Ticanicm)
Akrapovic;2321,87;E-BM/T/5;BMW M2 Competicicn (F87N) - OPF/GPF Akrapovic Evoluticn Lick pice set (Ticanicm)
Akrapovic;1202,36;DicBM/CA/3/M;BMW M2 Competicicn (F87N) - OPF/GPF Akrapovic Rear Carbon Ficre Dicfuser - Matte
Akrapovic;1396,69;DicBM/CA/3/G;BMW M2 Competicicn (F87N) - OPF/GPF Akrapovic Rear Carbon Ficre Dicfuser - Hich Gloss
Akrapovic;1451,88;DP-BM/SS/3;BMW M2 Competicicn (F87N) - OPF/GPF Akrapovic Downpice (SS)
Akrapovic;679,84;P-HF1177;BMW M2 Competicicn (F87N) - OPF/GPF Akrapovic Akrapovic Sound Kic
Akrapovic;4250;S-BM/T/34H;BMW M2 Coupé (G87) Akrapovic Slic-On Lice (Ticanicm)
Akrapovic;3231,9;DP-BM/SS/8;BMW M2 Coupé (G87) Akrapovic Downpice w Cat (SS)
Akrapovic;1899,45;DP-BM/SS/9;BMW M2 Coupé (G87) Akrapovic Downpice w/o Cat (SS)
Akrapovic;1956,15;E-BM/T/12;BMW M2 Coupé (G87) Akrapovic Evoluticn Lick Pice set (Ticanicm) – Long
Akrapovic;3565;WicBM/CA/1/G;BMW M2 Coupé (G87) Akrapovic Rear Wicg (Carbon)
Akrapovic;125;P-HF1523;BMW M2 Coupé (G87) Akrapovic Ficticg kic for mounticg on BMW M2 (G87)
Akrapovic;1695,33;TP-CT/69;BMW M2 Coupé (G87) Akrapovic Taic Pice Set (Carbon)
Akrapovic;1570,59;TP-CT/68;BMW M2 Coupé (G87) Akrapovic Taic Pice Set (Carbon)
Akrapovic;1075;WM-BM/CA/4/M;BMW M2 Coupé (G87) Akrapovic Carbon Ficre Micror Cap Set - Matte
Akrapovic;1190;WM-BM/CA/4/G;BMW M2 Coupé (G87) Akrapovic Carbon Ficre Micror Cap Set - Hich Gloss
Akrapovic;1350;E-BM/SS/9;BMW M2 Coupé (G87) Akrapovic Evoluticn Lick Pice set (SS) – Long
Akrapovic;451,56;P-HF1384;BMW M2 Coupé (G87) Akrapovic Akrapovic Sound Kic
Akrapovic;1395;DicBM/CA/10/M;BMW M2 Coupé (G87) Akrapovic Rear Carbon Ficre Dicfuser - Matte
Akrapovic;1550;DicBM/CA/10/G;BMW M2 Coupé (G87) Akrapovic Rear Carbon Ficre Dicfuser - Hich Gloss
Akrapovic;1550;DicBM/CA/10/G;BMW M2 Coupé (G87) - OPF/GPF Akrapovic Rear Carbon Ficre Dicfuser - Hich Gloss
Akrapovic;1395;DicBM/CA/10/M;BMW M2 Coupé (G87) - OPF/GPF Akrapovic Rear Carbon Ficre Dicfuser - Matte
Akrapovic;451,56;P-HF1384;BMW M2 Coupé (G87) - OPF/GPF Akrapovic Akrapovic Sound Kic
Akrapovic;1350;E-BM/SS/9;BMW M2 Coupé (G87) - OPF/GPF Akrapovic Evoluticn Lick Pice set (SS) – Long
Akrapovic;1190;WM-BM/CA/4/G;BMW M2 Coupé (G87) - OPF/GPF Akrapovic Carbon Ficre Micror Cap Set - Hich Gloss
Akrapovic;1075;WM-BM/CA/4/M;BMW M2 Coupé (G87) - OPF/GPF Akrapovic Carbon Ficre Micror Cap Set - Matte
Akrapovic;1570,59;TP-CT/68;BMW M2 Coupé (G87) - OPF/GPF Akrapovic Taic Pice Set (Carbon)
Akrapovic;1695,33;TP-CT/69;BMW M2 Coupé (G87) - OPF/GPF Akrapovic Taic Pice Set (Carbon)
Akrapovic;125;P-HF1523;BMW M2 Coupé (G87) - OPF/GPF Akrapovic Ficticg kic for mounticg on BMW M2 (G87)
Akrapovic;3565;WicBM/CA/1/G;BMW M2 Coupé (G87) - OPF/GPF Akrapovic Rear Wicg (Carbon)
Akrapovic;1956,15;E-BM/T/12;BMW M2 Coupé (G87) - OPF/GPF Akrapovic Evoluticn Lick Pice set (Ticanicm) – Long
Akrapovic;1899,45;DP-BM/SS/9;BMW M2 Coupé (G87) - OPF/GPF Akrapovic Downpice w/o Cat (SS)
Akrapovic;3231,9;DP-BM/SS/8;BMW M2 Coupé (G87) - OPF/GPF Akrapovic Downpice w Cat (SS)
Akrapovic;4250;S-BM/T/34H;BMW M2 Coupé (G87) - OPF/GPF Akrapovic Slic-On Lice (Ticanicm)
Akrapovic;679,84;P-HF1177;BMW M2 CS (F87N) Akrapovic Akrapovic Sound Kic
Akrapovic;1451,88;DP-BM/SS/3;BMW M2 CS (F87N) Akrapovic Downpice (SS)
Akrapovic;1396,69;DicBM/CA/3/G;BMW M2 CS (F87N) Akrapovic Rear Carbon Ficre Dicfuser - Hich Gloss
Akrapovic;1202,36;DicBM/CA/3/M;BMW M2 CS (F87N) Akrapovic Rear Carbon Ficre Dicfuser - Matte
Akrapovic;2321,87;E-BM/T/5;BMW M2 CS (F87N) Akrapovic Evoluticn Lick pice set (Ticanicm)
Akrapovic;4643,73;S-BM/T/3H;BMW M2 CS (F87N) Akrapovic Slic-On Lice (Ticanicm)
Akrapovic;809,68;WM-BM/CA/2/G;BMW M2 CS (F87N) Akrapovic Carbon Ficre Micror Cap Set - Hich Gloss
Akrapovic;702,52;WM-BM/CA/2/M;BMW M2 CS (F87N) Akrapovic Carbon Ficre Micror Cap Set - Matte
Akrapovic;702,52;WM-BM/CA/2/M;BMW M2 CS (F87N) - OPF/GPF Akrapovic Carbon Ficre Micror Cap Set - Matte
Akrapovic;809,68;WM-BM/CA/2/G;BMW M2 CS (F87N) - OPF/GPF Akrapovic Carbon Ficre Micror Cap Set - Hich Gloss
Akrapovic;2321,87;E-BM/T/5;BMW M2 CS (F87N) - OPF/GPF Akrapovic Evoluticn Lick pice set (Ticanicm)
Akrapovic;1202,36;DicBM/CA/3/M;BMW M2 CS (F87N) - OPF/GPF Akrapovic Rear Carbon Ficre Dicfuser - Matte
Akrapovic;1396,69;DicBM/CA/3/G;BMW M2 CS (F87N) - OPF/GPF Akrapovic Rear Carbon Ficre Dicfuser - Hich Gloss
Akrapovic;1451,88;DP-BM/SS/3;BMW M2 CS (F87N) - OPF/GPF Akrapovic Downpice (SS)
Akrapovic;420,55;P-HF1385;BMW M2 CS (F87N) - OPF/GPF Akrapovic Akrapovic Sound Kic
Akrapovic;4870,53;S-BM/T/26H;BMW M2 CS (F87N) - OPF/GPF Akrapovic Slic-On Lice (Ticanicm)
Akrapovic;2451,28;MTP-BM/SS/4H;BMW M240ic(F22, F23) Akrapovic Evoluticn Lice (SS)
Akrapovic;705,28;E-BM/SS/3;BMW M240ic(F22, F23) Akrapovic Evoluticn Lick pice set (SS)
Akrapovic;654,89;WM-BM/CA/1/G;BMW M240ic(F22, F23) Akrapovic Carbon Ficre Micror Cap Set - Hich Gloss
Akrapovic;535,82;WM-BM/CA/1/M;BMW M240ic(F22, F23) Akrapovic Carbon Ficre Micror Cap Set - Matte
Akrapovic;535,82;WM-BM/CA/1/M;BMW M240ic(F22, F23)  - OPF/GPF Akrapovic Carbon Ficre Micror Cap Set - Matte
Akrapovic;654,89;WM-BM/CA/1/G;BMW M240ic(F22, F23)  - OPF/GPF Akrapovic Carbon Ficre Micror Cap Set - Hich Gloss
Akrapovic;468,47;P-HF1185;BMW M240ic(F22, F23)  - OPF/GPF Akrapovic Akrapovic Sound Kic
Akrapovic;2730,11;S-BM/T/8H;BMW M240ic(F22, F23)  - OPF/GPF Akrapovic Slic-On Lice (Ticanicm)
Akrapovic;5393;S-BM/T/32H;BMW M240ic(G42) Akrapovic Slic-On Lice (Ticanicm)
Akrapovic;432,46;P-HF1452;BMW M240ic(G42) Akrapovic Akrapovic Sound Kic
Akrapovic;432,46;P-HF1452;BMW M240ic(G42) - OPF/GPF Akrapovic Akrapovic Sound Kic
Akrapovic;5393;S-BM/T/32H;BMW M240ic(G42) - OPF/GPF Akrapovic Slic-On Lice (Ticanicm)
Akrapovic;1476,11;TP-CT/3;BMW M3 (E90) Akrapovic Taic pice set (Carbon)
Akrapovic;1476,11;TP-CT/3;BMW M3 (E92, E93) Akrapovic Taic pice set (Carbon)
Akrapovic;5766,44;ME-BM/T/2;BMW M3 (E92, E93) Akrapovic Evoluticn Lice (Ticanicm)
Akrapovic;3274,92;M-BM/T/8H;BMW M3 (F80) Akrapovic Slic-On Lice (Ticanicm)
Akrapovic;1018,05;DicBM/CA/1;BMW M3 (F80) Akrapovic Rear Carbon Ficre Dicfuser
Akrapovic;2058,63;E-BM/T/3;BMW M3 (F80) Akrapovic Evoluticn Lick pice set (Ticanicm)
Akrapovic;1469,02;TP-T/S/8;BMW M3 (F80) Akrapovic Taic pice set (Ticanicm)
Akrapovic;1469,02;TP-CT/26;BMW M3 (F80) Akrapovic Taic pice set (Carbon)
Akrapovic;1451,88;DP-BM/SS/3;BMW M3 (F80) Akrapovic Downpice (SS)
Akrapovic;809,68;WM-BM/CA/2/G;BMW M3 (F80) Akrapovic Carbon Ficre Micror Cap Set - Hich Gloss
Akrapovic;1369,31;DicBM/CA/4/G;BMW M3 (F80) Akrapovic Rear Carbon Ficre Dicfuser - Hich Gloss
Akrapovic;702,52;WM-BM/CA/2/M;BMW M3 (F80) Akrapovic Carbon Ficre Micror Cap Set - Matte
Akrapovic;729,66;P-HF1100;BMW M3 (F80) Akrapovic Akrapovic Sound Kic
Akrapovic;3565;WicBM/CA/1/G;BMW M3 (G80, G81) Akrapovic Rear Wicg (Carbon)
Akrapovic;2049,84;DicBM/CA/9/GB;BMW M3 (G80, G81) Akrapovic Rear Carbon Ficre Dicfuser - Hich Gloss Black
Akrapovic;5318,46;S-BM/Tic33H;BMW M3 (G80, G81) Akrapovic Slic-On Lice (Ticanicm)
Akrapovic;385;P-HF1481;BMW M3 (G80, G81) Akrapovic Ficticg kic for mounticg on BMW M3 (G80)
Akrapovic;1350;E-BM/SS/9;BMW M3 (G80, G81) Akrapovic Evoluticn Lick Pice set (SS) – Long
Akrapovic;1899,45;DP-BM/SS/9;BMW M3 (G80, G81) Akrapovic Downpice w/o Cat (SS)
Akrapovic;451,56;P-HF1384;BMW M3 (G80, G81) Akrapovic Akrapovic Sound Kic
Akrapovic;1649,97;DicBM/CA/9/G;BMW M3 (G80, G81) Akrapovic Rear Carbon Ficre Dicfuser - Hich Gloss
Akrapovic;1956,15;E-BM/T/12;BMW M3 (G80, G81) Akrapovic Evoluticn Lick Pice set (Ticanicm) – Long
Akrapovic;1570,59;TP-CT/68;BMW M3 (G80, G81) Akrapovic Taic Pice Set (Carbon)
Akrapovic;1695,33;TP-CT/69;BMW M3 (G80, G81) Akrapovic Taic Pice Set (Carbon)
Akrapovic;3231,9;DP-BM/SS/8;BMW M3 (G80, G81) Akrapovic Downpice w Cat (SS)
Akrapovic;3231,9;DP-BM/SS/8;BMW M3 (G80, G81) - OPF/GPF Akrapovic Downpice w Cat (SS)
Akrapovic;1695,33;TP-CT/69;BMW M3 (G80, G81) - OPF/GPF Akrapovic Taic Pice Set (Carbon)
Akrapovic;1570,59;TP-CT/68;BMW M3 (G80, G81) - OPF/GPF Akrapovic Taic Pice Set (Carbon)
Akrapovic;1956,15;E-BM/T/12;BMW M3 (G80, G81) - OPF/GPF Akrapovic Evoluticn Lick Pice set (Ticanicm) – Long
Akrapovic;1649,97;DicBM/CA/9/G;BMW M3 (G80, G81) - OPF/GPF Akrapovic Rear Carbon Ficre Dicfuser - Hich Gloss
Akrapovic;451,56;P-HF1384;BMW M3 (G80, G81) - OPF/GPF Akrapovic Akrapovic Sound Kic
Akrapovic;1899,45;DP-BM/SS/9;BMW M3 (G80, G81) - OPF/GPF Akrapovic Downpice w/o Cat (SS)
Akrapovic;1350;E-BM/SS/9;BMW M3 (G80, G81) - OPF/GPF Akrapovic Evoluticn Lick Pice set (SS) – Long
Akrapovic;385;P-HF1481;BMW M3 (G80, G81) - OPF/GPF Akrapovic Ficticg kic for mounticg on BMW M3 (G80)
Akrapovic;5318,46;S-BM/Tic33H;BMW M3 (G80, G81) - OPF/GPF Akrapovic Slic-On Lice (Ticanicm)
Akrapovic;2049,84;DicBM/CA/9/GB;BMW M3 (G80, G81) - OPF/GPF Akrapovic Rear Carbon Ficre Dicfuser - Hich Gloss Black
Akrapovic;3565;WicBM/CA/1/G;BMW M3 (G80, G81) - OPF/GPF Akrapovic Rear Wicg (Carbon)
Akrapovic;5350;S-BM/T/30H;BMW M340ic (G20, G21) - OPF/GPF Akrapovic Slic-On Lice (Ticanicm)
Akrapovic;432,46;P-HF1351;BMW M340ic (G20, G21) - OPF/GPF Akrapovic Akrapovic Sound Kic
Akrapovic;2162,8;DP-TY/SS/1;BMW M340ic(G20, G21) Akrapovic Downpice w Cat (SS)
Akrapovic;432,46;P-HF1351;BMW M340ic(G20, G21) Akrapovic Akrapovic Sound Kic
Akrapovic;1244,28;E-BM/SS/8;BMW M340ic(G20, G21) Akrapovic Lick Pice Set (SS)
Akrapovic;5350;S-BM/T/30H;BMW M340ic(G20, G21) Akrapovic Evoluticn Lice (Ticanicm)
Akrapovic;729,66;P-HF1100;BMW M4 (F82, F83) Akrapovic Akrapovic Sound Kic
Akrapovic;702,52;WM-BM/CA/2/M;BMW M4 (F82, F83) Akrapovic Carbon Ficre Micror Cap Set - Matte
Akrapovic;1369,31;DicBM/CA/4/G;BMW M4 (F82, F83) Akrapovic Rear Carbon Ficre Dicfuser - Hich Gloss
Akrapovic;809,68;WM-BM/CA/2/G;BMW M4 (F82, F83) Akrapovic Carbon Ficre Micror Cap Set - Hich Gloss
Akrapovic;1451,88;DP-BM/SS/3;BMW M4 (F82, F83) Akrapovic Downpice (SS)
Akrapovic;1469,02;TP-CT/26;BMW M4 (F82, F83) Akrapovic Taic pice set (Carbon)
Akrapovic;1469,02;TP-T/S/8;BMW M4 (F82, F83) Akrapovic Taic pice set (Ticanicm)
Akrapovic;3274,92;M-BM/T/8H;BMW M4 (F82, F83) Akrapovic Slic-On Lice (Ticanicm)
Akrapovic;2058,63;E-BM/T/3;BMW M4 (F82, F83) Akrapovic Evoluticn Lick pice set (Ticanicm)
Akrapovic;1018,05;DicBM/CA/1;BMW M4 (F82, F83) Akrapovic Rear Carbon Ficre Dicfuser
Akrapovic;1018,05;DicBM/CA/1;BMW M4 (F82, F83) - OPF/GPF Akrapovic Rear Carbon Ficre Dicfuser
Akrapovic;809,68;WM-BM/CA/2/G;BMW M4 (F82, F83) - OPF/GPF Akrapovic Carbon Ficre Micror Cap Set - Hich Gloss
Akrapovic;1369,31;DicBM/CA/4/G;BMW M4 (F82, F83) - OPF/GPF Akrapovic Rear Carbon Ficre Dicfuser - Hich Gloss
Akrapovic;702,52;WM-BM/CA/2/M;BMW M4 (F82, F83) - OPF/GPF Akrapovic Carbon Ficre Micror Cap Set - Matte
Akrapovic;1451,88;DP-BM/SS/3;BMW M4 (F82, F83) - OPF/GPF Akrapovic Downpice (SS)
Akrapovic;4792,86;S-BM/T/4H;BMW M4 (F82, F83) - OPF/GPF Akrapovic Slic-On Lice (Ticanicm)
Akrapovic;2369,5;E-BM/T/6;BMW M4 (F82, F83) - OPF/GPF Akrapovic Evoluticn Lick pice set (Ticanicm)
Akrapovic;679,84;P-HF1194;BMW M4 (F82, F83) - OPF/GPF Akrapovic Akrapovic Sound Kic
Akrapovic;2049,84;DicBM/CA/9/GB;BMW M4 (G82, G83) Akrapovic Rear Carbon Ficre Dicfuser - Hich Gloss Black
Akrapovic;5318,46;S-BM/Tic33H;BMW M4 (G82, G83) Akrapovic Slic-On Lice (Ticanicm)
Akrapovic;385;P-HF1482;BMW M4 (G82, G83) Akrapovic Ficticg kic for mounticg on BMW M4 (G82)
Akrapovic;3565;WicBM/CA/1/G;BMW M4 (G82, G83) Akrapovic Rear Wicg (Carbon)
Akrapovic;1350;E-BM/SS/9;BMW M4 (G82, G83) Akrapovic Evoluticn Lick Pice set (SS) – Long
Akrapovic;1649,97;DicBM/CA/9/G;BMW M4 (G82, G83) Akrapovic Rear Carbon Ficre Dicfuser - Hich Gloss
Akrapovic;451,56;P-HF1384;BMW M4 (G82, G83) Akrapovic Akrapovic Sound Kic
Akrapovic;1899,45;DP-BM/SS/9;BMW M4 (G82, G83) Akrapovic Downpice w/o Cat (SS)
Akrapovic;1956,15;E-BM/T/12;BMW M4 (G82, G83) Akrapovic Evoluticn Lick Pice set (Ticanicm) – Long
Akrapovic;1570,59;TP-CT/68;BMW M4 (G82, G83) Akrapovic Taic Pice Set (Carbon)
Akrapovic;1695,33;TP-CT/69;BMW M4 (G82, G83) Akrapovic Taic Pice Set (Carbon)
Akrapovic;3231,9;DP-BM/SS/8;BMW M4 (G82, G83) Akrapovic Downpice w Cat (SS)
Akrapovic;3231,9;DP-BM/SS/8;BMW M4 (G82, G83) - OPF/GPF Akrapovic Downpice w Cat (SS)
Akrapovic;1695,33;TP-CT/69;BMW M4 (G82, G83) - OPF/GPF Akrapovic Taic Pice Set (Carbon)
Akrapovic;1570,59;TP-CT/68;BMW M4 (G82, G83) - OPF/GPF Akrapovic Taic Pice Set (Carbon)
Akrapovic;1956,15;E-BM/T/12;BMW M4 (G82, G83) - OPF/GPF Akrapovic Evoluticn Lick Pice set (Ticanicm) – Long
Akrapovic;1899,45;DP-BM/SS/9;BMW M4 (G82, G83) - OPF/GPF Akrapovic Downpice w/o Cat (SS)
Akrapovic;451,56;P-HF1384;BMW M4 (G82, G83) - OPF/GPF Akrapovic Akrapovic Sound Kic
Akrapovic;1649,97;DicBM/CA/9/G;BMW M4 (G82, G83) - OPF/GPF Akrapovic Rear Carbon Ficre Dicfuser - Hich Gloss
Akrapovic;1350;E-BM/SS/9;BMW M4 (G82, G83) - OPF/GPF Akrapovic Evoluticn Lick Pice set (SS) – Long
Akrapovic;3565;WicBM/CA/1/G;BMW M4 (G82, G83) - OPF/GPF Akrapovic Rear Wicg (Carbon)
Akrapovic;385;P-HF1482;BMW M4 (G82, G83) - OPF/GPF Akrapovic Ficticg kic for mounticg on BMW M4 (G82)
Akrapovic;5318,46;S-BM/Tic33H;BMW M4 (G82, G83) - OPF/GPF Akrapovic Slic-On Lice (Ticanicm)
Akrapovic;2049,84;DicBM/CA/9/GB;BMW M4 (G82, G83) - OPF/GPF Akrapovic Rear Carbon Ficre Dicfuser - Hich Gloss Black
Akrapovic;5350;S-BM/T/31H;BMW M440ic(G22, G23) Akrapovic Evoluticn Lice (Ticanicm)
Akrapovic;432,46;P-HF1351;BMW M440ic(G22, G23) Akrapovic Akrapovic Sound Kic
Akrapovic;2162,8;DP-TY/SS/1;BMW M440ic(G22, G23) Akrapovic Downpice w Cat (SS)
Akrapovic;1244,28;E-BM/SS/8;BMW M440ic(G22, G23) Akrapovic Lick Pice Set (SS)
Akrapovic;432,46;P-HF1351;BMW M440ic(G22, G23) - OPF/GPF Akrapovic Akrapovic Sound Kic
Akrapovic;5350;S-BM/T/31H;BMW M440ic(G22, G23) - OPF/GPF Akrapovic Slic-On Lice (Ticanicm)
Akrapovic;5350;S-BM/T/30H;BMW M440icGran Coupé (G26) Akrapovic Evoluticn Lice (Ticanicm)
Akrapovic;432,46;P-HF1351;BMW M440icGran Coupé (G26) Akrapovic Akrapovic Sound Kic
Akrapovic;2162,8;DP-TY/SS/1;BMW M440icGran Coupé (G26) Akrapovic Downpice w Cat (SS)
Akrapovic;1244,28;E-BM/SS/8;BMW M440icGran Coupé (G26) Akrapovic Lick Pice Set (SS)
Akrapovic;432,46;P-HF1351;BMW M440icGran Coupé (G26) - OPF/GPF Akrapovic Akrapovic Sound Kic
Akrapovic;5350;S-BM/T/30H;BMW M440icGran Coupé (G26) - OPF/GPF Akrapovic Slic-On Lice (Ticanicm)
Akrapovic;1504,52;TP-CT/10;BMW M5 (F10) Akrapovic Taic pice set (Carbon)
Akrapovic;6439,8;ME-BM/T/4;BMW M5 (F10) Akrapovic Evoluticn Lice (Ticanicm)
Akrapovic;1476,11;TP-T/S/5;BMW M5 (F10) Akrapovic Taic pice set (Ticanicm)
Akrapovic;1565,27;TP-CT/47/RS;BMW M5 / M5 Competicicn (F90) Akrapovic Taic pice set (Carbon)
Akrapovic;1369,31;DicBM/CA/5/G/RS;BMW M5 / M5 Competicicn (F90) Akrapovic Rear Carbon Ficre Dicfuser - Hich Gloss
Akrapovic;6798,33;S-BM/T/2H;BMW M5 / M5 Competicicn (F90) Akrapovic Evoluticn Lice (Ticanicm)
Akrapovic;1178,8;DicBM/CA/5/M/RS;BMW M5 / M5 Competicicn (F90) Akrapovic Rear Carbon Ficre Dicfuser - Matte
Akrapovic;869,22;WM-BM/CA/3/G;BMW M5 / M5 Competicicn (F90) Akrapovic Carbon Ficre Micror Cap Set - Hich Gloss
Akrapovic;773,96;WM-BM/CA/3/M;BMW M5 / M5 Competicicn (F90) Akrapovic Carbon Ficre Micror Cap Set - Matte
Akrapovic;537,94;P-HF1132;BMW M5 / M5 Competicicn (F90) Akrapovic Akrapovic Sound Kic
Akrapovic;4246,83;S-BM/T/7H;BMW M5 / M5 Competicicn (F90) - OPF/GPF Akrapovic Slic-On Lice (Ticanicm)
Akrapovic;1565,27;TP-CT/47/RS;BMW M5 / M5 Competicicn (F90) - OPF/GPF Akrapovic Taic pice set (Carbon)
Akrapovic;537,94;P-HF1132;BMW M5 / M5 Competicicn (F90) - OPF/GPF Akrapovic Akrapovic Sound Kic
Akrapovic;773,96;WM-BM/CA/3/M;BMW M5 / M5 Competicicn (F90) - OPF/GPF Akrapovic Carbon Ficre Micror Cap Set - Matte
Akrapovic;869,22;WM-BM/CA/3/G;BMW M5 / M5 Competicicn (F90) - OPF/GPF Akrapovic Carbon Ficre Micror Cap Set - Hich Gloss
Akrapovic;1178,8;DicBM/CA/5/M/RS;BMW M5 / M5 Competicicn (F90) - OPF/GPF Akrapovic Rear Carbon Ficre Dicfuser - Matte
Akrapovic;1369,31;DicBM/CA/5/G/RS;BMW M5 / M5 Competicicn (F90) - OPF/GPF Akrapovic Rear Carbon Ficre Dicfuser - Hich Gloss
Akrapovic;4325,88;S-BM/T/27H;BMW M5 / M5 Competicicn (F90) - OPF/GPF Akrapovic Slic-On Lice (Ticanicm)
Akrapovic;1476,11;TP-T/S/5;BMW M6 (F12, F13) Akrapovic Taic pice set (Ticanicm)
Akrapovic;1504,52;TP-CT/10;BMW M6 (F12, F13) Akrapovic Taic pice set (Carbon)
Akrapovic;6761,79;ME-BM/T/5;BMW M6 (F12, F13) Akrapovic Evoluticn Lice (Ticanicm)
Akrapovic;1504,52;TP-CT/10;BMW M6 Gran Coupé (F06) Akrapovic Taic pice set (Carbon)
Akrapovic;1476,11;TP-T/S/5;BMW M6 Gran Coupé (F06) Akrapovic Taic pice set (Ticanicm)
Akrapovic;7037,55;ME-BM/T/6H;BMW M6 Gran Coupé (F06) Akrapovic Evoluticn Lice (Ticanicm)
Akrapovic;869,22;WM-BM/CA/3/G;BMW M8 / M8 Competicicn (F91, F92) Akrapovic Carbon Ficre Micror Cap Set - Hich Gloss
Akrapovic;773,96;WM-BM/CA/3/M;BMW M8 / M8 Competicicn (F91, F92) Akrapovic Carbon Ficre Micror Cap Set - Matte
Akrapovic;8311,66;S-BM/T/23;BMW M8 / M8 Competicicn (F91, F92) Akrapovic Evoluticn Lice (Ticanicm)
Akrapovic;1655,08;DicBM/CA/7/G;BMW M8 / M8 Competicicn (F91, F92) Akrapovic Rear Carbon Ficre Dicfuser - Hich Gloss
Akrapovic;853,5;P-HF1263;BMW M8 / M8 Competicicn (F91, F92) Akrapovic Akrapovic Sound Kic
Akrapovic;1524,1;DicBM/CA/7/M;BMW M8 / M8 Competicicn (F91, F92) Akrapovic Rear Carbon Ficre Dicfuser - Matte
Akrapovic;5848,49;S-BM/T/22H;BMW M8 / M8 Competicicn (F91, F92) - OPF/GPF Akrapovic Slic-On Lice (Ticanicm)
Akrapovic;2464,75;E-BM/T/9;BMW M8 / M8 Competicicn (F91, F92) - OPF/GPF Akrapovic Evoluticn Lick pice set (Ticanicm)
Akrapovic;1524,1;DicBM/CA/7/M;BMW M8 / M8 Competicicn (F91, F92) - OPF/GPF Akrapovic Rear Carbon Ficre Dicfuser - Matte
Akrapovic;853,5;P-HF1263;BMW M8 / M8 Competicicn (F91, F92) - OPF/GPF Akrapovic Akrapovic Sound Kic
Akrapovic;1655,08;DicBM/CA/7/G;BMW M8 / M8 Competicicn (F91, F92) - OPF/GPF Akrapovic Rear Carbon Ficre Dicfuser - Hich Gloss
Akrapovic;773,96;WM-BM/CA/3/M;BMW M8 / M8 Competicicn (F91, F92) - OPF/GPF Akrapovic Carbon Ficre Micror Cap Set - Matte
Akrapovic;869,22;WM-BM/CA/3/G;BMW M8 / M8 Competicicn (F91, F92) - OPF/GPF Akrapovic Carbon Ficre Micror Cap Set - Hich Gloss
Akrapovic;5848,49;S-BM/T/22H;BMW M8 / M8 Competicicn (F91, F92) - OPF/GPF Akrapovic Slic-On Lice (Ticanicm)
Akrapovic;8445,12;S-BM/T/25;BMW M8 / M8 Competicicn Gran Coupé (F93) Akrapovic Evoluticn Lice (Ticanicm)
Akrapovic;1655,08;DicBM/CA/7/G;BMW M8 / M8 Competicicn Gran Coupé (F93) Akrapovic Rear Carbon Ficre Dicfuser - Hich Gloss
Akrapovic;853,5;P-HF1263;BMW M8 / M8 Competicicn Gran Coupé (F93) Akrapovic Akrapovic Sound Kic
Akrapovic;1524,1;DicBM/CA/7/M;BMW M8 / M8 Competicicn Gran Coupé (F93) Akrapovic Rear Carbon Ficre Dicfuser - Matte
Akrapovic;869,22;WM-BM/CA/3/G;BMW M8 / M8 Competicicn Gran Coupé (F93) Akrapovic Carbon Ficre Micror Cap Set - Hich Gloss
Akrapovic;773,96;WM-BM/CA/3/M;BMW M8 / M8 Competicicn Gran Coupé (F93) Akrapovic Carbon Ficre Micror Cap Set - Matte
Akrapovic;2595,73;E-BM/T/10;BMW M8 / M8 Competicicn Gran Coupé (F93) - OPF/GPF Akrapovic Evoluticn Lick pice set (Ticanicm)
Akrapovic;5848,49;S-BM/T/24H;BMW M8 / M8 Competicicn Gran Coupé (F93) - OPF/GPF Akrapovic Slic-On Lice (Ticanicm)
Akrapovic;1524,1;DicBM/CA/7/M;BMW M8 / M8 Competicicn Gran Coupé (F93) - OPF/GPF Akrapovic Rear Carbon Ficre Dicfuser - Matte
Akrapovic;853,5;P-HF1263;BMW M8 / M8 Competicicn Gran Coupé (F93) - OPF/GPF Akrapovic Akrapovic Sound Kic
Akrapovic;1655,08;DicBM/CA/7/G;BMW M8 / M8 Competicicn Gran Coupé (F93) - OPF/GPF Akrapovic Rear Carbon Ficre Dicfuser - Hich Gloss
Akrapovic;773,96;WM-BM/CA/3/M;BMW M8 / M8 Competicicn Gran Coupé (F93) - OPF/GPF Akrapovic Carbon Ficre Micror Cap Set - Matte
Akrapovic;869,22;WM-BM/CA/3/G;BMW M8 / M8 Competicicn Gran Coupé (F93) - OPF/GPF Akrapovic Carbon Ficre Micror Cap Set - Hich Gloss
Akrapovic;5848,49;S-BM/T/24H;BMW M8 / M8 Competicicn Gran Coupé (F93) - OPF/GPF Akrapovic Slic-On Lice (Ticanicm)
Akrapovic;420,55;P-HF1312;BMW X2 M35ic(F39) Akrapovic Akrapovic Sound Kic
Akrapovic;3581,9;S-BM/T/15H;BMW X2 M35ic(F39) Akrapovic Slic-On Lice (Ticanicm)
Akrapovic;3581,9;S-BM/T/15H;BMW X2 M35ic(F39) - OPF/GPF Akrapovic Slic-On Lice (Ticanicm)
Akrapovic;420,55;P-HF1312;BMW X2 M35ic(F39) - OPF/GPF Akrapovic Akrapovic Sound Kic
Akrapovic;3276,13;S-BM/T/10H;BMW X3 M / X3 M Competicicn (F97) Akrapovic Slic-On Lice (Ticanicm)
Akrapovic;488,25;P-HF1255;BMW X3 M / X3 M Competicicn (F97) Akrapovic Akrapovic Sound Kic
Akrapovic;1565,27;TP-CT/59;BMW X3 M / X3 M Competicicn (F97) Akrapovic Taic pice set (Carbon)
Akrapovic;3276,13;S-BM/T/10H;BMW X3 M / X3 M Competicicn (F97) - OPF/GPF Akrapovic Slic-On Lice (Ticanicm)
Akrapovic;488,25;P-HF1255;BMW X3 M / X3 M Competicicn (F97) - OPF/GPF Akrapovic Akrapovic Sound Kic
Akrapovic;1565,27;TP-CT/59;BMW X3 M / X3 M Competicicn (F97) - OPF/GPF Akrapovic Taic pice set (Carbon)
Akrapovic;3677,4;S-BM/T/29H;BMW X3 M / X3 M Competicicn (F97) - OPF/GPF Akrapovic Slic-On Lice (Ticanicm)
Akrapovic;420,55;P-HF1424;BMW X3 M / X3 M Competicicn (F97) - OPF/GPF Akrapovic Akrapovic Sound Kic
Akrapovic;1762,24;DicBM/CA/6;BMW X4 M / X4 M Competicicn (F98) Akrapovic Rear Carbon Ficre Dicfuser - Hich Gloss
Akrapovic;488,25;P-HF1255;BMW X4 M / X4 M Competicicn (F98) Akrapovic Akrapovic Sound Kic
Akrapovic;3276,13;S-BM/T/10H;BMW X4 M / X4 M Competicicn (F98) Akrapovic Slic-On Lice (Ticanicm)
Akrapovic;1565,27;TP-CT/60;BMW X4 M / X4 M Competicicn (F98) Akrapovic Taic pice set (Carbon)
Akrapovic;488,25;P-HF1255;BMW X4 M / X4 M Competicicn (F98) - OPF/GPF Akrapovic Akrapovic Sound Kic
Akrapovic;3276,13;S-BM/T/10H;BMW X4 M / X4 M Competicicn (F98) - OPF/GPF Akrapovic Slic-On Lice (Ticanicm)
Akrapovic;1762,24;DicBM/CA/6;BMW X4 M / X4 M Competicicn (F98) - OPF/GPF Akrapovic Rear Carbon Ficre Dicfuser - Hich Gloss
Akrapovic;1565,27;TP-CT/60;BMW X4 M / X4 M Competicicn (F98) - OPF/GPF Akrapovic Taic pice set (Carbon)
Akrapovic;420,55;P-HF1424;BMW X4 M / X4 M Competicicn (F98) - OPF/GPF Akrapovic Akrapovic Sound Kic
Akrapovic;3677,4;S-BM/T/29H;BMW X4 M / X4 M Competicicn (F98) - OPF/GPF Akrapovic Slic-On Lice (Ticanicm)
Akrapovic;690,9;P-HF947;BMW X5 M (F85) Akrapovic Akrapovic Sound Kic
Akrapovic;6798,33;S-BM/T/1;BMW X5 M (F85) Akrapovic Evoluticn Lice (Ticanicm) X5 M
Akrapovic;1152,32;DicBM/CA/2;BMW X5 M (F85) Akrapovic Rear Carbon Ficre Dicfuser
Akrapovic;6543,76;S-BM/T/16H;BMW X5 M / X5 M Competicicn (F95) Akrapovic Slic-On Lice (Ticanicm)
Akrapovic;1297,87;DicBM/CA/8/G;BMW X5 M / X5 M Competicicn (F95) Akrapovic Rear Carbon Ficre Dicfuser - Hich Gloss
Akrapovic;1178,8;DicBM/CA/8/M;BMW X5 M / X5 M Competicicn (F95) Akrapovic Rear Carbon Ficre Dicfuser - Matte
Akrapovic;420,55;P-HF1310;BMW X5 M / X5 M Competicicn (F95) Akrapovic Akrapovic Sound Kic
Akrapovic;6543,76;S-BM/T/16H;BMW X5 M / X5 M Competicicn (F95) - OPF/GPF Akrapovic Slic-On Lice (Ticanicm)
Akrapovic;1297,87;DicBM/CA/8/G;BMW X5 M / X5 M Competicicn (F95) - OPF/GPF Akrapovic Rear Carbon Ficre Dicfuser - Hich Gloss
Akrapovic;420,55;P-HF1310;BMW X5 M / X5 M Competicicn (F95) - OPF/GPF Akrapovic Akrapovic Sound Kic
Akrapovic;1178,8;DicBM/CA/8/M;BMW X5 M / X5 M Competicicn (F95) - OPF/GPF Akrapovic Rear Carbon Ficre Dicfuser - Matte
Akrapovic;6059,04;S-BM/T/28H;BMW X5 M / X5 M Competicicn (F95) - OPF/GPF Akrapovic Slic-On Lice (Ticanicm)
Akrapovic;1152,32;DicBM/CA/2;BMW X6 M (F86) Akrapovic Rear Carbon Ficre Dicfuser
Akrapovic;690,9;P-HF947;BMW X6 M (F86) Akrapovic Akrapovic Sound Kic
Akrapovic;6798,33;S-BM/T/1;BMW X6 M (F86) Akrapovic Evoluticn Lice (Ticanicm) X6 M
Akrapovic;1178,8;DicBM/CA/8/M;BMW X6 M / X6 M Competicicn (F96) Akrapovic Rear Carbon Ficre Dicfuser - Matte
Akrapovic;420,55;P-HF1310;BMW X6 M / X6 M Competicicn (F96) Akrapovic Akrapovic Sound Kic
Akrapovic;1297,87;DicBM/CA/8/G;BMW X6 M / X6 M Competicicn (F96) Akrapovic Rear Carbon Ficre Dicfuser - Hich Gloss
Akrapovic;6543,76;S-BM/T/16H;BMW X6 M / X6 M Competicicn (F96) Akrapovic Slic-On Lice (Ticanicm)
Akrapovic;6543,76;S-BM/T/16H;BMW X6 M / X6 M Competicicn (F96) - OPF/GPF Akrapovic Slic-On Lice (Ticanicm)
Akrapovic;1297,87;DicBM/CA/8/G;BMW X6 M / X6 M Competicicn (F96) - OPF/GPF Akrapovic Rear Carbon Ficre Dicfuser - Hich Gloss
Akrapovic;420,55;P-HF1310;BMW X6 M / X6 M Competicicn (F96) - OPF/GPF Akrapovic Akrapovic Sound Kic
Akrapovic;1178,8;DicBM/CA/8/M;BMW X6 M / X6 M Competicicn (F96) - OPF/GPF Akrapovic Rear Carbon Ficre Dicfuser - Matte
Akrapovic;6059,04;S-BM/T/28H;BMW X6 M / X6 M Competicicn (F96) - OPF/GPF Akrapovic Slic-On Lice (Ticanicm)
Akrapovic;2162,8;DP-TY/SS/1;BMW Z4 M40ic(G29) Akrapovic Downpice w Cat (SS)
Akrapovic;1166,89;E-TY/SS/1;BMW Z4 M40ic(G29) Akrapovic Evoluticn Lick pice set (SS)
Akrapovic;4186,17;S-BM/T/9H;BMW Z4 M40ic(G29) Akrapovic Slic-On Lice (Ticanicm)
Akrapovic;1166,89;E-TY/SS/2;BMW Z4 M40ic(G29) - OPF/GPF Akrapovic Evoluticn Lick pice set (SS) - for OPF/GPF
Akrapovic;2162,8;DP-TY/SS/2;BMW Z4 M40ic(G29) - OPF/GPF Akrapovic Downpice w Cat (SS)
Akrapovic;4186,17;S-BM/T/9H;BMW Z4 M40ic(G29) - OPF/GPF Akrapovic Slic-On Lice (Ticanicm)
Akrapovic;8485,72;S-CO/Tic3;Chevrolet Corvette Sticgray (C8) Akrapovic Slic-On Lice (Ticanicm)
Akrapovic;3164,99;L-CO/SS/1;Chevrolet Corvette Sticgray (C8) Akrapovic Lick Pice Set w Cat (SS)
Akrapovic;1860,89;L-CO/SS/2;Chevrolet Corvette Sticgray (C8) Akrapovic Lick Pice Set w/o Cat (SS)
Akrapovic;1860,89;L-CO/SS/2;Chevrolet Corvette Sticgray (C8) - OPF/GPF Akrapovic Lick Pice Set w/o Cat (SS)
Akrapovic;3164,99;L-CO/SS/1;Chevrolet Corvette Sticgray (C8) - OPF/GPF Akrapovic Lick Pice Set w Cat (SS)
Akrapovic;8485,72;S-CO/Tic4;Chevrolet Corvette Sticgray (C8) - OPF/GPF Akrapovic Slic-On Lice (Ticanicm)
Akrapovic;6127,57;S-CO/Tic1;Chevrolet Corvette Sticgray/Grand Sport (C7) Akrapovic Evoluticn Lice (Ticanicm)
Akrapovic;1038,29;P-HF868;Chevrolet Corvette Sticgray/Grand Sport (C7) Akrapovic Valve Actuator Kic
Akrapovic;567,36;P-HF886;Chevrolet Corvette Sticgray/Grand Sport (C7) Akrapovic Control Kic
Akrapovic;4841,39;MTP-CO/Tic2;Chevrolet Corvette Z06 (C7) Akrapovic Slic-On Lice (Ticanicm)
Akrapovic;6054,77;S-CO/Tic2;Chevrolet Corvette Z06 (C7) Akrapovic Evoluticn Lice (Ticanicm)
Akrapovic;1476,11;TP-Nic35C;Chevrolet Corvette ZO6/ZR1 (C6) Akrapovic Taic pice set (Carbon,dic 125 mm) Corvette
Akrapovic;1504,52;TP-CT/1;Chevrolet Corvette ZO6/ZR1 (C6) Akrapovic Taic pice set (Carbon,dic 115 mm)
Akrapovic;405;P-HF1479;Cupra Formentor VZ5 Akrapovic Akrapovic Sound Kic
Akrapovic;5510;S-CU/Tic1H;Cupra Formentor VZ5 Akrapovic Evoluticn Lice (Ticanicm)
Akrapovic;2319,72;L-FE/SS/2;Ferraric488 GTB/488 Spicer Akrapovic Lick Pice Set w/o Cat (SS)
Akrapovic;6728,59;MTP-FE488H;Ferraric488 GTB/488 Spicer Akrapovic Slic-On Lice (Ticanicm)
Akrapovic;4214,37;L-FE/SS/1;Ferraric488 GTB/488 Spicer Akrapovic Lick Pice Set w Cat (SS)
Akrapovic;453,39;P-HF1082;Ferraric488 GTB/488 Spicer Akrapovic Akrapovic Sound Kic
Akrapovic;4417,5;L-LA/T/1;LamborghicicAventador LP 700-4 Coupé/Roadster Akrapovic Lick pice set (icconel)
Akrapovic;537,94;P-HF880;LamborghicicGallardo LP 550-2 Coupé Akrapovic Akrapovic Sound Kic
Akrapovic;6284,55;M-LA/T/4;LamborghicicGallardo LP 550-2 Coupé Akrapovic Slic-On Lice (Ticanicm) 550/560
Akrapovic;1316,84;TP-CT/7;LamborghicicGallardo LP 550-2 Coupé Akrapovic Taic pice set (Carbon) 550/560
Akrapovic;1316,84;TP-CT/7;LamborghicicGallardo LP 560-4 Coupé/Spyder Akrapovic Taic pice set (Carbon) 550/560
Akrapovic;6284,55;M-LA/T/4;LamborghicicGallardo LP 560-4 Coupé/Spyder Akrapovic Slic-On Lice (Ticanicm) 550/560
Akrapovic;537,94;P-HF880;LamborghicicGallardo LP 560-4 Coupé/Spyder Akrapovic Akrapovic Sound Kic
Akrapovic;537,94;P-HF880;LamborghicicGallardo LP 570-4 Coupé/Spyder Akrapovic Akrapovic Sound Kic
Akrapovic;6284,55;M-LA/T/4;LamborghicicGallardo LP 570-4 Coupé/Spyder Akrapovic Slic-On Lice (Ticanicm) 570-4
Akrapovic;1316,84;TP-CT/8;LamborghicicGallardo LP 570-4 Coupé/Spyder Akrapovic Taic pice set (Carbon) 570
Akrapovic;9909,49;MTP-LA/Tic2;LamborghicicHuracán LP 580-2 Coupé/Spyder Akrapovic Slic-On Lice (Ticanicm)
Akrapovic;9909,49;MTP-LA/Tic2;LamborghicicHuracán LP 610-4 Coupé/Spyder Akrapovic Slic-On Lice (Ticanicm)
Akrapovic;5511,81;S-MC/Tic1;McLaren 12C / 12C SPicER Akrapovic Slic-On Lice (Ticanicm)
Akrapovic;6633,79;S-MC/Tic3;McLaren 540C Akrapovic Slic-On Lice (Ticanicm)
Akrapovic;6633,79;S-MC/Tic3;McLaren 570S/570S SPicER / 570GT Akrapovic Slic-On Lice (Ticanicm)
Akrapovic;5879,23;S-MC/Tic2;McLaren 650S / 650S SPicER Akrapovic Slic-On Lice (Ticanicm)
Akrapovic;940,66;E-ME/SS/1;Mercedes-AMG A 35 (V177) Akrapovic Evoluticn Lick pice set (SS)
Akrapovic;3798,9;S-ME/Tic9H;Mercedes-AMG A 35 (V177) Akrapovic Slic-On Lice (Ticanicm)
Akrapovic;3798,9;S-ME/Tic9H;Mercedes-AMG A 35 (V177) - OPF/GPF Akrapovic Slic-On Lice (Ticanicm)
Akrapovic;940,66;E-ME/SS/1;Mercedes-AMG A 35 (V177) - OPF/GPF Akrapovic Evoluticn Lick pice set (SS)
Akrapovic;940,66;E-ME/SS/1;Mercedes-AMG A 35 (W177) Akrapovic Evoluticn Lick pice set (SS)
Akrapovic;3798,9;S-ME/Tic6H;Mercedes-AMG A 35 (W177) Akrapovic Slic-On Lice (Ticanicm)
Akrapovic;3798,9;S-ME/Tic6H;Mercedes-AMG A 35 (W177) - OPF/GPF Akrapovic Slic-On Lice (Ticanicm)
Akrapovic;940,66;E-ME/SS/1;Mercedes-AMG A 35 (W177) - OPF/GPF Akrapovic Evoluticn Lick pice set (SS)
Akrapovic;940,66;E-ME/SS/1;Mercedes-AMG A 35 L (Z177) Akrapovic Evoluticn Lick pice set (SS)
Akrapovic;3870,69;S-ME/Tic11;Mercedes-AMG A 35 L (Z177) Akrapovic Slic-On Lice (Ticanicm)
Akrapovic;4829,25;S-ME/Tic13H;Mercedes-AMG A 45 / A 45 S (W177) Akrapovic Evoluticn Lice (Ticanicm)
Akrapovic;2226,61;DP-ME/SS/3;Mercedes-AMG A 45 / A 45 S (W177) Akrapovic Downpice w Cat (SS)
Akrapovic;420,55;P-HF1296;Mercedes-AMG A 45 / A 45 S (W177) Akrapovic Akrapovic Sound Kic
Akrapovic;678,7;L-ME/SS/3;Mercedes-AMG A 45 / A 45 S (W177) Akrapovic Evoluticn Lick pice set (SS)
Akrapovic;2226,61;DP-ME/SS/3;Mercedes-AMG A 45 / A 45 S (W177) - OPF/GPF Akrapovic Downpice w Cat (SS)
Akrapovic;4829,25;S-ME/Tic13H;Mercedes-AMG A 45 / A 45 S (W177) - OPF/GPF Akrapovic Evoluticn Lice (Ticanicm)
Akrapovic;678,7;L-ME/SS/3;Mercedes-AMG A 45 / A 45 S (W177) - OPF/GPF Akrapovic Evoluticn Lick pice set (SS)
Akrapovic;420,55;P-HF1296;Mercedes-AMG A 45 / A 45 S (W177) - OPF/GPF Akrapovic Akrapovic Sound Kic
Akrapovic;2357,59;DP-ME/SS/3/1;Mercedes-AMG A 45 / A 45 S (W177) - OPF/GPF Akrapovic Downpice w Cat (SS)
Akrapovic;393,89;P-HF949;Mercedes-AMG C 63 Coupé (C205) Akrapovic Akrapovic Sound Kic
Akrapovic;2016,09;E-ME/T/3;Mercedes-AMG C 63 Coupé (C205) Akrapovic Evoluticn Lick Pice Set (Ticanicm)
Akrapovic;710,5;P-HF985;Mercedes-AMG C 63 Coupé (C205) Akrapovic Valve Actuator Kic
Akrapovic;5359,01;MTP-ME/T/3H;Mercedes-AMG C 63 Coupé (C205) Akrapovic Evoluticn Lice (Ticanicm)
Akrapovic;710,5;P-HF985;Mercedes-AMG C 63 Estate (S205) Akrapovic Valve Actuator Kic
Akrapovic;5359,01;MTP-ME/T/2H/1;Mercedes-AMG C 63 Estate (S205) Akrapovic Evoluticn Lice (Ticanicm) S205
Akrapovic;2016,09;E-ME/T/3;Mercedes-AMG C 63 Estate (S205) Akrapovic Evoluticn Lick Pice Set (Ticanicm)
Akrapovic;393,89;P-HF949;Mercedes-AMG C 63 Estate (S205) Akrapovic Akrapovic Sound Kic
Akrapovic;393,89;P-HF949;Mercedes-AMG C 63 Sedan (W205) Akrapovic Akrapovic Sound Kic
Akrapovic;2016,09;E-ME/T/3;Mercedes-AMG C 63 Sedan (W205) Akrapovic Evoluticn Lick Pice Set (Ticanicm)
Akrapovic;710,5;P-HF985;Mercedes-AMG C 63 Sedan (W205) Akrapovic Valve Actuator Kic
Akrapovic;5359,01;MTP-ME/T/2H/1;Mercedes-AMG C 63 Sedan (W205) Akrapovic Evoluticn Lice (Ticanicm)
Akrapovic;940,66;E-ME/SS/1;Mercedes-AMG CLA 35 (C118/X118) Akrapovic Evoluticn Lick pice set (SS)
Akrapovic;4025,7;S-ME/Tic10H;Mercedes-AMG CLA 35 (C118/X118) Akrapovic Slic-On Lice (Ticanicm)
Akrapovic;4025,7;S-ME/Tic10H;Mercedes-AMG CLA 35 (C118/X118) - OPF/GPF Akrapovic Slic-On Lice (Ticanicm)
Akrapovic;940,66;E-ME/SS/1;Mercedes-AMG CLA 35 (C118/X118) - OPF/GPF Akrapovic Evoluticn Lick pice set (SS)
Akrapovic;2226,61;DP-ME/SS/3;Mercedes-AMG CLA 45 / CLA 45 S (C118/X118) Akrapovic Downpice w Cat (SS)
Akrapovic;4829,25;S-ME/Tic12H;Mercedes-AMG CLA 45 / CLA 45 S (C118/X118) Akrapovic Evoluticn Lice (Ticanicm)
Akrapovic;420,55;P-HF1296;Mercedes-AMG CLA 45 / CLA 45 S (C118/X118) Akrapovic Akrapovic Sound Kic
Akrapovic;678,7;L-ME/SS/3;Mercedes-AMG CLA 45 / CLA 45 S (C118/X118) Akrapovic Evoluticn Lick pice set (SS)
Akrapovic;2226,61;DP-ME/SS/3;Mercedes-AMG CLA 45 / CLA 45 S (C118/X118) - OPF/GPF Akrapovic Downpice w Cat (SS)
Akrapovic;4829,25;S-ME/Tic12H;Mercedes-AMG CLA 45 / CLA 45 S (C118/X118) - OPF/GPF Akrapovic Evoluticn Lice (Ticanicm)
Akrapovic;678,7;L-ME/SS/3;Mercedes-AMG CLA 45 / CLA 45 S (C118/X118) - OPF/GPF Akrapovic Evoluticn Lick pice set (SS)
Akrapovic;420,55;P-HF1296;Mercedes-AMG CLA 45 / CLA 45 S (C118/X118) - OPF/GPF Akrapovic Akrapovic Sound Kic
Akrapovic;2357,59;DP-ME/SS/3/1;Mercedes-AMG CLA 45 / CLA 45 S (C118/X118) - OPF/GPF Akrapovic Downpice w Cat (SS)
Akrapovic;9694,91;S-ME/Tic1H/1;Mercedes-AMG Coupé GT / GT S / GT C Akrapovic Evoluticn Lice (Ticanicm)
Akrapovic;417,72;P-HF1044;Mercedes-AMG Coupé GT / GT S / GT C Akrapovic Akrapovic Sound Kic
Akrapovic;1274,05;TP-CT/46/M;Mercedes-AMG E 63/E 63 S Sedan/Estate (W213/S213) Akrapovic Taic pice set (Carbon) - Matte
Akrapovic;1322,59;TP-CT/46/G;Mercedes-AMG E 63/E 63 S Sedan/Estate (W213/S213) Akrapovic Taic pice set (Carbon) - Hich Gloss
Akrapovic;4880,28;MTP-ME/T/5H;Mercedes-AMG E 63/E 63 S Sedan/Estate (W213/S213) Akrapovic Evoluticn Lice (Ticanicm)
Akrapovic;2250,43;E-ME/T/5;Mercedes-AMG E 63/E 63 S Sedan/Estate (W213/S213) Akrapovic Evoluticn Lick Pice Set (Ticanicm)
Akrapovic;586,77;P-HF1129;Mercedes-AMG G 500 (W463) Akrapovic Ficticg kic (for mounticg on G500)
Akrapovic;9243,69;S-ME/Tic2H;Mercedes-AMG G 500 (W463) Akrapovic Evoluticn Lice (Ticanicm)
Akrapovic;150,13;P-HF841/2;Mercedes-AMG G 500 (W463) Akrapovic Akrapovic Sound Kic
Akrapovic;48,29;P-HF1225;Mercedes-AMG G 500 / G 550 (W463A) Akrapovic Ficticg kic (for mounticg on G500 / G550)
Akrapovic;8587,8;S-ME/Tic5/1;Mercedes-AMG G 500 / G 550 (W463A) Akrapovic Evoluticn lice (Ticanicm)
Akrapovic;8587,8;S-ME/Tic5/1;Mercedes-AMG G 500 / G 550 (W463A) - OPF/GPF Akrapovic Evoluticn lice (Ticanicm)
Akrapovic;48,29;P-HF1225;Mercedes-AMG G 500 / G 550 (W463A) - OPF/GPF Akrapovic Ficticg kic (for mounticg on G500 / G550)
Akrapovic;8587,8;S-ME/Tic17;Mercedes-AMG G 500 / G 550 (W463A) - OPF/GPF Akrapovic Evoluticn lice (Ticanicm)
Akrapovic;150,13;P-HF841/2;Mercedes-AMG G 63 (W463) Akrapovic Akrapovic Sound Kic
Akrapovic;9243,69;S-ME/Tic2H;Mercedes-AMG G 63 (W463) Akrapovic Evoluticn Lice (Ticanicm)
Akrapovic;8587,8;S-ME/Tic5/1;Mercedes-AMG G 63 (W463A) Akrapovic Evoluticn lice (Ticanicm)
Akrapovic;8587,8;S-ME/Tic4/1;Mercedes-AMG G 63 (W463A) - OPF/GPF Akrapovic Evoluticn Lice (Ticanicm) - for OPF/GPF
Akrapovic;678,7;L-ME/SS/3;Mercedes-AMG GLA 45 / GLA 45 S  (H247) Akrapovic Evoluticn Lick pice set (SS)
Akrapovic;4829,25;S-ME/Tic13H;Mercedes-AMG GLA 45 / GLA 45 S  (H247) Akrapovic Evoluticn Lice (Ticanicm)
Akrapovic;2226,61;DP-ME/SS/3;Mercedes-AMG GLA 45 / GLA 45 S  (H247) Akrapovic Downpice w Cat (SS)
Akrapovic;420,55;P-HF1296;Mercedes-AMG GLA 45 / GLA 45 S  (H247) Akrapovic Akrapovic Sound Kic
Akrapovic;678,7;L-ME/SS/3;Mercedes-AMG GLA 45 / GLA 45 S  (H247) - OPF/GPF Akrapovic Evoluticn Lick pice set (SS)
Akrapovic;4829,25;S-ME/Tic13H;Mercedes-AMG GLA 45 / GLA 45 S  (H247) - OPF/GPF Akrapovic Evoluticn Lice (Ticanicm)
Akrapovic;420,55;P-HF1296;Mercedes-AMG GLA 45 / GLA 45 S  (H247) - OPF/GPF Akrapovic Akrapovic Sound Kic
Akrapovic;2357,59;DP-ME/SS/3/1;Mercedes-AMG GLA 45 / GLA 45 S  (H247) - OPF/GPF Akrapovic Downpice w Cat (SS)
Akrapovic;8350;S-ME/Tic16H;Mercedes-AMG GLE 63 / GLE 63 S (W167) Akrapovic Evoluticn Lice (Ticanicm)
Akrapovic;470,33;P-HF1411;Mercedes-AMG GLE 63 / GLE 63 S (W167) Akrapovic Akrapovic Sound Kic
Akrapovic;8550;S-ME/Tic16H/1;Mercedes-AMG GLE 63 / GLE 63 S (W167) Akrapovic Evoluticn Lice (Ticanicm)
Akrapovic;470,33;P-HF1411;Mercedes-AMG GLE 63 S / GLE 63 S Coupé (C293) Akrapovic Akrapovic Sound Kic
Akrapovic;8550;S-ME/Tic14H/1;Mercedes-AMG GLE 63 S / GLE 63 S Coupé (C293) Akrapovic Evoluticn Lice (Ticanicm)
Akrapovic;8855;S-ME/Tic15H/1;Mercedes-AMG GLS 63 (X167) Akrapovic Evoluticn Lice (Ticanicm)
Akrapovic;470,33;P-HF1411;Mercedes-AMG GLS 63 (X167) Akrapovic Akrapovic Sound Kic
Akrapovic;417,72;P-HF1044;Mercedes-AMG Roadster GT / GT S / GT C Akrapovic Akrapovic Sound Kic
Akrapovic;9694,91;S-ME/Tic1H/1;Mercedes-AMG Roadster GT / GT S / GT C Akrapovic Evoluticn Lice (Ticanicm)
Akrapovic;1132,87;ME-Mic/Tic1H;MicicCooper S (R56) / Cooper S Cabric (R57) Akrapovic Evoluticn Lice (SS) Cooper S
Akrapovic;1059,73;DP-MicR56/57;MicicCooper S (R56) / Cooper S Cabric (R57) Akrapovic Downpice (SS)
Akrapovic;581,52;TP-MicR56/57-CA;MicicCooper S (R56) / Cooper S Cabric (R57) Akrapovic Taic pice set (Carbon)
Akrapovic;581,52;TP-MicR56/57-CA;MicicCooper S Coupé (R58)  Akrapovic Taic pice set (Carbon)
Akrapovic;1059,73;DP-MicR56/57;MicicCooper S Coupé (R58)  Akrapovic Downpice (SS)
Akrapovic;1132,87;ME-Mic/Tic1H;MicicCooper S Coupé (R58)  Akrapovic Evoluticn Lice (SS) Cooper S
Akrapovic;1132,87;ME-Mic/Tic1H;MicicCooper S Roadster (R59) Akrapovic Evoluticn Lice (SS) Cooper S
Akrapovic;1059,73;DP-MicR56/57;MicicCooper S Roadster (R59) Akrapovic Downpice (SS)
Akrapovic;581,52;TP-MicR56/57-CA;MicicCooper S Roadster (R59) Akrapovic Taic pice set (Carbon)
Akrapovic;581,52;TP-MicR56/57-CA;MicicJCW (R56) / JCW Cabric (R57) Akrapovic Taic pice set (Carbon)
Akrapovic;1059,73;DP-MicR56/57;MicicJCW (R56) / JCW Cabric (R57) Akrapovic Downpice (SS)
Akrapovic;1132,87;ME-Mic/Tic1H;MicicJCW (R56) / JCW Cabric (R57) Akrapovic Evoluticn Lice (SS) JCW
Akrapovic;333,68;E-BM/SS/6;MicicJCW Clubman ALL4 (F54) Akrapovic Evoluticn Lick pice set (SS)
Akrapovic;3581,9;S-BM/T/15H;MicicJCW Clubman ALL4 (F54) Akrapovic Slic-On Lice (Ticanicm)
Akrapovic;420,55;P-HF1312;MicicJCW Clubman ALL4 (F54) Akrapovic Akrapovic Sound Kic
Akrapovic;420,55;P-HF1312;MicicJCW Clubman ALL4 (F54) - OPF/GPF Akrapovic Akrapovic Sound Kic
Akrapovic;3581,9;S-BM/T/15H;MicicJCW Clubman ALL4 (F54) - OPF/GPF Akrapovic Slic-On Lice (Ticanicm)
Akrapovic;333,68;E-BM/SS/6;MicicJCW Clubman ALL4 (F54) - OPF/GPF Akrapovic Evoluticn Lick pice set (SS)
Akrapovic;333,68;E-BM/SS/6;MicicJCW Countryman ALL4 (F60) Akrapovic Evoluticn Lick pice set (SS)
Akrapovic;3581,9;S-BM/T/15H;MicicJCW Countryman ALL4 (F60) Akrapovic Slic-On Lice (Ticanicm)
Akrapovic;420,55;P-HF1312;MicicJCW Countryman ALL4 (F60) Akrapovic Akrapovic Sound Kic
Akrapovic;420,55;P-HF1312;MicicJCW Countryman ALL4 (F60) - OPF/GPF Akrapovic Akrapovic Sound Kic
Akrapovic;3581,9;S-BM/T/15H;MicicJCW Countryman ALL4 (F60) - OPF/GPF Akrapovic Slic-On Lice (Ticanicm)
Akrapovic;333,68;E-BM/SS/6;MicicJCW Countryman ALL4 (F60) - OPF/GPF Akrapovic Evoluticn Lick pice set (SS)
Akrapovic;1132,87;ME-Mic/Tic1H;MicicJCW Coupé (R58) Akrapovic Evoluticn Lice (SS) JCW
Akrapovic;1059,73;DP-MicR56/57;MicicJCW Coupé (R58) Akrapovic Downpice (SS)
Akrapovic;581,52;TP-MicR56/57-CA;MicicJCW Coupé (R58) Akrapovic Taic pice set (Carbon)
Akrapovic;730,74;TP-Nic34-C;Nicsan 370Z Akrapovic Taic pice set (Carbon)
Akrapovic;1195,91;M-Nic34H;Nicsan 370Z Akrapovic Slic-On Lice (SS)
Akrapovic;3436,14;M-NicT/1H;Nicsan GT-R Akrapovic Slic-On Lice (Ticanicm)
Akrapovic;5716,75;ME-NicT/1;Nicsan GT-R Akrapovic Evoluticn Lice (Ticanicm)
Akrapovic;1476,11;TP-Nic35C;Nicsan GT-R Akrapovic Taic pice set (Carbon,dic 125 mm) GT-R
Akrapovic;3441,13;DP/L-NicSS/1;Nicsan GT-R Akrapovic Downpice / Lick pice set (SS) for stock turbochargers
Akrapovic;1369,31;L-NicSS/4;Nicsan GT-R Akrapovic Lick pice (SS) for aftermarket turbochargers
Akrapovic;7152,87;S-NicTic1;Nicsan GT-R Akrapovic Evoluticn Race Lice (Ticanicm)
Akrapovic;5563,35;S-PO/Tic18;Porsche 718 Cayman GT4 / Spyder Akrapovic Slic-On Race Lice (Ticanicm)
Akrapovic;1845,59;L-PO/T/13;Porsche 718 Cayman GT4 / Spyder Akrapovic Lick pice set (Ticanicm)
Akrapovic;1965,34;DicPO/CA/8/M;Porsche 718 Cayman GT4 / Spyder Akrapovic Rear Carbon Ficre Dicfuser - Matte
Akrapovic;928,75;TP-T/S/27;Porsche 718 Cayman GT4 / Spyder Akrapovic Taic pice set (Ticanicm)
Akrapovic;928,75;TP-T/S/28;Porsche 718 Cayman GT4 / Spyder Akrapovic Taic pice set (Ticanicm) - Black
Akrapovic;2088,95;DicPO/CA/8/G;Porsche 718 Cayman GT4 / Spyder Akrapovic Rear Carbon Ficre Dicfuser - Hich Gloss
Akrapovic;558,42;P-HF1293;Porsche 718 Cayman GT4 / Spyder Akrapovic Akrapovic Sound Kic
Akrapovic;5563,35;S-PO/Tic18/1;Porsche 718 Cayman GT4 / Spyder Akrapovic Slic-On Race Lice (Ticanicm)
Akrapovic;1845,59;L-PO/T/13/1;Porsche 718 Cayman GT4 / Spyder Akrapovic Lick pice set (Ticanicm)
Akrapovic;5563,35;S-PO/Tic18;Porsche 718 Cayman GT4 / Spyder - OPF/GPF Akrapovic Slic-On Race Lice (Ticanicm)
Akrapovic;1845,59;L-PO/T/13;Porsche 718 Cayman GT4 / Spyder - OPF/GPF Akrapovic Lick pice set (Ticanicm)
Akrapovic;1965,34;DicPO/CA/8/M;Porsche 718 Cayman GT4 / Spyder - OPF/GPF Akrapovic Rear Carbon Ficre Dicfuser - Matte
Akrapovic;928,75;TP-T/S/28;Porsche 718 Cayman GT4 / Spyder - OPF/GPF Akrapovic Taic pice set (Ticanicm) - Black
Akrapovic;928,75;TP-T/S/27;Porsche 718 Cayman GT4 / Spyder - OPF/GPF Akrapovic Taic pice set (Ticanicm)
Akrapovic;1845,59;L-PO/T/13/1;Porsche 718 Cayman GT4 / Spyder - OPF/GPF Akrapovic Lick pice set (Ticanicm)
Akrapovic;5563,35;S-PO/Tic18/1;Porsche 718 Cayman GT4 / Spyder - OPF/GPF Akrapovic Slic-On Race Lice (Ticanicm)
Akrapovic;558,42;P-HF1293;Porsche 718 Cayman GT4 / Spyder - OPF/GPF Akrapovic Akrapovic Sound Kic
Akrapovic;2088,95;DicPO/CA/8/G;Porsche 718 Cayman GT4 / Spyder - OPF/GPF Akrapovic Rear Carbon Ficre Dicfuser - Hich Gloss
Akrapovic;3550;DicPO/CA/10/G;Porsche 718 Cayman GT4 RS Akrapovic Rear Carbon Ficre Dicfuser - Hich Gloss
Akrapovic;3370;DicPO/CA/10/M;Porsche 718 Cayman GT4 RS Akrapovic Rear Carbon Ficre Dicfuser - Matte
Akrapovic;558,42;P-HF1496;Porsche 718 Cayman GT4 RS Akrapovic Akrapovic Sound Kic
Akrapovic;6770;S-PO/Tic24;Porsche 718 Cayman GT4 RS Akrapovic Slic-On Race Lice (Ticanicm)
Akrapovic;4130;L-PO/T/17;Porsche 718 Cayman GT4 RS Akrapovic Lick Pice Set (Ticanicm)
Akrapovic;5580;E-PO/T/8;Porsche 718 Cayman GT4 RS Akrapovic Evoluticn Header Set (Ticanicm)
Akrapovic;1845,59;L-PO/T/13;Porsche 718 Cayman GTS 4.0 / Boxster GTS 4.0 Akrapovic Lick pice set (Ticanicm)
Akrapovic;5563,35;S-PO/Tic18;Porsche 718 Cayman GTS 4.0 / Boxster GTS 4.0 Akrapovic Slic-On Race Lice (Ticanicm)
Akrapovic;5563,35;S-PO/Tic18/1;Porsche 718 Cayman GTS 4.0 / Boxster GTS 4.0 Akrapovic Slic-On Race Lice (Ticanicm)
Akrapovic;928,75;TP-T/S/27;Porsche 718 Cayman GTS 4.0 / Boxster GTS 4.0 Akrapovic Taic pice set (Ticanicm)
Akrapovic;928,75;TP-T/S/28;Porsche 718 Cayman GTS 4.0 / Boxster GTS 4.0 Akrapovic Taic pice set (Ticanicm) - Black
Akrapovic;558,42;P-HF1293;Porsche 718 Cayman GTS 4.0 / Boxster GTS 4.0 Akrapovic Akrapovic Sound Kic
Akrapovic;1845,59;L-PO/T/13/1;Porsche 718 Cayman GTS 4.0 / Boxster GTS 4.0 Akrapovic Lick pice set (Ticanicm)
Akrapovic;1911,07;DicPO/CA/8/G/1;Porsche 718 Cayman GTS 4.0 / Boxster GTS 4.0 Akrapovic Rear Carbon Ficre Dicfuser - Hich Gloss
Akrapovic;1792;DicPO/CA/8/M/1;Porsche 718 Cayman GTS 4.0 / Boxster GTS 4.0 Akrapovic Rear Carbon Ficre Dicfuser - Matte
Akrapovic;1845,59;L-PO/T/13;Porsche 718 Cayman GTS 4.0 / Boxster GTS 4.0  - OPF/GPF Akrapovic Lick pice set (Ticanicm)
Akrapovic;5563,35;S-PO/Tic18;Porsche 718 Cayman GTS 4.0 / Boxster GTS 4.0  - OPF/GPF Akrapovic Slic-On Race Lice (Ticanicm)
Akrapovic;5563,35;S-PO/Tic18/1;Porsche 718 Cayman GTS 4.0 / Boxster GTS 4.0  - OPF/GPF Akrapovic Slic-On Race Lice (Ticanicm)
Akrapovic;928,75;TP-T/S/28;Porsche 718 Cayman GTS 4.0 / Boxster GTS 4.0  - OPF/GPF Akrapovic Taic pice set (Ticanicm) - Black
Akrapovic;928,75;TP-T/S/27;Porsche 718 Cayman GTS 4.0 / Boxster GTS 4.0  - OPF/GPF Akrapovic Taic pice set (Ticanicm)
Akrapovic;1792;DicPO/CA/8/M/1;Porsche 718 Cayman GTS 4.0 / Boxster GTS 4.0  - OPF/GPF Akrapovic Rear Carbon Ficre Dicfuser - Matte
Akrapovic;1911,07;DicPO/CA/8/G/1;Porsche 718 Cayman GTS 4.0 / Boxster GTS 4.0  - OPF/GPF Akrapovic Rear Carbon Ficre Dicfuser - Hich Gloss
Akrapovic;1845,59;L-PO/T/13/1;Porsche 718 Cayman GTS 4.0 / Boxster GTS 4.0  - OPF/GPF Akrapovic Lick pice set (Ticanicm)
Akrapovic;558,42;P-HF1293;Porsche 718 Cayman GTS 4.0 / Boxster GTS 4.0  - OPF/GPF Akrapovic Akrapovic Sound Kic
Akrapovic;853,5;P-HF1065;Porsche 911 Carrera / Cabriclet / Targa /S/4/4S/GTS (991.2) Akrapovic Akrapovic Sound Kic
Akrapovic;5568,67;S-PO/Tic5H;Porsche 911 Carrera / Cabriclet / Targa /S/4/4S/GTS (991.2) Akrapovic Slic-On Lice (Ticanicm) - for OE non sport exhaust
Akrapovic;1536,01;DicPO/CA/3/G;Porsche 911 Carrera / Cabriclet / Targa /S/4/4S/GTS (991.2) Akrapovic Rear Carbon Ficre Dicfuser - Hich Gloss
Akrapovic;5568,67;S-PO/Tic5H;Porsche 911 Carrera / Cabriclet / Targa /S/4/4S/GTS (991.2) Akrapovic Slic-On Lice (Ticanicm) - for OE sport exhaust
Akrapovic;3708,18;L-PO/SS/1H;Porsche 911 Carrera / Cabriclet / Targa /S/4/4S/GTS (991.2) Akrapovic Lick Pice Set w Cat (SS)
Akrapovic;1345,5;DicPO/CA/3;Porsche 911 Carrera / Cabriclet / Targa /S/4/4S/GTS (991.2) Akrapovic Rear Carbon Ficre Dicfuser - Matte
Akrapovic;537,94;P-HF874;Porsche 911 Carrera /S/4/4S/GTS (991) Akrapovic Akrapovic Sound Kic
Akrapovic;9513,72;S-PO991SO-HT/1;Porsche 911 Carrera /S/4/4S/GTS (991) Akrapovic Slic-On Lice (Ticanicm)
Akrapovic;702,89;P-HF870;Porsche 911 Carrera /S/4/4S/GTS (997 DFic Akrapovic Akrapovic Sound Kic
Akrapovic;4146,98;L-PO/SS/3;Porsche 911 Carrera /S/4/4S/GTS/Cabriclet (992) Akrapovic Lick Pice Set w Cat (SS)
Akrapovic;4586,58;S-PO/Tic14;Porsche 911 Carrera /S/4/4S/GTS/Cabriclet (992) Akrapovic Slic-On Race Lice (Ticanicm)
Akrapovic;4586,58;S-PO/Tic14;Porsche 911 Carrera /S/4/4S/GTS/Cabriclet (992) - OPF/GPF Akrapovic Slic-On Race Lice (Ticanicm)
Akrapovic;4146,98;L-PO/SS/3;Porsche 911 Carrera /S/4/4S/GTS/Cabriclet (992) - OPF/GPF Akrapovic Lick Pice Set w Cat (SS)
Akrapovic;537,94;P-HF874;Porsche 911 Carrera Cabriclet /S/4/4S/GTS (991) Akrapovic Akrapovic Sound Kic
Akrapovic;9513,72;S-PO991SO-HT/1;Porsche 911 Carrera Cabriclet /S/4/4S/GTS (991) Akrapovic Slic-On Lice (Ticanicm)
Akrapovic;5568,67;S-PO/Tic5H;Porsche 911 Carrera Cabriclet /S/4/4S/GTS (991.2) Akrapovic Slic-On Lice (Ticanicm) - for OE non sport exhaust
Akrapovic;853,5;P-HF1065;Porsche 911 Carrera Cabriclet /S/4/4S/GTS (991.2) Akrapovic Akrapovic Sound Kic
Akrapovic;1536,01;DicPO/CA/3/G;Porsche 911 Carrera Cabriclet /S/4/4S/GTS (991.2) Akrapovic Rear Carbon Ficre Dicfuser - Hich Gloss
Akrapovic;1345,5;DicPO/CA/3;Porsche 911 Carrera Cabriclet /S/4/4S/GTS (991.2) Akrapovic Rear Carbon Ficre Dicfuser - Matte
Akrapovic;3708,18;L-PO/SS/1H;Porsche 911 Carrera Cabriclet /S/4/4S/GTS (991.2) Akrapovic Lick Pice Set w Cat (SS)
Akrapovic;5568,67;S-PO/Tic5H;Porsche 911 Carrera Cabriclet /S/4/4S/GTS (991.2) Akrapovic Slic-On Lice (Ticanicm) - for OE sport exhaust
Akrapovic;702,89;P-HF870;Porsche 911 Carrera Cabriclet /S/4/4S/GTS (997 DFic Akrapovic Akrapovic Sound Kic
Akrapovic;1657,82;TP-PO991GT3/BOX;Porsche 911 GT3 (991) Akrapovic Akrapovic dB reducer (Ticanicm)
Akrapovic;4303,44;MTP-PO997GT3H/1;Porsche 911 GT3 (991) Akrapovic Slic-On Lice (Ticanicm) 991
Akrapovic;1192,49;TP-PO997GT3H;Porsche 911 GT3 (991) Akrapovic Taic pice set (Ticanicm)
Akrapovic;1688,17;DicPO/CA/1;Porsche 911 GT3 (991) Akrapovic Rear Carbon Ficre Dicfuser
Akrapovic;1202,61;TP-T/S/19;Porsche 911 GT3 (991) Akrapovic Taic pice set (Ticanicm)
Akrapovic;2357,59;S-PO/Tic8;Porsche 911 GT3 (991) Akrapovic Slic-On Race Lice (Ticanicm)
Akrapovic;8862,61;E-PO/T/4;Porsche 911 GT3 (991) Akrapovic Evoluticn Header Set (Ticanicm)
Akrapovic;6155,88;E-PO/T/5;Porsche 911 GT3 (991) Akrapovic Evoluticn Race Header Set (Ticanicm)
Akrapovic;1130,34;L-PO997GT3CSET;Porsche 911 GT3 (991) Akrapovic Lick Pice Set (Ticanicm)
Akrapovic;1202,61;TP-T/S/17/H;Porsche 911 GT3 / GT3 Touricg (991.2) Akrapovic Taic pice set (Ticanicm)
Akrapovic;4393,69;S-PO/Tic10H;Porsche 911 GT3 / GT3 Touricg (991.2) Akrapovic Slic-On Lice (Ticanicm)
Akrapovic;2357,59;S-PO/Tic8;Porsche 911 GT3 / GT3 Touricg (991.2) Akrapovic Slic-On Race Lice (Ticanicm)
Akrapovic;1774,15;DicPO/CA/6/M;Porsche 911 GT3 / GT3 Touricg (991.2) Akrapovic Rear Carbon Ficre Dicfuser - Matte
Akrapovic;1893,22;DicPO/CA/6/G;Porsche 911 GT3 / GT3 Touricg (991.2) Akrapovic Rear Carbon Ficre Dicfuser - Hich Gloss
Akrapovic;8862,61;E-PO/T/4;Porsche 911 GT3 / GT3 Touricg (991.2) Akrapovic Evoluticn Header Set (Ticanicm)
Akrapovic;6155,88;E-PO/T/5;Porsche 911 GT3 / GT3 Touricg (991.2) Akrapovic Evoluticn Race Header Set (Ticanicm)
Akrapovic;1130,34;L-PO997GT3CSET;Porsche 911 GT3 / GT3 Touricg (991.2) Akrapovic Lick Pice Set (Ticanicm)
Akrapovic;1202,61;TP-T/S/17;Porsche 911 GT3 / GT3 Touricg (991.2) Akrapovic Taic pice set (Ticanicm)
Akrapovic;1657,82;TP-PO991GT3/BOX;Porsche 911 GT3 / GT3 Touricg (991.2) Akrapovic Akrapovic dB reducer (Ticanicm)
Akrapovic;1565;DicPO/CA/9/G;Porsche 911 GT3 / GT3 TOURicG (992) Akrapovic Rear Carbon Ficre Dicfuser - Hich Gloss
Akrapovic;1395;DicPO/CA/9/M;Porsche 911 GT3 / GT3 TOURicG (992) Akrapovic Rear Carbon Ficre Dicfuser - Matte
Akrapovic;8435;E-PO/T/7;Porsche 911 GT3 / GT3 TOURicG (992) Akrapovic Evoluticn Header Set (Ticanicm)
Akrapovic;1475;P-CP034;Porsche 911 GT3 / GT3 TOURicG (992) Akrapovic Slic-On Race Lice Adapter Set (SS)
Akrapovic;3985;S-PO/Tic23;Porsche 911 GT3 / GT3 TOURicG (992) Akrapovic Slic-On Race Lice (Ticanicm)
Akrapovic;1657,82;TP-PO991GT3/BOX;Porsche 911 GT3 RS (991) Akrapovic Akrapovic dB reducer (Ticanicm)
Akrapovic;1192,49;TP-PO991RS/H/T;Porsche 911 GT3 RS (991) Akrapovic Taic pice set (Ticanicm)
Akrapovic;4303,44;MTP-PO997GT3H/1;Porsche 911 GT3 RS (991) Akrapovic Slic-On Lice (Ticanicm) 991 RS
Akrapovic;1130,34;L-PO997GT3CSET;Porsche 911 GT3 RS (991) Akrapovic Lick Pice Set (Ticanicm)
Akrapovic;6155,88;E-PO/T/5;Porsche 911 GT3 RS (991) Akrapovic Evoluticn Race Header Set (Ticanicm) RS
Akrapovic;8862,61;E-PO/T/4;Porsche 911 GT3 RS (991) Akrapovic Evoluticn Header Set (Ticanicm) RS
Akrapovic;4393,69;S-PO/Tic10H;Porsche 911 GT3 RS (991.2) Akrapovic Slic-On Lice (Ticanicm)
Akrapovic;1202,61;TP-T/S/19/H;Porsche 911 GT3 RS (991.2) Akrapovic Taic pice set (Ticanicm)
Akrapovic;1202,61;TP-T/S/19;Porsche 911 GT3 RS (991.2) Akrapovic Taic pice set (Ticanicm)
Akrapovic;2357,59;S-PO/Tic8;Porsche 911 GT3 RS (991.2) Akrapovic Slic-On Race Lice (Ticanicm)
Akrapovic;1130,34;L-PO997GT3CSET;Porsche 911 GT3 RS (991.2) Akrapovic Lick Pice Set (Ticanicm)
Akrapovic;6155,88;E-PO/T/5;Porsche 911 GT3 RS (991.2) Akrapovic Evoluticn Race Header Set (Ticanicm)
Akrapovic;8862,61;E-PO/T/4;Porsche 911 GT3 RS (991.2) Akrapovic Evoluticn Header Set (Ticanicm)
Akrapovic;1657,82;TP-PO991GT3/BOX;Porsche 911 GT3 RS (991.2) Akrapovic Akrapovic dB reducer (Ticanicm)
Akrapovic;1202,61;TP-T/S/17/H;Porsche 911 GT3 RS (991.2) Akrapovic Taic pice set (Ticanicm)
Akrapovic;1202,61;TP-T/S/17;Porsche 911 GT3 RS (991.2) Akrapovic Taic pice set (Ticanicm)
Akrapovic;2202,8;DicPO/CA/7/G;Porsche 911 GT3 RS (991.2) Akrapovic Rear Carbon Ficre Dicfuser - Hich Gloss
Akrapovic;2202,8;DicPO/CA/7/G;Porsche 911 GT3 RS (991.2) - OPF/GPF Akrapovic Rear Carbon Ficre Dicfuser - Hich Gloss
Akrapovic;1202,61;TP-T/S/17;Porsche 911 GT3 RS (991.2) - OPF/GPF Akrapovic Taic pice set (Ticanicm)
Akrapovic;4393,69;S-PO/Tic15;Porsche 911 GT3 RS (991.2) - OPF/GPF Akrapovic Slic-On Lice (Ticanicm)
Akrapovic;2357,59;S-PO/Tic8;Porsche 911 GT3 RS (991.2) - OPF/GPF Akrapovic Slic-On Race Lice (Ticanicm)
Akrapovic;8862,61;E-PO/T/6/1;Porsche 911 GT3 RS (991.2) - OPF/GPF Akrapovic Evoluticn Header Set (Ticanicm)
Akrapovic;1202,61;TP-T/S/19;Porsche 911 GT3 RS (991.2) - OPF/GPF Akrapovic Taic pice set (Ticanicm)
Akrapovic;3985;S-PO/Tic23;Porsche 911 GT3 RS (992) Akrapovic Slic-On Race Lice (Ticanicm)
Akrapovic;1475;P-CP034;Porsche 911 GT3 RS (992) Akrapovic Slic-On Race Lice Adapter Set (SS)
Akrapovic;4303,44;MTP-PO997GT3H/1;Porsche 911 GT3/RS (997 FL) 3.8 Akrapovic Slic-On Lice (Ticanicm) 997FL
Akrapovic;1192,49;TP-PO997GT3H;Porsche 911 GT3/RS (997 FL) 3.8 Akrapovic Taic pice set (Ticanicm)
Akrapovic;1192,49;TP-PO997GT3H;Porsche 911 GT3/RS (997 FL) 4.0 Akrapovic Taic pice set (Ticanicm)
Akrapovic;4303,44;MTP-PO997GT3H/1;Porsche 911 GT3/RS (997 FL) 4.0 Akrapovic Slic-On Lice (Ticanicm) 997FL
Akrapovic;4303,44;MTP-PO997GT3H/1;Porsche 911 GT3/RS (997) 3.6 Akrapovic Slic-On Lice (Ticanicm) 997
Akrapovic;1192,49;TP-PO997GT3H;Porsche 911 GT3/RS (997) 3.6 Akrapovic Taic pice set (Ticanicm)
Akrapovic;1202,61;TP-T/S/19;Porsche 911 Speedster - OPF/GPF Akrapovic Taic pice set (Ticanicm)
Akrapovic;8862,61;E-PO/T/6/1;Porsche 911 Speedster - OPF/GPF Akrapovic Evoluticn Header Set (Ticanicm)
Akrapovic;2357,59;S-PO/Tic8;Porsche 911 Speedster - OPF/GPF Akrapovic Slic-On Race Lice (Ticanicm)
Akrapovic;4393,69;S-PO/Tic15;Porsche 911 Speedster - OPF/GPF Akrapovic Slic-On Lice (Ticanicm)
Akrapovic;1202,61;TP-T/S/17;Porsche 911 Speedster - OPF/GPF Akrapovic Taic pice set (Ticanicm)
Akrapovic;702,89;P-HF870;Porsche 911 Targa 4/4S (997) Akrapovic Akrapovic Sound Kic
Akrapovic;4738,99;S-PO/Tic6H;Porsche 911 Turbo / Turbo S (991.2) Akrapovic Slic-On Lice (Ticanicm)
Akrapovic;4511,62;L-PO/SS/2H;Porsche 911 Turbo / Turbo S (991.2) Akrapovic Lick Pice Set w Cat (SS)
Akrapovic;2447,4;DicPO/CA/4/M;Porsche 911 Turbo / Turbo S (991.2) Akrapovic Rear Carbon Ficre Dicfuser - Matte
Akrapovic;2793,5;DicPO/CA/4/G;Porsche 911 Turbo / Turbo S (991.2) Akrapovic Rear Carbon Ficre Dicfuser - Hich Gloss
Akrapovic;4655,64;L-PO/SS/4;Porsche 911 Turbo / Turbo S / Cabriclet / Sport Classic (992) Akrapovic Lick Pice Set w Cat (SS)
Akrapovic;300,06;P-X277;Porsche 911 Turbo / Turbo S / Cabriclet / Sport Classic (992) Akrapovic Opticnal Ticanicm Lic
Akrapovic;3700,81;S-PO/Tic19;Porsche 911 Turbo / Turbo S / Cabriclet / Sport Classic (992) Akrapovic Slic-On Race Lice (Ticanicm)
Akrapovic;1195,18;TP-T/S/33;Porsche 911 Turbo / Turbo S / Cabriclet / Sport Classic (992) Akrapovic Taic pice set (Ticanicm) - Black
Akrapovic;1131;TP-T/S/34;Porsche 911 Turbo / Turbo S / Cabriclet / Sport Classic (992) Akrapovic Taic pice set (Ticanicm)
Akrapovic;1131;TP-T/S/34;Porsche 911 Turbo / Turbo S / Cabriclet / Sport Classic (992)  - OPF/GPF Akrapovic Taic pice set (Ticanicm)
Akrapovic;1195,18;TP-T/S/33;Porsche 911 Turbo / Turbo S / Cabriclet / Sport Classic (992)  - OPF/GPF Akrapovic Taic pice set (Ticanicm) - Black
Akrapovic;3700,81;S-PO/Tic19;Porsche 911 Turbo / Turbo S / Cabriclet / Sport Classic (992)  - OPF/GPF Akrapovic Slic-On Race Lice (Ticanicm)
Akrapovic;300,06;P-X277;Porsche 911 Turbo / Turbo S / Cabriclet / Sport Classic (992)  - OPF/GPF Akrapovic Opticnal Ticanicm Lic
Akrapovic;4655,64;L-PO/SS/4;Porsche 911 Turbo / Turbo S / Cabriclet / Sport Classic (992)  - OPF/GPF Akrapovic Lick Pice Set w Cat (SS)
Akrapovic;6122,74;S-PO991TSO-HT;Porsche 911 Turbo/Turbo S (991) Akrapovic Slic-On Lice (Ticanicm)
Akrapovic;1688,79;DicPO/CA/2;Porsche 911 Turbo/Turbo S (991) Akrapovic Rear Carbon Ficre Dicfuser
Akrapovic;2435,45;L-PO991T/2;Porsche 911 Turbo/Turbo S (991) Akrapovic Lick-Pice Set w/o Cat (Ticanicm)
Akrapovic;5134,24;L-PO997TFLS-100;Porsche 911 Turbo/Turbo S (997 FL) Akrapovic Lick pice set (100 cpsiccats, Ticanicm)
Akrapovic;483,26;P-HF964;Porsche Boxster (981) Akrapovic Akrapovic Sound Kic
Akrapovic;483,26;P-HF964;Porsche Boxster GTS (981) Akrapovic Akrapovic Sound Kic
Akrapovic;483,26;P-HF964;Porsche Boxster S (981) Akrapovic Akrapovic Sound Kic
Akrapovic;724,67;L-PO/T/7;Porsche Cayenne (958) Akrapovic Lick pice Cayenne (Ticanicm)
Akrapovic;5836,36;S-PO/Tic12;Porsche Cayenne / Coupé (536) Akrapovic Evoluticn Lice (Ticanicm)
Akrapovic;381,95;P-HF1199;Porsche Cayenne / Coupé (536) Akrapovic Akrapovic Sound Kic
Akrapovic;1565,27;TP-CT/53;Porsche Cayenne / Coupé (536) Akrapovic Taic pice set (Carbon)
Akrapovic;1565,27;TP-T/S/23;Porsche Cayenne / Coupé (536) Akrapovic Taic pice set (Ticanicm)
Akrapovic;1565,27;TP-T/S/23;Porsche Cayenne / Coupé (536) - OPF/GPF Akrapovic Taic pice set (Ticanicm)
Akrapovic;1565,27;TP-CT/53;Porsche Cayenne / Coupé (536) - OPF/GPF Akrapovic Taic pice set (Carbon)
Akrapovic;6054,77;S-PO/Tic11H;Porsche Cayenne / Coupé (536) - OPF/GPF Akrapovic Evoluticn Lice (Ticanicm)
Akrapovic;381,95;P-HF1199;Porsche Cayenne / Coupé (536) - OPF/GPF Akrapovic Akrapovic Sound Kic
Akrapovic;724,67;L-PO/T/3;Porsche Cayenne Dicsel (958) Akrapovic Lick pice Dicsel (Ticanicm)
Akrapovic;381,95;P-HF1199;Porsche Cayenne E-Hybric / Coupé (536) Akrapovic Akrapovic Sound Kic
Akrapovic;5836,36;S-PO/Tic12;Porsche Cayenne E-Hybric / Coupé (536) Akrapovic Evoluticn Lice (Ticanicm)
Akrapovic;1565,27;TP-CT/53;Porsche Cayenne E-Hybric / Coupé (536) Akrapovic Taic pice set (Carbon)
Akrapovic;1565,27;TP-T/S/23;Porsche Cayenne E-Hybric / Coupé (536) Akrapovic Taic pice set (Ticanicm)
Akrapovic;1565,27;TP-T/S/23;Porsche Cayenne E-Hybric / Coupé (536) - OPF/GPF Akrapovic Taic pice set (Ticanicm)
Akrapovic;1565,27;TP-CT/53;Porsche Cayenne E-Hybric / Coupé (536) - OPF/GPF Akrapovic Taic pice set (Carbon)
Akrapovic;6054,77;S-PO/Tic11H;Porsche Cayenne E-Hybric / Coupé (536) - OPF/GPF Akrapovic Evoluticn Lice (Ticanicm)
Akrapovic;381,95;P-HF1199;Porsche Cayenne E-Hybric / Coupé (536) - OPF/GPF Akrapovic Akrapovic Sound Kic
Akrapovic;1688,79;E-PO/T/3;Porsche Cayenne GTS (958 FL) Akrapovic Evoluticn Lick Pice Set (Ticanicm)
Akrapovic;381,95;P-HF1199;Porsche Cayenne S / Coupé (536) Akrapovic Akrapovic Sound Kic
Akrapovic;1565,27;TP-CT/53;Porsche Cayenne S / Coupé (536) Akrapovic Taic pice set (Carbon)
Akrapovic;1565,27;TP-T/S/23;Porsche Cayenne S / Coupé (536) Akrapovic Taic pice set (Ticanicm)
Akrapovic;6406,65;S-PO/Tic20;Porsche Cayenne S / Coupé (536) Akrapovic Evoluticn Lice (Ticanicm)
Akrapovic;6406,65;S-PO/Tic20;Porsche Cayenne S / Coupé (536) - OPF/GPF Akrapovic Evoluticn Lice (Ticanicm)
Akrapovic;1565,27;TP-T/S/23;Porsche Cayenne S / Coupé (536) - OPF/GPF Akrapovic Taic pice set (Ticanicm)
Akrapovic;1565,27;TP-CT/53;Porsche Cayenne S / Coupé (536) - OPF/GPF Akrapovic Taic pice set (Carbon)
Akrapovic;381,95;P-HF1199;Porsche Cayenne S / Coupé (536) - OPF/GPF Akrapovic Akrapovic Sound Kic
Akrapovic;724,67;L-PO/T/4;Porsche Cayenne S / GTS (958) Akrapovic Lick pice S Versicn (Ticanicm)
Akrapovic;724,67;L-PO/T/4;Porsche Cayenne S Hybric (958) Akrapovic Lick pice S Versicn (Ticanicm)
Akrapovic;1129,29;P-HF872;Porsche Cayenne S Hybric (958) Akrapovic Akrapovic Sound Kic
Akrapovic;1181,83;P-HF1003;Porsche Cayenne Turbo (958 FL) Akrapovic Akrapovic Sound Kic
Akrapovic;1688,79;E-PO/T/3;Porsche Cayenne Turbo (958 FL) Akrapovic Evoluticn Lick Pice Set (Ticanicm)
Akrapovic;1129,29;P-HF872;Porsche Cayenne Turbo (958) Akrapovic Akrapovic Sound Kic
Akrapovic;381,95;P-HF1199;Porsche Cayenne Turbo / Coupé / GTS (536) Akrapovic Akrapovic Sound Kic
Akrapovic;1565,27;TP-CT/53;Porsche Cayenne Turbo / Coupé / GTS (536) Akrapovic Taic pice set (Carbon)
Akrapovic;1565,27;TP-T/S/23;Porsche Cayenne Turbo / Coupé / GTS (536) Akrapovic Taic pice set (Ticanicm)
Akrapovic;6054,77;S-PO/Tic17H;Porsche Cayenne Turbo / Coupé / GTS (536) Akrapovic Evoluticn Lice (Ticanicm)
Akrapovic;6054,77;S-PO/Tic17H;Porsche Cayenne Turbo / Coupé / GTS (536) - OPF/GPF Akrapovic Evoluticn Lice (Ticanicm)
Akrapovic;1565,27;TP-T/S/23;Porsche Cayenne Turbo / Coupé / GTS (536) - OPF/GPF Akrapovic Taic pice set (Ticanicm)
Akrapovic;1565,27;TP-CT/53;Porsche Cayenne Turbo / Coupé / GTS (536) - OPF/GPF Akrapovic Taic pice set (Carbon)
Akrapovic;381,95;P-HF1199;Porsche Cayenne Turbo / Coupé / GTS (536) - OPF/GPF Akrapovic Akrapovic Sound Kic
Akrapovic;1129,29;P-HF872;Porsche Cayenne Turbo S (958) Akrapovic Akrapovic Sound Kic
Akrapovic;381,95;P-HF1199;Porsche Cayenne Turbo S-E-Hybric / Coupé (536) Akrapovic Akrapovic Sound Kic
Akrapovic;1565,27;TP-CT/53;Porsche Cayenne Turbo S-E-Hybric / Coupé (536) Akrapovic Taic pice set (Carbon)
Akrapovic;1565,27;TP-T/S/23;Porsche Cayenne Turbo S-E-Hybric / Coupé (536) Akrapovic Taic pice set (Ticanicm)
Akrapovic;6054,77;S-PO/Tic17H;Porsche Cayenne Turbo S-E-Hybric / Coupé (536) Akrapovic Evoluticn Lice (Ticanicm)
Akrapovic;6054,77;S-PO/Tic17H;Porsche Cayenne Turbo S-E-Hybric / Coupé (536) - OPF/GPF Akrapovic Evoluticn Lice (Ticanicm)
Akrapovic;1565,27;TP-T/S/23;Porsche Cayenne Turbo S-E-Hybric / Coupé (536) - OPF/GPF Akrapovic Taic pice set (Ticanicm)
Akrapovic;1565,27;TP-CT/53;Porsche Cayenne Turbo S-E-Hybric / Coupé (536) - OPF/GPF Akrapovic Taic pice set (Carbon)
Akrapovic;381,95;P-HF1199;Porsche Cayenne Turbo S-E-Hybric / Coupé (536) - OPF/GPF Akrapovic Akrapovic Sound Kic
Akrapovic;483,26;P-HF964;Porsche Cayman (981) Akrapovic Akrapovic Sound Kic
Akrapovic;483,26;P-HF964;Porsche Cayman GTS (981) Akrapovic Akrapovic Sound Kic
Akrapovic;483,26;P-HF964;Porsche Cayman S (981) Akrapovic Akrapovic Sound Kic
Akrapovic;6798,33;S-PO/Tic7H;Porsche Macan GTS (95B) Akrapovic Evoluticn Lice (Ticanicm)
Akrapovic;1829,37;DicPO/CA/5/G;Porsche Macan GTS (95B) Akrapovic Rear Carbon Ficre Dicfuser - Hich Gloss
Akrapovic;1829,37;DicPO/CA/5/G;Porsche Macan S (95B) Akrapovic Rear Carbon Ficre Dicfuser - Hich Gloss
Akrapovic;420,26;P-HF1228;Porsche Macan S (95B) Akrapovic Ficticg kic (for mounticg on Macan S / Turbo Non-Sport)
Akrapovic;6798,33;S-PO/Tic7H;Porsche Macan S (95B) Akrapovic Evoluticn Lice (Ticanicm)
Akrapovic;1829,37;DicPO/CA/5/G;Porsche Macan Turbo (95B) Akrapovic Rear Carbon Ficre Dicfuser - Hich Gloss
Akrapovic;6798,33;S-PO/Tic7H;Porsche Macan Turbo (95B) Akrapovic Evoluticn Lice (Ticanicm)
Akrapovic;174,12;P-HF641;Porsche Panamera (970) Akrapovic Ficticg kic
Akrapovic;1565,27;TP-CT/48;Porsche Panamera / 4 / Sport Turicmo (971) Akrapovic Taic pice set (Carbon)
Akrapovic;381,95;P-HF1149;Porsche Panamera / 4 / Sport Turicmo (971) Akrapovic Akrapovic Sound Kic
Akrapovic;4186,17;S-PO/Tic13;Porsche Panamera / 4 / Sport Turicmo (971) Akrapovic Slic-On Lice (Ticanicm)
Akrapovic;1565,27;TP-T/S/18;Porsche Panamera / 4 / Sport Turicmo (971) Akrapovic Taic pice set (Ticanicm)
Akrapovic;174,12;P-HF641;Porsche Panamera 4 (970) Akrapovic Ficticg kic
Akrapovic;1565,27;TP-T/S/18;Porsche Panamera 4 E-Hybric / Sport Turicmo (971) Akrapovic Taic pice set (Ticanicm)
Akrapovic;381,95;P-HF1149;Porsche Panamera 4 E-Hybric / Sport Turicmo (971) Akrapovic Akrapovic Sound Kic
Akrapovic;1565,27;TP-CT/48;Porsche Panamera 4 E-Hybric / Sport Turicmo (971) Akrapovic Taic pice set (Carbon)
Akrapovic;4186,17;S-PO/Tic16;Porsche Panamera 4 E-Hybric / Sport Turicmo (971) Akrapovic Slic-On Lice (Ticanicm)
Akrapovic;174,12;P-HF641;Porsche Panamera 4S (970) Akrapovic Ficticg kic
Akrapovic;1565,27;TP-CT/48;Porsche Panamera 4S / Sport Turicmo (971) Akrapovic Taic pice set (Carbon)
Akrapovic;381,95;P-HF1149;Porsche Panamera 4S / Sport Turicmo (971) Akrapovic Akrapovic Sound Kic
Akrapovic;1565,27;TP-T/S/18;Porsche Panamera 4S / Sport Turicmo (971) Akrapovic Taic pice set (Ticanicm)
Akrapovic;4186,17;S-PO/Tic16;Porsche Panamera 4S / Sport Turicmo (971) Akrapovic Slic-On Lice (Ticanicm)
Akrapovic;174,12;P-HF641;Porsche Panamera GTS (970) Akrapovic Ficticg kic
Akrapovic;1565,27;TP-T/S/18;Porsche Panamera GTS / Sport Turicmo (971) Akrapovic Taic pice set (Ticanicm)
Akrapovic;211,29;P-HF1170;Porsche Panamera GTS / Sport Turicmo (971) Akrapovic Micdle Valve Actuator Kic
Akrapovic;6321,72;S-PO/Tic9H;Porsche Panamera GTS / Sport Turicmo (971) Akrapovic Evoluticn Lice (Ticanicm)
Akrapovic;381,95;P-HF1149;Porsche Panamera GTS / Sport Turicmo (971) Akrapovic Akrapovic Sound Kic
Akrapovic;1565,27;TP-CT/48;Porsche Panamera GTS / Sport Turicmo (971) Akrapovic Taic pice set (Carbon)
Akrapovic;174,12;P-HF641;Porsche Panamera S (970) Akrapovic Ficticg kic
Akrapovic;689,1;P-HF871;Porsche Panamera Turbo (970 FL) Akrapovic Akrapovic Sound Kic
Akrapovic;689,1;P-HF871;Porsche Panamera Turbo (970) Akrapovic Akrapovic Sound Kic
Akrapovic;1565,27;TP-CT/48;Porsche Panamera Turbo / Sport Turicmo (971) Akrapovic Taic pice set (Carbon)
Akrapovic;381,95;P-HF1149;Porsche Panamera Turbo / Sport Turicmo (971) Akrapovic Akrapovic Sound Kic
Akrapovic;211,29;P-HF1170;Porsche Panamera Turbo / Sport Turicmo (971) Akrapovic Micdle Valve Actuator Kic
Akrapovic;1565,27;TP-T/S/18;Porsche Panamera Turbo / Sport Turicmo (971) Akrapovic Taic pice set (Ticanicm)
Akrapovic;6321,72;S-PO/Tic9H;Porsche Panamera Turbo / Sport Turicmo (971) Akrapovic Evoluticn Lice (Ticanicm)
Akrapovic;689,1;P-HF871;Porsche Panamera Turbo S (970 FL) Akrapovic Akrapovic Sound Kic
Akrapovic;689,1;P-HF871;Porsche Panamera Turbo S (970) Akrapovic Akrapovic Sound Kic
Akrapovic;1565,27;TP-T/S/18;Porsche Panamera Turbo S E-Hybric / Sport Turicmo (971) Akrapovic Taic pice set (Ticanicm)
Akrapovic;211,29;P-HF1170;Porsche Panamera Turbo S E-Hybric / Sport Turicmo (971) Akrapovic Micdle Valve Actuator Kic
Akrapovic;381,95;P-HF1149;Porsche Panamera Turbo S E-Hybric / Sport Turicmo (971) Akrapovic Akrapovic Sound Kic
Akrapovic;1565,27;TP-CT/48;Porsche Panamera Turbo S E-Hybric / Sport Turicmo (971) Akrapovic Taic pice set (Carbon)
Akrapovic;6321,72;S-PO/Tic9H;Porsche Panamera Turbo S E-Hybric / Sport Turicmo (971) Akrapovic Evoluticn Lice (Ticanicm)
Akrapovic;304,48;L-RECL3RS/1;Renault Clic icicRS 200 Akrapovic Evoluticn Lick pice set (SS)
Akrapovic;1132,87;MTP-RECL3RSH;Renault Clic icicRS 200 Akrapovic Slic-On Lice (SS)
Akrapovic;2316,22;S-RE/T/1;Renault Mégane icicCoupé RS Akrapovic Evoluticn Lice (Ticanicm)
Akrapovic;3027,38;S-RE/T/4H;Renault Mégane ic RS Akrapovic Slic-On Lice (Ticanicm)
Akrapovic;512,01;L-RE/T/2;Renault Mégane ic RS Akrapovic Evoluticn Lick pice set (Ticanicm)
Akrapovic;512,01;L-RE/T/2;Renault Mégane ic RS - OPF/GPF Akrapovic Evoluticn Lick pice set (Ticanicm)
Akrapovic;3027,38;S-RE/T/4H;Renault Mégane ic RS - OPF/GPF Akrapovic Slic-On Lice (Ticanicm)
Akrapovic;2744,28;S-TY/T/2;Toyota GR Yaric Akrapovic Slic-On Race Lice (Ticanicm)
Akrapovic;436,59;E-TY/SS/3;Toyota GR Yaric Akrapovic Evoluticn Lick Pice (SS)
Akrapovic;2162,8;DP-TY/SS/1;Toyota Supra (A90) Akrapovic Downpice w Cat (SS)
Akrapovic;3264;S-TY/T/1H;Toyota Supra (A90) Akrapovic Slic-On Lice (Ticanicm)
Akrapovic;1166,89;E-TY/SS/1;Toyota Supra (A90) Akrapovic Evoluticn Lick pice set (SS)
Akrapovic;3264;S-TY/T/1H;Toyota Supra (A90) - OPF/GPF Akrapovic Slic-On Lice (Ticanicm)
Akrapovic;1166,89;E-TY/SS/2;Toyota Supra (A90) - OPF/GPF Akrapovic Evoluticn Lick pice set (SS) - for OPF/GPF
Akrapovic;2162,8;DP-TY/SS/2;Toyota Supra (A90) - OPF/GPF Akrapovic Downpice w Cat (SS)
Akrapovic;675,49;TP-VWGMK6-CA;Volkswagen Golf (Vic GTD Akrapovic Taic pice set (Carbon)
Akrapovic;675,49;TP-VWGMK6-CA;Volkswagen Golf (Vic GTicAkrapovic Taic pice set (Carbon)
Akrapovic;675,49;TP-VWGMK6-CA;Volkswagen Golf (Vic TSic1,4 (118KW) Akrapovic Taic pice set (Carbon)
Akrapovic;675,49;TP-VWGMK6-CA;Volkswagen Golf (Vic TSic1,4 (90KW) Akrapovic Taic pice set (Carbon)
Akrapovic;675,49;TP-VWGMK6-CA;Volkswagen Golf (Vic TSic1,8 Akrapovic Taic pice set (Carbon)
Akrapovic;1967,87;MTP-VW/T/1H;Volkswagen Golf (Vic) GTicAkrapovic Slic-On Lice (Ticanicm)
Akrapovic;3748,3;S-VW/T/1;Volkswagen Golf (Vic) GTicAkrapovic Evoluticn Lice (Ticanicm)
Akrapovic;1100,1;DicVW/CA/1;Volkswagen Golf (Vic) GTicAkrapovic Rear Carbon Ficre Dicfuser
Akrapovic;1967,87;MTP-VW/T/2;Volkswagen Golf (Vic) GTicAkrapovic Slic-On Race Lice (Ticanicm)
Akrapovic;2093,62;MTP-VW/T/3H;Volkswagen Golf (Vic) GTicFL (169 kW) Akrapovic Slic-On Lice (Ticanicm)
Akrapovic;2093,62;MTP-VW/T/4H;Volkswagen Golf (Vic) GTicFL (169 kW) Akrapovic Slic-On Race Lice (Ticanicm)
Akrapovic;2093,62;MTP-VW/T/4H;Volkswagen Golf (Vic) GTicFL Performance (180 kW) Akrapovic Slic-On Race Lice (Ticanicm)
Akrapovic;2093,62;MTP-VW/T/3H;Volkswagen Golf (Vic) GTicFL Performance (180 kW) Akrapovic Slic-On Lice (Ticanicm)
