manufacturer;Supplier;price;purchase; % ;VAT;reference;product;EAN13;category;Meta title;Tags;Keywords;rewrite
Akrapovic;Akrapovic;3581,9;2865,52; 15 ; 7 ;S-BM/T/15H;BMW M135i (F40) Akrapovic Slip-On Line (Titanium);3831113593465;Home;BMW M135i (F40) Akrapovic Slip-On Line (Titanium);Akrapovic,S-BM/T/15H,BMW,F40;Akrapovic,S-BM/T/15H,BMW,F40;Akrapovic-S-BM-T-15H
Akrapovic;Akrapovic;420,55;336,44; 15 ; 7 ;P-HF1312;BMW M135i (F40) Akrapovic Akrapovič Sound Kit;3831113593496;Home;BMW M135i (F40) Akrapovic Akrapovič Sound Kit;Akrapovic,P-HF1312,BMW,F40;Akrapovic,P-HF1312,BMW,F40;Akrapovic-P-HF1312
Akrapovic;Akrapovic;333,68;266,944; 15 ; 7 ;E-BM/SS/6;BMW M135i (F40) Akrapovic Evolution Link pipe set (SS);3831113593489;Home;BMW M135i (F40) Akrapovic Evolution Link pipe set (SS);Akrapovic,E-BM/SS/6,BMW,F40;Akrapovic,E-BM/SS/6,BMW,F40;Akrapovic-E-BM-SS-6
Akrapovic;Akrapovic;4250;3400; 15 ; 7 ;S-BM/T/34H;BMW M2 Coupé (G87) Akrapovic Slip-On Line (Titanium);3831126423872;Home;BMW M2 Coupé (G87) Akrapovic Slip-On Line (Titanium);Akrapovic,S-BM/T/34H,BMW,G87;Akrapovic,S-BM/T/34H,BMW,G87;Akrapovic-S-BM-T-34H
Akrapovic;Akrapovic;125;100; 15 ; 7 ;P-HF1523;BMW M2 Coupé (G87) Akrapovic Fitting kit for mounting on BMW M2 (G87);3831126425098;Home;BMW M2 Coupé (G87) Akrapovic Fitting kit for mounting on BMW M2 (G87);Akrapovic,P-HF1523,BMW,G87;Akrapovic,P-HF1523,BMW,G87;Akrapovic-P-HF1523
Akrapovic;Akrapovic;1075;860; 15 ; 7 ;WM-BM/CA/4/M;BMW M2 Coupé (G87) Akrapovic Carbon Fibre Mirror Cap Set - Matte;3831126425142;Home;BMW M2 Coupé (G87) Akrapovic Carbon Fibre Mirror Cap Set - Matte;Akrapovic,WM-BM/CA/4/M,BMW,G87;Akrapovic,WM-BM/CA/4/M,BMW,G87;Akrapovic-WM-BM-CA-4-M
Akrapovic;Akrapovic;1190;952; 15 ; 7 ;WM-BM/CA/4/G;BMW M2 Coupé (G87) Akrapovic Carbon Fibre Mirror Cap Set - High Gloss;3831126425159;Home;BMW M2 Coupé (G87) Akrapovic Carbon Fibre Mirror Cap Set - High Gloss;Akrapovic,WM-BM/CA/4/G,BMW,G87;Akrapovic,WM-BM/CA/4/G,BMW,G87;Akrapovic-WM-BM-CA-4-G
Akrapovic;Akrapovic;1350;1080; 15 ; 7 ;E-BM/SS/9;BMW M2 Coupé (G87) Akrapovic Evolution Link Pipe set (SS) – Long;3831126423759;Home;BMW M2 Coupé (G87) Akrapovic Evolution Link Pipe set (SS) – Long;Akrapovic,E-BM/SS/9,BMW,G87;Akrapovic,E-BM/SS/9,BMW,G87;Akrapovic-E-BM-SS-9
Akrapovic;Akrapovic;1395;1116; 15 ; 7 ;DI-BM/CA/10/M;BMW M2 Coupé (G87) Akrapovic Rear Carbon Fibre Diffuser - Matte;3831126425111;Home;BMW M2 Coupé (G87) Akrapovic Rear Carbon Fibre Diffuser - Matte;Akrapovic,DI-BM/CA/10/M,BMW,G87;Akrapovic,DI-BM/CA/10/M,BMW,G87;Akrapovic-DI-BM-CA-10-M
Akrapovic;Akrapovic;1550;1240; 15 ; 7 ;DI-BM/CA/10/G;BMW M2 Coupé (G87) Akrapovic Rear Carbon Fibre Diffuser - High Gloss;3831126425104;Home;BMW M2 Coupé (G87) Akrapovic Rear Carbon Fibre Diffuser - High Gloss;Akrapovic,DI-BM/CA/10/G,BMW,G87;Akrapovic,DI-BM/CA/10/G,BMW,G87;Akrapovic-DI-BM-CA-10-G
Akrapovic;Akrapovic;5318,46;4254,768; 15 ; 7 ;S-BM/TI/33H;BMW M3 (G80, G81) Akrapovic Slip-On Line (Titanium);3831126422110;Home;BMW M3 (G80, G81) Akrapovic Slip-On Line (Titanium);Akrapovic,S-BM/TI/33H,BMW,G81;Akrapovic,S-BM/TI/33H,BMW,G81;Akrapovic-S-BM-TI-33H
Akrapovic;Akrapovic;405;324; 15 ; 7 ;P-HF1479;Cupra Formentor VZ5 Akrapovic Akrapovič Sound Kit;3831126420628;Home;Cupra Formentor VZ5 Akrapovic Akrapovič Sound Kit;Akrapovic,P-HF1479,Cupra;Akrapovic,P-HF1479,Cupra;Akrapovic-P-HF1479
Akrapovic;Akrapovic;5510;4408; 15 ; 7 ;S-CU/TI/1H;Cupra Formentor VZ5 Akrapovic Evolution Line (Titanium);3831126416898;Home;Cupra Formentor VZ5 Akrapovic Evolution Line (Titanium);Akrapovic,S-CU/TI/1H,Cupra;Akrapovic,S-CU/TI/1H,Cupra;Akrapovic-S-CU-TI-1H
Akrapovic;Akrapovic;3550;2840; 15 ; 7 ;DI-PO/CA/10/G;Porsche 718 Cayman GT4 RS Akrapovic Rear Carbon Fibre Diffuser - High Gloss;3831126418083;Home;Porsche 718 Cayman GT4 RS Akrapovic Rear Carbon Fibre Diffuser - High Gloss;Akrapovic,DI-PO/CA/10/G,porsche, 718, Cayman;Akrapovic,DI-PO/CA/10/G,porsche, 718, Cayman;Akrapovic-DI-PO-CA-10-G
Akrapovic;Akrapovic;3370;2696; 15 ; 7 ;DI-PO/CA/10/M;Porsche 718 Cayman GT4 RS Akrapovic Rear Carbon Fibre Diffuser - Matte;3831126418090;Home;Porsche 718 Cayman GT4 RS Akrapovic Rear Carbon Fibre Diffuser - Matte;Akrapovic,DI-PO/CA/10/M,porsche, 718, Cayman;Akrapovic,DI-PO/CA/10/M,porsche, 718, Cayman;Akrapovic-DI-PO-CA-10-M
Akrapovic;Akrapovic;558,42;446,736; 15 ; 7 ;P-HF1496;Porsche 718 Cayman GT4 RS Akrapovic Akrapovič Sound Kit;3831126421519;Home;Porsche 718 Cayman GT4 RS Akrapovic Akrapovič Sound Kit;Akrapovic,P-HF1496,porsche, 718, Cayman;Akrapovic,P-HF1496,porsche, 718, Cayman;Akrapovic-P-HF1496
Akrapovic;Akrapovic;6770;5416; 15 ; 7 ;S-PO/TI/24;Porsche 718 Cayman GT4 RS Akrapovic Slip-On Race Line (Titanium);3831126418489;Home;Porsche 718 Cayman GT4 RS Akrapovic Slip-On Race Line (Titanium);Akrapovic,S-PO/TI/24,porsche, 718, Cayman;Akrapovic,S-PO/TI/24,porsche, 718, Cayman;Akrapovic-S-PO-TI-24
Akrapovic;Akrapovic;4130;3304; 15 ; 7 ;L-PO/T/17;Porsche 718 Cayman GT4 RS Akrapovic Link Pipe Set (Titanium);3831126418496;Home;Porsche 718 Cayman GT4 RS Akrapovic Link Pipe Set (Titanium);Akrapovic,L-PO/T/17,porsche, 718, Cayman;Akrapovic,L-PO/T/17,porsche, 718, Cayman;Akrapovic-L-PO-T-17
Akrapovic;Akrapovic;5580;4464; 15 ; 7 ;E-PO/T/8;Porsche 718 Cayman GT4 RS Akrapovic Evolution Header Set (Titanium);3831126418465;Home;Porsche 718 Cayman GT4 RS Akrapovic Evolution Header Set (Titanium);Akrapovic,E-PO/T/8,porsche, 718, Cayman;Akrapovic,E-PO/T/8,porsche, 718, Cayman;Akrapovic-E-PO-T-8
Akrapovic;Akrapovic;4393,69;3514,952; 15 ; 7 ;S-PO/TI/10H;Porsche 911 GT3 RS (991.2) Akrapovic Slip-On Line (Titanium);3831113564489;Home;Porsche 911 GT3 RS (991.2) Akrapovic Slip-On Line (Titanium);Akrapovic,S-PO/TI/10H,porsche, 911;Akrapovic,S-PO/TI/10H,porsche, 911;Akrapovic-S-PO-TI-10H
Akrapovic;Akrapovic;3700,81;2960,648; 15 ; 7 ;S-PO/TI/19;Porsche 911 Turbo / Turbo S / Cabriolet / Sport Classic (992) Akrapovic Slip-On Race Line (Titanium);3831113596398;Home;Porsche 911 Turbo / Turbo S / Cabriolet / Sport Classic (992) Akrapovic Slip-On Race Line (Titanium);Akrapovic,S-PO/TI/19,porsche,911;Akrapovic,S-PO/TI/19,porsche,911;Akrapovic-S-PO-TI-19
Akrapovic;Akrapovic;689,1;551,28; 15 ; 7 ;P-HF871;Porsche Panamera Turbo (970 FL) Akrapovic Akrapovič Sound Kit;3831113529280;Home;Porsche Panamera Turbo (970 FL) Akrapovic Akrapovič Sound Kit;Akrapovic,P-HF871,porsche, 970,Panamera;Akrapovic,P-HF871,porsche, 970,Panamera;Akrapovic-P-HF871
