Manufacturer;Supplier;Name;Category;Price;Pucharse;VAT;Meta title;Tags;Meta Keywords;EAN;Reference;Rewrite
MOTUL;MOTUL;MOTUL ABATH  SPECIFIC ABARTH 10W50 ENGINE OIL;HOME;10,56;3,91;7;MOTUL ABATH  SPECIFIC ABARTH 10W50 ENGINE OIL;MOTUL,110282,MOTUL,ABATH,,SPECIFIC,ABARTH,10W50,ENGINE,OIL,MOTUL,ABATH,,SPECIFIC,ABARTH,10W50,ENGINE,OIL,MOTUL,ABATH,,SPECIFIC,ABARTH,10W50,ENGINE,OIL;MOTUL,110282,MOTUL,ABATH,,SPECIFIC,ABARTH,10W50,ENGINE,OIL,MOTUL,ABATH,,SPECIFIC,ABARTH,10W50,ENGINE,OIL,MOTUL,ABATH,,SPECIFIC,ABARTH,10W50,ENGINE,OIL;;110282;MOTUL-110282
MOTUL;MOTUL;MOTUL AUDI   INUGEL AUTO COOL G13 COOLANT FLUID 1 LITRE;HOME;4,06;1,42;7;MOTUL AUDI   INUGEL AUTO COOL G13 COOLANT FLUID 1 LITRE;MOTUL,107919,MOTUL,AUDI,,,INUGEL,AUTO,COOL,G13,COOLANT,FLUID,1,LITRE,MOTUL,AUDI,,,INUGEL,AUTO,COOL,G13,COOLANT,FLUID,1,LITRE,MOTUL,AUDI,,,INUGEL,AUTO,COOL,G13,COOLANT,FLUID,1,LITRE;MOTUL,107919,MOTUL,AUDI,,,INUGEL,AUTO,COOL,G13,COOLANT,FLUID,1,LITRE,MOTUL,AUDI,,,INUGEL,AUTO,COOL,G13,COOLANT,FLUID,1,LITRE,MOTUL,AUDI,,,INUGEL,AUTO,COOL,G13,COOLANT,FLUID,1,LITRE;;107919;MOTUL-107919
MOTUL;MOTUL;MOTUL AUDI   INUGEL AUTO COOL G13 COOLANT FLUID 5 LITRES;HOME;15,44;5,40;7;MOTUL AUDI   INUGEL AUTO COOL G13 COOLANT FLUID 5 LITRES;MOTUL,107920,MOTUL,AUDI,,,INUGEL,AUTO,COOL,G13,COOLANT,FLUID,5,LITRES,MOTUL,AUDI,,,INUGEL,AUTO,COOL,G13,COOLANT,FLUID,5,LITRES,MOTUL,AUDI,,,INUGEL,AUTO,COOL,G13,COOLANT,FLUID,5,LITRES;MOTUL,107920,MOTUL,AUDI,,,INUGEL,AUTO,COOL,G13,COOLANT,FLUID,5,LITRES,MOTUL,AUDI,,,INUGEL,AUTO,COOL,G13,COOLANT,FLUID,5,LITRES,MOTUL,AUDI,,,INUGEL,AUTO,COOL,G13,COOLANT,FLUID,5,LITRES;;107920;MOTUL-107920
MOTUL;MOTUL;MOTUL LE MANS  300V  10W60 ENGINE OIL 2 LITRES;HOME;26,82;9,39;7;MOTUL LE MANS  300V  10W60 ENGINE OIL 2 LITRES;MOTUL,10W60-2,MOTUL,LE,MANS,,300V,,10W60,ENGINE,OIL,2,LITRES,MOTUL,LE,MANS,,300V,,10W60,ENGINE,OIL,2,LITRES,MOTUL,LE,MANS,,300V,,10W60,ENGINE,OIL,2,LITRES;MOTUL,10W60-2,MOTUL,LE,MANS,,300V,,10W60,ENGINE,OIL,2,LITRES,MOTUL,LE,MANS,,300V,,10W60,ENGINE,OIL,2,LITRES,MOTUL,LE,MANS,,300V,,10W60,ENGINE,OIL,2,LITRES;;10W60-2;MOTUL-10W60-2
MOTUL;MOTUL;MOTUL LE MANS  300V  10W60 ENGINE OIL 5 LITRES;HOME;67,47;23,62;7;MOTUL LE MANS  300V  10W60 ENGINE OIL 5 LITRES;MOTUL,10W60-5,MOTUL,LE,MANS,,300V,,10W60,ENGINE,OIL,5,LITRES,MOTUL,LE,MANS,,300V,,10W60,ENGINE,OIL,5,LITRES,MOTUL,LE,MANS,,300V,,10W60,ENGINE,OIL,5,LITRES;MOTUL,10W60-5,MOTUL,LE,MANS,,300V,,10W60,ENGINE,OIL,5,LITRES,MOTUL,LE,MANS,,300V,,10W60,ENGINE,OIL,5,LITRES,MOTUL,LE,MANS,,300V,,10W60,ENGINE,OIL,5,LITRES;;10W60-5;MOTUL-10W60-5
MOTUL;MOTUL;MOTUL SEAT   INUGEL AUTO COOL G13 COOLANT FLUID 1 LITRE;HOME;4,06;1,42;7;MOTUL SEAT   INUGEL AUTO COOL G13 COOLANT FLUID 1 LITRE;MOTUL,107919,MOTUL,SEAT,,,INUGEL,AUTO,COOL,G13,COOLANT,FLUID,1,LITRE,MOTUL,SEAT,,,INUGEL,AUTO,COOL,G13,COOLANT,FLUID,1,LITRE,MOTUL,SEAT,,,INUGEL,AUTO,COOL,G13,COOLANT,FLUID,1,LITRE;MOTUL,107919,MOTUL,SEAT,,,INUGEL,AUTO,COOL,G13,COOLANT,FLUID,1,LITRE,MOTUL,SEAT,,,INUGEL,AUTO,COOL,G13,COOLANT,FLUID,1,LITRE,MOTUL,SEAT,,,INUGEL,AUTO,COOL,G13,COOLANT,FLUID,1,LITRE;;107919;MOTUL-107919
MOTUL;MOTUL;MOTUL SEAT   INUGEL AUTO COOL G13 COOLANT FLUID 5 LITRES;HOME;15,44;5,40;7;MOTUL SEAT   INUGEL AUTO COOL G13 COOLANT FLUID 5 LITRES;MOTUL,107920,MOTUL,SEAT,,,INUGEL,AUTO,COOL,G13,COOLANT,FLUID,5,LITRES,MOTUL,SEAT,,,INUGEL,AUTO,COOL,G13,COOLANT,FLUID,5,LITRES,MOTUL,SEAT,,,INUGEL,AUTO,COOL,G13,COOLANT,FLUID,5,LITRES;MOTUL,107920,MOTUL,SEAT,,,INUGEL,AUTO,COOL,G13,COOLANT,FLUID,5,LITRES,MOTUL,SEAT,,,INUGEL,AUTO,COOL,G13,COOLANT,FLUID,5,LITRES,MOTUL,SEAT,,,INUGEL,AUTO,COOL,G13,COOLANT,FLUID,5,LITRES;;107920;MOTUL-107920
MOTUL;MOTUL;MOTUL UNIVERSAL  10W40 EIGHTIES YOUNGTIMERS ENGINE OIL;HOME;14,63;5,12;7;MOTUL UNIVERSAL  10W40 EIGHTIES YOUNGTIMERS ENGINE OIL;MOTUL,10W40 -YT,MOTUL,UNIVERSAL,,10W40,EIGHTIES,YOUNGTIMERS,ENGINE,OIL,MOTUL,UNIVERSAL,,10W40,EIGHTIES,YOUNGTIMERS,ENGINE,OIL,MOTUL,UNIVERSAL,,10W40,EIGHTIES,YOUNGTIMERS,ENGINE,OIL;MOTUL,10W40 -YT,MOTUL,UNIVERSAL,,10W40,EIGHTIES,YOUNGTIMERS,ENGINE,OIL,MOTUL,UNIVERSAL,,10W40,EIGHTIES,YOUNGTIMERS,ENGINE,OIL,MOTUL,UNIVERSAL,,10W40,EIGHTIES,YOUNGTIMERS,ENGINE,OIL;;10W40 -YT;MOTUL-10W40-YT
MOTUL;MOTUL;MOTUL UNIVERSAL  300V COMPETITION 15W50 ENGINE OIL 2 LITRES;HOME;26,82;9,39;7;MOTUL UNIVERSAL  300V COMPETITION 15W50 ENGINE OIL 2 LITRES;MOTUL,15W50-2,MOTUL,UNIVERSAL,,300V,COMPETITION,15W50,ENGINE,OIL,2,LITRES,MOTUL,UNIVERSAL,,300V,COMPETITION,15W50,ENGINE,OIL,2,LITRES,MOTUL,UNIVERSAL,,300V,COMPETITION,15W50,ENGINE,OIL,2,LITRES;MOTUL,15W50-2,MOTUL,UNIVERSAL,,300V,COMPETITION,15W50,ENGINE,OIL,2,LITRES,MOTUL,UNIVERSAL,,300V,COMPETITION,15W50,ENGINE,OIL,2,LITRES,MOTUL,UNIVERSAL,,300V,COMPETITION,15W50,ENGINE,OIL,2,LITRES;;15W50-2;MOTUL-15W50-2
MOTUL;MOTUL;MOTUL UNIVERSAL  300V COMPETITION 15W50 ENGINE OIL 5 LITRES;HOME;63,41;9,39;7;MOTUL UNIVERSAL  300V COMPETITION 15W50 ENGINE OIL 5 LITRES;MOTUL,15W50-5,MOTUL,UNIVERSAL,,300V,COMPETITION,15W50,ENGINE,OIL,5,LITRES,MOTUL,UNIVERSAL,,300V,COMPETITION,15W50,ENGINE,OIL,5,LITRES,MOTUL,UNIVERSAL,,300V,COMPETITION,15W50,ENGINE,OIL,5,LITRES;MOTUL,15W50-5,MOTUL,UNIVERSAL,,300V,COMPETITION,15W50,ENGINE,OIL,5,LITRES,MOTUL,UNIVERSAL,,300V,COMPETITION,15W50,ENGINE,OIL,5,LITRES,MOTUL,UNIVERSAL,,300V,COMPETITION,15W50,ENGINE,OIL,5,LITRES;;15W50-5;MOTUL-15W50-5
MOTUL;MOTUL;MOTUL UNIVERSAL  300V COMPETITION 5W40 ENGINE OIL;HOME;28,45;10,53;7;MOTUL UNIVERSAL  300V COMPETITION 5W40 ENGINE OIL;MOTUL,5W40,MOTUL,UNIVERSAL,,300V,COMPETITION,5W40,ENGINE,OIL,MOTUL,UNIVERSAL,,300V,COMPETITION,5W40,ENGINE,OIL,MOTUL,UNIVERSAL,,300V,COMPETITION,5W40,ENGINE,OIL;MOTUL,5W40,MOTUL,UNIVERSAL,,300V,COMPETITION,5W40,ENGINE,OIL,MOTUL,UNIVERSAL,,300V,COMPETITION,5W40,ENGINE,OIL,MOTUL,UNIVERSAL,,300V,COMPETITION,5W40,ENGINE,OIL;;5W40;MOTUL-5W40
MOTUL;MOTUL;MOTUL UNIVERSAL  300V COMPETITION 5W50 ENGINE OIL;HOME;28,45;9,96;7;MOTUL UNIVERSAL  300V COMPETITION 5W50 ENGINE OIL;MOTUL,110859,MOTUL,UNIVERSAL,,300V,COMPETITION,5W50,ENGINE,OIL,MOTUL,UNIVERSAL,,300V,COMPETITION,5W50,ENGINE,OIL,MOTUL,UNIVERSAL,,300V,COMPETITION,5W50,ENGINE,OIL;MOTUL,110859,MOTUL,UNIVERSAL,,300V,COMPETITION,5W50,ENGINE,OIL,MOTUL,UNIVERSAL,,300V,COMPETITION,5W50,ENGINE,OIL,MOTUL,UNIVERSAL,,300V,COMPETITION,5W50,ENGINE,OIL;;110859;MOTUL-110859
MOTUL;MOTUL;MOTUL UNIVERSAL  300V LE MANS 20W60 ENGINE OIL;HOME;26,82;9,39;7;MOTUL UNIVERSAL  300V LE MANS 20W60 ENGINE OIL;MOTUL,20W60,MOTUL,UNIVERSAL,,300V,LE,MANS,20W60,ENGINE,OIL,MOTUL,UNIVERSAL,,300V,LE,MANS,20W60,ENGINE,OIL,MOTUL,UNIVERSAL,,300V,LE,MANS,20W60,ENGINE,OIL;MOTUL,20W60,MOTUL,UNIVERSAL,,300V,LE,MANS,20W60,ENGINE,OIL,MOTUL,UNIVERSAL,,300V,LE,MANS,20W60,ENGINE,OIL,MOTUL,UNIVERSAL,,300V,LE,MANS,20W60,ENGINE,OIL;;20W60;MOTUL-20W60
MOTUL;MOTUL;MOTUL UNIVERSAL  300V POWER 5W30 ENGINE OIL;HOME;28,45;10,53;7;MOTUL UNIVERSAL  300V POWER 5W30 ENGINE OIL;MOTUL,5W30,MOTUL,UNIVERSAL,,300V,POWER,5W30,ENGINE,OIL,MOTUL,UNIVERSAL,,300V,POWER,5W30,ENGINE,OIL,MOTUL,UNIVERSAL,,300V,POWER,5W30,ENGINE,OIL;MOTUL,5W30,MOTUL,UNIVERSAL,,300V,POWER,5W30,ENGINE,OIL,MOTUL,UNIVERSAL,,300V,POWER,5W30,ENGINE,OIL,MOTUL,UNIVERSAL,,300V,POWER,5W30,ENGINE,OIL;;5W30;MOTUL-5W30
MOTUL;MOTUL;MOTUL UNIVERSAL  300V TROPHY 0W40 ENGINE OIL;HOME;26,82;9,39;7;MOTUL UNIVERSAL  300V TROPHY 0W40 ENGINE OIL;MOTUL,0W40,MOTUL,UNIVERSAL,,300V,TROPHY,0W40,ENGINE,OIL,MOTUL,UNIVERSAL,,300V,TROPHY,0W40,ENGINE,OIL,MOTUL,UNIVERSAL,,300V,TROPHY,0W40,ENGINE,OIL;MOTUL,0W40,MOTUL,UNIVERSAL,,300V,TROPHY,0W40,ENGINE,OIL,MOTUL,UNIVERSAL,,300V,TROPHY,0W40,ENGINE,OIL,MOTUL,UNIVERSAL,,300V,TROPHY,0W40,ENGINE,OIL;;0W40;MOTUL-0W40
MOTUL;MOTUL;MOTUL UNIVERSAL  GEAR 300 75W90 TRANSMISSION AND DIFFERENTIAL FLUID;HOME;14,22;4,98;7;MOTUL UNIVERSAL  GEAR 300 75W90 TRANSMISSION AND DIFFERENTIAL FLUID;MOTUL,105777,MOTUL,UNIVERSAL,,GEAR,300,75W90,TRANSMISSION,AND,DIFFERENTIAL,FLUID,MOTUL,UNIVERSAL,,GEAR,300,75W90,TRANSMISSION,AND,DIFFERENTIAL,FLUID,MOTUL,UNIVERSAL,,GEAR,300,75W90,TRANSMISSION,AND,DIFFERENTIAL,FLUID;MOTUL,105777,MOTUL,UNIVERSAL,,GEAR,300,75W90,TRANSMISSION,AND,DIFFERENTIAL,FLUID,MOTUL,UNIVERSAL,,GEAR,300,75W90,TRANSMISSION,AND,DIFFERENTIAL,FLUID,MOTUL,UNIVERSAL,,GEAR,300,75W90,TRANSMISSION,AND,DIFFERENTIAL,FLUID;;105777;MOTUL-105777
MOTUL;MOTUL;MOTUL UNIVERSAL  GEAR COMPETITION 75W140 TRANSMISSION AND DIFFERENTIAL FLUID;HOME;15,44;5,40;7;MOTUL UNIVERSAL  GEAR COMPETITION 75W140 TRANSMISSION AND DIFFERENTIAL FLUID;MOTUL,75W140,MOTUL,UNIVERSAL,,GEAR,COMPETITION,75W140,TRANSMISSION,AND,DIFFERENTIAL,FLUID,MOTUL,UNIVERSAL,,GEAR,COMPETITION,75W140,TRANSMISSION,AND,DIFFERENTIAL,FLUID,MOTUL,UNIVERSAL,,GEAR,COMPETITION,75W140,TRANSMISSION,AND,DIFFERENTIAL,FLUID;MOTUL,75W140,MOTUL,UNIVERSAL,,GEAR,COMPETITION,75W140,TRANSMISSION,AND,DIFFERENTIAL,FLUID,MOTUL,UNIVERSAL,,GEAR,COMPETITION,75W140,TRANSMISSION,AND,DIFFERENTIAL,FLUID,MOTUL,UNIVERSAL,,GEAR,COMPETITION,75W140,TRANSMISSION,AND,DIFFERENTIAL,FLUID;;75W140;MOTUL-75W140
MOTUL;MOTUL;MOTUL UNIVERSAL  RBF 600  HIGH PERFORMANCE BRAKE FLUID;HOME;9,35;3,27;7;MOTUL UNIVERSAL  RBF 600  HIGH PERFORMANCE BRAKE FLUID;MOTUL,RBF600,MOTUL,UNIVERSAL,,RBF,600,,HIGH,PERFORMANCE,BRAKE,FLUID,MOTUL,UNIVERSAL,,RBF,600,,HIGH,PERFORMANCE,BRAKE,FLUID,MOTUL,UNIVERSAL,,RBF,600,,HIGH,PERFORMANCE,BRAKE,FLUID;MOTUL,RBF600,MOTUL,UNIVERSAL,,RBF,600,,HIGH,PERFORMANCE,BRAKE,FLUID,MOTUL,UNIVERSAL,,RBF,600,,HIGH,PERFORMANCE,BRAKE,FLUID,MOTUL,UNIVERSAL,,RBF,600,,HIGH,PERFORMANCE,BRAKE,FLUID;;RBF600;MOTUL-RBF600
MOTUL;MOTUL;MOTUL UNIVERSAL  RBF 660 HIGH PERFORMANCE BRAKE FLUID;HOME;11,79;4,13;7;MOTUL UNIVERSAL  RBF 660 HIGH PERFORMANCE BRAKE FLUID;MOTUL,RBF660,MOTUL,UNIVERSAL,,RBF,660,HIGH,PERFORMANCE,BRAKE,FLUID,MOTUL,UNIVERSAL,,RBF,660,HIGH,PERFORMANCE,BRAKE,FLUID,MOTUL,UNIVERSAL,,RBF,660,HIGH,PERFORMANCE,BRAKE,FLUID;MOTUL,RBF660,MOTUL,UNIVERSAL,,RBF,660,HIGH,PERFORMANCE,BRAKE,FLUID,MOTUL,UNIVERSAL,,RBF,660,HIGH,PERFORMANCE,BRAKE,FLUID,MOTUL,UNIVERSAL,,RBF,660,HIGH,PERFORMANCE,BRAKE,FLUID;;RBF660;MOTUL-RBF660
MOTUL;MOTUL;MOTUL UNIVERSAL  RBF 700 HIGH PERFORMANCE BRAKE FLUID;HOME;14,23;4,98;7;MOTUL UNIVERSAL  RBF 700 HIGH PERFORMANCE BRAKE FLUID;MOTUL,RBF700,MOTUL,UNIVERSAL,,RBF,700,HIGH,PERFORMANCE,BRAKE,FLUID,MOTUL,UNIVERSAL,,RBF,700,HIGH,PERFORMANCE,BRAKE,FLUID,MOTUL,UNIVERSAL,,RBF,700,HIGH,PERFORMANCE,BRAKE,FLUID;MOTUL,RBF700,MOTUL,UNIVERSAL,,RBF,700,HIGH,PERFORMANCE,BRAKE,FLUID,MOTUL,UNIVERSAL,,RBF,700,HIGH,PERFORMANCE,BRAKE,FLUID,MOTUL,UNIVERSAL,,RBF,700,HIGH,PERFORMANCE,BRAKE,FLUID;;RBF700;MOTUL-RBF700
MOTUL;MOTUL;MOTUL VOLKSWAGEN   INUGEL AUTO COOL G13 COOLANT FLUID 1 LITRE;HOME;4,06;1,42;7;MOTUL VOLKSWAGEN   INUGEL AUTO COOL G13 COOLANT FLUID 1 LITRE;MOTUL,107919,MOTUL,VOLKSWAGEN,,,INUGEL,AUTO,COOL,G13,COOLANT,FLUID,1,LITRE,MOTUL,VOLKSWAGEN,,,INUGEL,AUTO,COOL,G13,COOLANT,FLUID,1,LITRE,MOTUL,VOLKSWAGEN,,,INUGEL,AUTO,COOL,G13,COOLANT,FLUID,1,LITRE;MOTUL,107919,MOTUL,VOLKSWAGEN,,,INUGEL,AUTO,COOL,G13,COOLANT,FLUID,1,LITRE,MOTUL,VOLKSWAGEN,,,INUGEL,AUTO,COOL,G13,COOLANT,FLUID,1,LITRE,MOTUL,VOLKSWAGEN,,,INUGEL,AUTO,COOL,G13,COOLANT,FLUID,1,LITRE;;107919;MOTUL-107919
MOTUL;MOTUL;MOTUL VOLKSWAGEN   INUGEL AUTO COOL G13 COOLANT FLUID 5 LITRES;HOME;15,44;5,40;7;MOTUL VOLKSWAGEN   INUGEL AUTO COOL G13 COOLANT FLUID 5 LITRES;MOTUL,107920,MOTUL,VOLKSWAGEN,,,INUGEL,AUTO,COOL,G13,COOLANT,FLUID,5,LITRES,MOTUL,VOLKSWAGEN,,,INUGEL,AUTO,COOL,G13,COOLANT,FLUID,5,LITRES,MOTUL,VOLKSWAGEN,,,INUGEL,AUTO,COOL,G13,COOLANT,FLUID,5,LITRES;MOTUL,107920,MOTUL,VOLKSWAGEN,,,INUGEL,AUTO,COOL,G13,COOLANT,FLUID,5,LITRES,MOTUL,VOLKSWAGEN,,,INUGEL,AUTO,COOL,G13,COOLANT,FLUID,5,LITRES,MOTUL,VOLKSWAGEN,,,INUGEL,AUTO,COOL,G13,COOLANT,FLUID,5,LITRES;;107920;MOTUL-107920
