Supplier,Price,Reference,Name
"Racingline,425.88,VWR30G500,""Sport Damper Kit / A5-Platform: Golf 5/6, A3/S3 8P, Scirocco, Leon 2, Octavia 2  (55mm strut) racingline"""
"Racingline,655.2,VWR30G5GT,""Sport Spring & Damper Kit / A5-Platform FWD: Golf 5/6, A3 8P, Leon 2 (55mm strut) racingline"""
"Racingline,655.2,VWR30G60R,""Sport Spring & Damper Kit / A5-Platform AWD: Golf 6R, S3 8P (55mm strut) racingline"""
Racingline,655.2,VWR30S000,Sport Spring & Damper Kit / A5-Platform: Scirocco (55mm strut) racingline
Racingline,539.18,VWR30G700,Sport Damper Kit / MQB Multi Link rear (55mm strut) (not 8V S3) racingline
"Racingline,743.93,VWR30G7ML,""Sport Spring & Damper Kit / MQB Platform FWD:  Golf 7, Leon III, A3 8V racingline"""
"Racingline,743.93,VWR30G7GT,""Sport Spring & Damper Kit / MQB Platform FWD:  Golf 7 GTI, Leon III Cupra racingline"""
Racingline,743.93,VWR30G70R,Sport Spring & Damper Kit / MQB Platform AWD:  Golf 7 R racingline
Racingline,743.93,VWR30G70RW,Sport Spring & Damper Kit / MQB Platform AWD:  Golf 7 R Estate racingline
Racingline,743.93,VWR30G8GT,Sport Spring & Damper Kit / MQB EVO: Golf 8 GTI & 2.0 GTD racingline
Racingline,743.93,VWR30G80R,Sport Spring & Damper Kit / MQB EVO: Golf 8 R racingline
Racingline,248.75,VWR31A000,Sports Spring Kit / Amarok racingline
Racingline,248.75,VWR31S000,Sports Spring Kit / Scirocco / 2012 Beetle racingline
Racingline,268.74,VWR3130RS,Sports Spring Kit / MQB / Audi S3 & RS3 8V 8Y racingline
Racingline,268.74,VWR3131S3,Sports Spring Kit / MQBE / Audi S3 8Y racingline
Racingline,268.74,VWR3141S4,Sports Spring Kit / Audi S4 B9 3.0T Saloon racingline
Racingline,248.75,VWR31G5GT,Sports Spring Kit / A5-Platform FWD: Golf 5/6 GTI / Leon 2 Cupra / Passat CC racingline
Racingline,248.75,VWR31G60R,Sports Spring Kit / A5-Platform: Golf 6R / Jetta GLI / Skoda Octavia / Passat CC racingline
Racingline,268.74,VWR31G70R,Sports Spring Kit / MQB AWD: Golf 7R racingline
Racingline,268.74,VWR31G70RW,Sports Spring Kit / MQB AWD: Golf 7R Estate racingline
"Racingline,268.74,VWR31G7GT,""Sports Spring Kit / MQB FWD: Golf 7 GTI, Leon 3 Cupra racingline"""
"Racingline,268.74,VWR31G7ML,""Sports Spring Kit / MQB: Golf 7, Leon 3, A3 8V racingline"""
Racingline,268.74,VWR31G80R,Sports Spring Kit / MQB EVO: Golf 8 R racingline
Racingline,313.95,VWR31ID00,Sports Spring Kit / MEB / ID.3 / Cupra Born racingline
Racingline,268.74,VWR31G8GT,Sports Spring Kit / MQB EVO: Golf 8 GTI 2.0 GTD racingline
Racingline,268.74,VWR31P2GT,Sports Spring Kit / Polo GTI AW racingline
Racingline,195.56,VWR31UPGT,Sports Spring Kit / UP! GTI racingline
Racingline,268.74,VWR31F020,Sports Spring Kit / MQBE / Cupra Formentor 2.0 TSI & 2.0 TDI racingline
Racingline,268.74,VWR31SK01,Sports Spring Kit / MQBE / Skoda Octavia vRS IV Hatch 2.0 TSI & 2.0 TDI racingline
"Racingline,268.74,VWR31T120,""Sports Spring Kit / MQB / Tiguan 4Motion R, 2.0 TSI & 2.0 TDI racingline"""
Racingline,268.74,VWR31TR01,Sports Spring Kit / MQB/ T-ROC R racingline
"Racingline,3139.5,VWR340000-G6,""TrackSport Suspension Kit / A5-Platform Golf 5/6, A3 8P, Leon 2 (55mm strut) racingline"""
"Racingline,3139.5,VWR340000-G7,""TrackSport Suspension Kit / MQB: Golf 7, A3/S3 8V, Leon 3, Octavia 3 / MQB EVO: Golf 8, A3/S3 8Y, Leon 4, Octavia racingline"""
Racingline,227.5,VWR420000,Adjustable Front Droplinks / 250mm Centre applications (suitable for Factory Springs / Sport Springs) racingline
Racingline,227.5,VWR420001,Adjustable Front Droplinks / 200mm Centre applications (suitable for RacingLine TrackSport / Coilovers / Air Supsensi racingline
"Racingline,233.42,VWR44G500,""Front Suspension Bush Kit / A5-Platform: Golf 5/6, A3/S3 8P, Leon 2, Octavia 2 racingline"""
Racingline,208.85,VWR44G700,Front Suspension Bush Kit / MQB racingline
"Racingline,490.04,VWR45G501,""Alloy Control Arms With Bushes Kit / A5-Platform: Golf 5/6, A3/S3 8P, Leon 2, Octavia 2 racingline"""
"Racingline,176.09,VWR45G502,""Roll Centre Adjusting Balljoint / A5-Platform: Golf 5/6, A3/S3 8P, Leon 2, Octavia 2 racingline"""
"Racingline,632.81,VWR45G5COMP,""Alloy Front Arms with Balljoints / A5 Platform: Golf 5/6, A3/S3 8P, Leon 2, Octavia 2 racingline"""
Racingline,763.04,VWR45G701,Alloy Control Arms With Bushes Kit / MQB racingline
Racingline,288.74,VWR501000,Rear Adjustable Toe Links / MQB racingline
Racingline,392.44,VWR501001,Rear Adjustable Camber Arms / MQB racingline
Racingline,191.09,VWR520000,Adjustable Rear Droplinks / MQB / MQBE racingline
"Racingline,476.39,VWR54G5COMP,""Rear Suspension Bush Kit / A5-Platform: Golf 5/6, A3/S3 8P, Leon 2, Octavia 2 racingline"""
Racingline,3547.64,VWR650000-ANO,Stage 3 Big Brake Kit 380mm 6 Pot /  MQB  /  MQB EVO / ANODIZED racingline
Racingline,3547.64,VWR650000-BLK,Stage 3 Big Brake Kit 380mm 6 Pot /  MQB  /  MQB EVO / BLACK racingline
Racingline,3547.64,VWR650000-BLU,Stage 3 Big Brake Kit 380mm 6 Pot /  MQB  /  MQB EVO / BLUE racingline
Racingline,3547.64,VWR650000-RED,Stage 3 Big Brake Kit 380mm 6 Pot /  MQB  /  MQB EVO / RED racingline
Racingline,3547.64,VWR650000-YEL,Stage 3 Big Brake Kit 380mm 6 Pot /  MQB  /  MQB EVO / YELLOW racingline
Racingline,3411.14,VWR650001-ANO,Stage 3 Big Brake Kit 355mm 6 Pot /  MQB  /  MQB EVO / ANODIZED racingline
Racingline,3411.14,VWR650001-BLK,Stage 3 Big Brake Kit 355mm 6 Pot /  MQB  /  MQB EVO / BLACK racingline
Racingline,3411.14,VWR650001-BLU,Stage 3 Big Brake Kit 355mm 6 Pot /  MQB  /  MQB EVO / BLUE racingline
Racingline,3411.14,VWR650001-CHR,Stage 3 Big Brake Kit 355mm 6 Pot /  MQB  /  MQB EVO / CHROME LAST STOCK racingline
Racingline,3411.14,VWR650001-RED,Stage 3 Big Brake Kit 355mm 6 Pot /  MQB  /  MQB EVO / RED racingline
Racingline,3411.14,VWR650001-YEL,Stage 3 Big Brake Kit 355mm 6 Pot /  MQB  /  MQB EVO / YELLOW racingline
Racingline,3411.14,VWR650002-ANO,Stage 3 Big Brake Kit 355mm 6 Pot / A5 Platform / ANODIZED racingline
Racingline,3411.14,VWR650002-BLK,Stage 3 Big Brake Kit 355mm 6 Pot / A5 Platform / BLACK racingline
Racingline,3411.14,VWR650002-BLU,Stage 3 Big Brake Kit 355mm 6 Pot / A5 Platform / BLUE racingline
Racingline,3411.14,VWR650002-CHR,Stage 3 Big Brake Kit 355mm 6 Pot / A5 Platform / CHROME LAST STOCK racingline
Racingline,3411.14,VWR650002-RED,Stage 3 Big Brake Kit 355mm 6 Pot / A5 Platform / RED racingline
Racingline,3411.14,VWR650002-YEL,Stage 3 Big Brake Kit 355mm 6 Pot / A5 Platform / YELLOW racingline
Racingline,3547.64,VWR650003-ANO,Stage 3 Big Brake Kit 380mm 6 Pot / A5 Platform / ANODIZED racingline
Racingline,3547.64,VWR650003-BLK,Stage 3 Big Brake Kit 380mm 6 Pot / A5 Platform / BLACK racingline
Racingline,3547.64,VWR650003-BLU,Stage 3 Big Brake Kit 380mm 6 Pot / A5 Platform / BLUE racingline
Racingline,3547.64,VWR650003-RED,Stage 3 Big Brake Kit 380mm 6 Pot / A5 Platform / RED racingline
Racingline,3547.64,VWR650003-YEL,Stage 3 Big Brake Kit 380mm 6 Pot / A5 Platform / YELLOW racingline
Racingline,7507.5,VWR651000-ANO,Stage 3+ Carbon Ceramic Brake Kit 380mm 6 Pot / MQB / MQB EVO /  ANODIZED racingline
Racingline,7507.5,VWR651000-BLK,Stage 3+ Carbon Ceramic Brake Kit 380mm 6 Pot / MQB /  MQB EVO / BLACK racingline
Racingline,7507.5,VWR651000-BLU,Stage 3+ Carbon Ceramic Brake Kit 380mm 6 Pot / MQB /  MQB EVO / BLUE racingline
Racingline,7507.5,VWR651000-RED,Stage 3+ Carbon Ceramic Brake Kit 380mm 6 Pot / MQB /  MQB EVO / RED racingline
Racingline,7507.5,VWR651000-YEL,Stage 3+ Carbon Ceramic Brake Kit 380mm 6 Pot / MQB /  MQB EVO / YELLOW racingline
Racingline,7507.5,VWR651001-ANO,Stage 3+ Carbon Ceramic Brake Kit 380mm 6 Pot / A5 Platform / ANODIZED racingline
Racingline,7507.5,VWR651001-BLK,Stage 3+ Carbon Ceramic Brake Kit 380mm 6 Pot / A5 Platform / BLACK racingline
Racingline,7507.5,VWR651001-BLU,Stage 3+ Carbon Ceramic Brake Kit 380mm 6 Pot / A5 Platform / BLUE racingline
Racingline,7507.5,VWR651001-RED,Stage 3+ Carbon Ceramic Brake Kit 380mm 6 Pot / A5 Platform / RED racingline
Racingline,7507.5,VWR651001-YEL,Stage 3+ Carbon Ceramic Brake Kit 380mm 6 Pot / A5 Platform / YELLOW racingline
Racingline,2013.38,VWR652000-BLK,Stage 2 Evo Big Brake Kit 345mm 4 Pot / MQB / MQB EVO / BLACK racingline
Racingline,2013.38,VWR652000-BLU,Stage 2 Evo Big Brake Kit 345mm 4 Pot / MQB / MQB EVO / BLUE racingline
Racingline,2013.38,VWR652000-RED,Stage 2 Evo Big Brake Kit 345mm 4 Pot / MQB / MQB EVO / RED racingline
"Racingline,2013.38,VWR652001-BLK,""Stage 2 Evo Big Brake Kit 330mm 4 Pot / Polo 6R/6C, Ibiza 6J, Audi S1 / BLACK racingline"""
"Racingline,2013.38,VWR652001-RED,""Stage 2 Evo Big Brake Kit 330mm 4 Pot / Polo 6R/6C, Ibiza 6J, Audi S1 / RED racingline"""
Racingline,2013.38,VWR652002-BLK,Stage 2 Evo Big Brake Kit 345mm 4 Pot / Polo AW / Ibiza 6F / Audi A1GB / BLACK racingline
Racingline,2013.38,VWR652002-RED,Stage 2 Evo Big Brake Kit 345mm 4 Pot / Polo AW / Ibiza 6F / Audi A1GB / RED racingline
Racingline,2013.38,VWR652003-BLK,Stage 2 Evo Big Brake Kit 345mm 4 Pot / A5 Platform / BLACK racingline
Racingline,2013.38,VWR652003-RED,Stage 2 Evo Big Brake Kit 345mm 4 Pot / A5 Platform / RED racingline
Racingline,102.38,VWR620005MM,Brake Kit 5mm Hub Adaptor (5x112 PCD Only - Stage 2 & 3) racingline
"Racingline,136.5,VWR670004,""RP700 Performance Brake Pads / 312mm Smaller Front (Non Performance Pack, eg Golf 7 GTI) racingline"""
"Racingline,85.31,VWR670005,""RP700 Performance Brake Pads / 300mm Smaller Rear non-vented (Non Performance Pack, eg Golf 7 GTI) racingline"""
"Racingline,170.63,VWR670006,""RP700 Performance Brake Pads / 340mm Larger Front (Performance Pack, eg Golf R, S3) racingline"""
"Racingline,85.31,VWR670007,""RP700 Performance Brake Pads / 310mm Larger Rear vented (Performance Pack eg Golf R, S3) racingline"""
"Racingline,85.31,VWR670008,""RP700 Performance Brake Pads / 310mm Larger Rear vented MANUAL HANDBRAKE (Performance Pack eg Golf R, racingline"""
Racingline,249.99,VWR682000,Stage 2 Performance Rear Discs / Rotors 310mm racingline
Racingline,5210.63,VWR680020,Stage 3+ Performance Rear Carbon Discs and Pads / Pads and Rotors 310mm racingline
Racingline,88.73,VWR69G7FR,Uprated Brake Line Kit Front - MQB / MQB EVO racingline
Racingline,5419.05,VWR680012,Stage 3+ 355mm Carbon Brake Kit Replacement Rotors/Discs *requires carbon spec pads (VWR6700CARBON) racingline
Racingline,5419.05,VWR680013,Stage 3+ 380mm Carbon Brake Kit Replacement Rotors/Discs *requires carbon spec pads (VWR6700CARBON) racingline
Racingline,88.73,VWR69G7RR,Uprated Brake Line Kit Rear - MQB / MQB EVO racingline
Racingline,150.15,VWR69G7KIT,Uprated Brake Line Kit Front and Rear - MQB / MQB EVO racingline
Racingline,19.11,VWR69000BF1,Brake Fluid RBF312 / 500ml 300 DOT 4 racingline
Racingline,249.36,VWR650000-PK,Stage 3 Piston Kit (12 pistons) racingline
Racingline,203.39,VWR670000,Stage 3 Brake Kit / Replacement Brake Pads / SPORT racingline
Racingline,361.73,VWR6700TRACK,Stage 3 Brake Kit / Replacement Brake Pads Ferrodo DS2500 / TRACK racingline
Racingline,197.93,VWR670001,Stage 2 (Gen 1) Big Brake Kit Replacement Pads / SPORT racingline
Racingline,293.48,VWR670002,Stage 2 (Gen 1) Big Brake Kit Replacement Pads / SPORT PLUS racingline
Racingline,354.9,VWR670003,Stage 2 (Gen 1) Big Brake Kit Replacement Pads / TRACK racingline
Racingline,189.74,VWR670009,Stage 2 Evo Brake Kit / Replacement Brake Pads / SPORT racingline
Racingline,358.31,VWR6700CARBON,Stage 3+ Brake Kit / Replacement Pads / CERAMIC ROTOR racingline
Racingline,546,VWR680000,Previous 6 Pot Kit / Brake Kit 352mm Replacement Rotors (discs) / 2013-2016 brake kits racingline
Racingline,546,VWR680001,Previous 6 Pot Kit / Brake Kit 360mm Replacement Rotors (discs) / 2016-2018 brake kits racingline
Racingline,511.88,VWR680002,Stage 2 Brake Kit / 345mm Replacement Rotors/Discs / (Fits Gen 1 kit and Evo kit) racingline
Racingline,614.25,VWR680003,Stage 3 Brake Kit / 355mm Replacement Rotors/Discs racingline
Racingline,682.5,VWR680004,Stage 3 Brake Kit / 380mm Replacement Rotors/Discs racingline
Racingline,255.26,VWR680005,Stage 3 Brake Kit / 355mm Rotor Fitting Kit (20 pieces) racingline
Racingline,40.95,VWR680006,Stage 3 Brake Kit / Piston Seal Kit racingline
Racingline,40.95,VWR680007,Stage 3 Brake Kit / Piston Dust Seal Kit racingline
Racingline,273,VWR680008,Stage 3 Brake Kit / 380mm Rotor Fitting Kit / 24 pieces racingline
Racingline,409.5,VWR680011,Stage 3 Brake Kit / 380mm Rotor Bell Only / Pair racingline
Racingline,511.88,VWR680014,Stage 2 330mm Replacement Discs Pair racingline
Racingline,30.03,VWR680015,Stage 2 Brake Kit / Piston Seal Kit racingline
Racingline,30.03,VWR680016,Stage 2 Brake kit / Piston Dust Seal Kit racingline
Racingline,75.08,VWR1130RS,High-Flow Panel Air Filter / Audi TTRS & RS3 8V FL plus 2.0 BiTDI 240ps Passat / Arteon / Kodiaq / Tiguan racingline
Racingline,107.84,VWR1140S4,High-Flow Panel Air Filter / Audi S4/S5 B8 & B8.5 3.0 Supercharged racingline
Racingline,136.5,VWR1141S4,High-Flow Panel Air Filter / Audi S4/S5 B9 3.0 TSI racingline
Racingline,252.53,VWR119052,High-Flow Panel Air Filter / Pair Audi R8/R8 Spyder V10 5.2 racingline
Racingline,252.53,VWR119042,High-Flow Panel Air Filter / Pair Audi R8/R8 Spyder V8 4.2 racingline
Racingline,75.08,VWR11A001,High-Flow Panel Air Filter / Amarok All racingline
"Racingline,68.25,VWR11G501,""High-Flow Panel Air Filter / Golf 5, Golf 6, Scirocco, Audi A3 8P / 2.0 TSI, TDI and 1.4 TSI (170PS) racingline"""
"Racingline,68.25,VWR11G502,""High-Flow Panel Air Filter / Golf 5 GTI, Golf 6 R, Scirocco R / 2.0 TFSI EA113 racingline"""
"Racingline,68.25,VWR11G503,""High-Flow Panel Air Filter / Golf 5 R32, TTS mk2 , TTRS mk2 racingline"""
Racingline,81.9,VWR11G701,High-Flow Panel Air Filter / MQB/MQBE 1.8 2.0 TSI racingline
Racingline,88.73,VWR11G714,High-Flow Panel Air Filter / Golf 7 / A3 8V / Leon III 5F / Octavia III 5E / 1.2 & 1.4 TSI: racingline
Racingline,88.73,VWR11G815,High-Flow Panel Air Filter / Golf 8 / 1.5 TSI racingline
Racingline,101.01,VWR11P0GT,High-Flow Panel Air Filter / Polo GTI 1.4 TSI (6R) / Ibiza Cupra 1.4 TSI racingline
Racingline,88.73,VWR11P1GT,High-Flow Panel Air Filter / Polo GTI 1.8 TSI (6C) / Audi S1 / Ibiza Cupra 1.8 TSI racingline
Racingline,75.08,VWR11TR20,High-Flow Panel Air Filter / Transporter T5 & T6 / 2.0 TDI racingline
Racingline,84.63,VWR11UPGT,High-Flow Panel Air Filter / Polo / Ibiza / Golf / UP! / 1.0 TSI racingline
Racingline,517.34,VWR121020,Intake System / TriFoam Air Filter / Audi TT II:  2.0 TFSI racingline
Racingline,517.34,VWR121020ML,Intake System / TriFoam Air Filter / Audi TT II:  2.0 TFSI  NO MAF EA888.2 racingline
Racingline,530.99,VWR121101,Intake System / TriFoam Air Filter / 1.0 WLTP Intake System racingline
Racingline,530.99,VWR1230S3,Intake System / TriFoam Air Filter / Audi S3 8P / 2.0 TFSI EA113 (K04) racingline
Racingline,551.46,VWR1230S3C,Intake System / Cotton Air Filter /  Audi S3 8P / 2.0 TFSI EA113 (K04) racingline
Racingline,1064.7,VWR1241S4,Intake System / TriFoam Air Filter / Audi S4/S5 B9 3.0T racingline
Racingline,1064.7,VWR1241RS,Intake System / TriFoam Air Filter / Audi RS4/RS5 B9 2.9TT racingline
Racingline,442.26,VWR12A1S1,Intake System / TriFoam Air Filter / Audi S1 2.0 TSI EA888.3 racingline
Racingline,469.56,VWR12A1S1C,Intake System / Cotton Air Filter /  Audi S1 2.0 TSI EA888.3 racingline
Racingline,339.89,VWR12G50D,Intake System / TriFoam Air Filter / Golf 5 2.0 TDI racingline
Racingline,360.36,VWR12G50DC,Intake System / Cotton Air Filter /  Golf 5 2.0 TDI racingline
Racingline,476.39,VWR12G5GT,Intake System / TriFoam Air Filter / Golf 5 GTI /  2.0 TFSI EA113 (K03) racingline
Racingline,496.86,VWR12G5GTC,Intake System / Cotton Air Filter /  Golf 5 GTI / 2.0 TFSI EA113 (K03) racingline
"Racingline,339.89,VWR12G60D,""Intake System / TriFoam Air Filter / Golf 6, Scirocco, Octavia II 1Z, Passat CC (Requires Adaptor): 2.0 TDI racingline"""
"Racingline,360.36,VWR12G60DC,""Intake System / Cotton Air Filter /  Golf 6, Scirocco, Octavia II 1Z, Passat CC (Requires Adaptor): 2.0 TDI racingline"""
"Racingline,503.69,VWR12G60R,""Intake System / TriFoam Air Filter / Golf R, Golf GTI Ed30, Scirocco R / 2.0 TFSI EA113 (K04) racingline"""
"Racingline,524.16,VWR12G60RC,""Intake System / Cotton Air Filter /  Golf R, Golf GTI Ed30, Scirocco R / 2.0 TFSI EA113 (K04) racingline"""
"Racingline,339.89,VWR12G6GT,""Intake System / TriFoam Air Filter / Golf 6 GTI, Scirocco, Octavia vRS II 1Z / 2.0 TSI EA888.1 TRIFOAM FILTER racingline"""
"Racingline,360.36,VWR12G6GTC,""Intake System / Cotton Air Filter /  Golf 6 GTI, Scirocco, Octavia vRS II 1Z / 2.0 TSI EA888.1 racingline"""
Racingline,476.39,VWR12G6K03,Intake System / TriFoam Air Filter / Skoda Octavia vRS II 1Z / 2.0 TFSI EA113 (K03) racingline
Racingline,496.86,VWR12G6K03C,Intake System / Cotton Air Filter /  Skoda Octavia vRS II 1Z / 2.0 TFSI EA113 (K03) racingline
"Racingline,339.89,VWR12G614,""Intake System / TriFoam Air Filter / Golf 6 , Scirocco 1.4 TSI (170PS) racingline"""
Racingline,374.01,VWR12G70D,Intake System / TriFoam Air Filter / MQB 2.0 TDI  EA288 racingline
Racingline,394.49,VWR12G70DC,Intake System / Cotton Air Filter /  MQB 2.0 TDI  EA288 racingline
Racingline,477.75,VWR12G714,Intake System / TriFoam Air Filter / MQB 1.4 TSI  EA211 (RHD Vehicles Only) racingline
Racingline,498.23,VWR12G714C,Intake System / Cotton Air Filter /  MQB 1.4 TSI  EA211 (RHD Vehicles Only) racingline
Racingline,414.96,VWR12G7CUP,Intake System / 'Cup Edition' Open Intake / TRIFOAM FILTER /  MQB / 1.8/2.0 TSI EA888.3 racingline
Racingline,442.26,VWR1200R600E,Intake System / R600 EVO :  TriFoam Air Filter / MQB / MQBE racingline
Racingline,442.26,VWR1200R600EUSA,Intake System / R600 EVO :  TriFoam Air Filter USA (with SAI) / MQB / MQBE racingline
Racingline,483.21,VWR1200R601E,Intake System / R600 EVO :  Cotton Air Filter / MQB/MQBE racingline
Racingline,483.21,VWR1200R601EUSA,Intake System / R600 EVO :  Cotton Air Filter USA (with SAI) / MQB/MQBE racingline
Racingline,442.26,VWR12G7R600,Please use VWR1200R600E racingline
Racingline,442.26,VWR12G7R600USA,Please use VWR1200R600EUSA racingline
Racingline,483.21,VWR12G7R601,Please use VWR1200R601E racingline
Racingline,483.21,VWR12G7R601USA,Please use VWR1200R601EUSA racingline
Racingline,483.21,VWR12G7R602,Intake System / R600 / TriFoam Air Filter with MAF SENSOR /  MQB 2.0 TSI EA888.3B racingline
Racingline,483.21,VWR12G7R602USA,Intake System / R600 / TriFoam Air Filter USA (with SAI) MAF SENSOR /  MQB 2.0 TSI EA888.3B racingline
Racingline,524.16,VWR12G7R603,Intake System / R600 / Cotton Air Filter with MAF SENSOR /  MQB 2.0 TSI EA888.3B racingline
Racingline,524.16,VWR12G7R603USA,Intake System / R600 / Cotton Air Filter USA (with SAI) MAF SENSOR /  MQB 2.0 TSI EA888.3B racingline
Racingline,654.94,VWR1210R600EM,Intake System / R600E /Carbon Lid Matte /Tri-foam Filter racingline
Racingline,721.86,VWR1210R601EM,Intake System / R601E /Carbon Lid Matte /Cotton Filter racingline
Racingline,721.86,VWR1210R602M,Intake System / R602E/Carbon Lid Matte /Tri-foam Filter racingline
Racingline,839.99,VWR1210R603M,Intake System / R603E/Carbon Lid Matte /Cotton Filter racingline
Racingline,654.94,VWR1210R600EG,Intake System / R600E/Carbon Lid Gloss /Tri-foam Filter racingline
Racingline,721.86,VWR1210R601EG,Intake System / R601E/Carbon Lid Gloss /Cotton Filter racingline
Racingline,721.86,VWR1210R602G,Intake System / R602E/Carbon Lid Gloss /Tri Foam Filter racingline
Racingline,839.99,VWR1210R603G,Intake System / R603E/Carbon Lid Gloss /Cotton Filter racingline
Racingline,31.4,VWR12G7R600OS,R600 Cotton Filter Foam Oversock / TRIFOAM FILTER racingline
Racingline,517.34,VWR12L0CR,Intake System / TriFoam Air Filter / Seat Leon II Cupra R:  2.0 TFSI EA113 (K04) racingline
Racingline,537.81,VWR12L0CRC,Intake System / Cotton Air Filter / Seat Leon II Cupra R:  2.0 TFSI EA113 (K04) racingline
Racingline,365.82,VWR12P0GT,Intake System / TriFoam Air Filter / Polo GTI 1.4 TSI 6R  / Ibiza Cupra 1.4 TSI 6J / Fabia vRS II 5J racingline
Racingline,408.14,VWR12P1GT,Intake System / TriFoam Air Filter / Polo GTI 1.8 TSI 6C  / Ibiza Cupra 1.8 TSI 6J racingline
Racingline,428.61,VWR12P1GTC,Intake System / Cotton Air Filter / Polo GTI 1.8 TSI 6C  / Ibiza Cupra 1.8 TSI 6J racingline
Racingline,634.71,VWR12P2GTG,Intake System / TriFoam Air Filter / Polo GTI 2.0 AW / Gloss Carbon racingline
Racingline,634.71,VWR12P2GTM,Intake System / TriFoam Air Filter / Polo GTI 2.0 AW / Matt Carbon racingline
Racingline,614.25,VWR12PRWRC,Intake System / TriFoam Air Filter / Polo 2.0 WRC: 2.0 TFSI EA113 (K03) racingline
Racingline,408.14,VWR12UPGT,Intake System / TriFoam Air Filter / UP! / Polo / Ibiza / Golf / 1.0 TSI Intake EA211  / requires Turbo Inlet VWR12UPITI racingline
Racingline,503.69,VWR12UPGTCOMP,Intake System / TriFoam Air Filter / UP! / Polo / Ibiza / Golf / 1.0 TSI Intake EA211 / includes Turbo Inlet racingline
Racingline,353.54,VWR121000,Intake System / R600 Carbon Lid Gloss / for fitment to any R600 intake racingline
Racingline,353.54,VWR121001,Intake System / R600 Carbon Lid Matte / for fitment to any R600 intake racingline
Racingline,353.54,VWR121002,Intake System / R600E Carbon Lid Gloss / for fitment to any R600 EVO intake racingline
Racingline,353.54,VWR121003,Intake System / R600E Carbon Lid Matte / for fitment to any R600 EVO intake racingline
Racingline,1442.44,VWR1213RS,Intake System Carbon Matte / 2.5 TFSI RS3 8V.2 / TTRS 8S / RHD only racingline
Racingline,30.03,VWR120000,RacingLine Trifoam Air Filter Cleaning & Reoiling Kit / 400ml Oil & 500ml Cleaner racingline
Racingline,6.83,VWR120001,Turbo 90 Inlet / Replacement Seals for VWR12G7R600ITINLET racingline
Racingline,6.83,VWR120002,Turbo Muffler Delete / Replacement O-Ring for VWR16G7TDEL racingline
Racingline,47.78,VWR120030S3PA,Intake System Accessory / Audi 8P Front adaptor Metal Frame racingline
Racingline,34.13,VWR1200BRAC,Intake System Accessory / Bracket and Strap racingline
Racingline,21.84,VWR1200BUNG,Intake System Accessory / K04 Bung racingline
Racingline,47.78,VWR1200G5PA,Intake System Accessory / Golf 5 Front adaptor Metal Frame racingline
Racingline,47.78,VWR1200G6PA,Intake System Accessory / Golf 6 Front Panel Adaptor Silicone racingline
Racingline,47.78,VWR1200L0CR,Intake System Accessory / SEAT Leon 2  Front Panel Adaptor Silicone racingline
"Racingline,116.03,VWR12G614FO,""Intake System Replacement Filter Element / TRIFOAM FILTER / Golf, Scirocco 1.4 TSI / Filter Only racingline"""
Racingline,102.38,VWR12G6GTFO,Intake System Replacement Filter Element / TRIFOAM FILTER / TSI / Filter Only racingline
Racingline,122.85,VWR12G6GTFOC,Intake System Replacement Filter Element / TSI / Filter Only racingline
Racingline,102.38,VWR12G60RAB,Intake System / Airbox Only racingline
Racingline,102.38,VWR12G60RFO,Intake System Replacement Filter Element / TRIFOAM FILTER / TFSI / Filter Only racingline
Racingline,122.85,VWR12G60RFOC,Intake System Replacement Filter Element / COTTON FILTER / TFSI / Filter Only racingline
Racingline,102.38,VWR12G7R600FO,Intake System Replacement Filter Element / TRIFOAM FILTER / MQB R600:  1.8/2.0 TSI EA888.3 / Filter Only racingline
Racingline,27.3,VWR12G7R600SPAF,Intake System Replacement R600 Secondary air filter racingline
Racingline,150.15,VWR12G7R601FO,Intake System Replacement Filter Element / COTTON FILTER / MQB R600:  1.8/2.0 TSI EA888.3 / Filter Only racingline
Racingline,150.15,VWR12G7R602FO,Intake System Replacement Filter Element / TRIFOAM FILTER / MQB R600 : MAF 1.8/2.0 TSI EA888.3.B / Filter Only racingline
Racingline,177.45,VWR12G7R603FO,Intake System Replacement Filter Element / COTTON FILTER / MQB R600: MAF 1.8/2.0 TSI EA888.3.B / Filter Only racingline
Racingline,111.56,VWR12UPGTFO,Intake System Replacement Filter Element / TRIFOAM FILTER  / UP! / Polo / Ibiza / Golf / 1.0 TSI Intake EA211 racingline
Racingline,102.38,VWR12P1GTFO,Intake System Replacement Filter Element / TRIFOAM FILTER / Polo 1.8 TSI (6C) / Ibiza Cupra 1.8 TSI / Audi S1 Filte racingline
Racingline,122.85,VWR12P1GTFOC,Intake System Replacement Filter Element / COTTON FILTER / Polo 1.8 TSI (6C) / Ibiza Cupra 1.8 TSI / Audi S1 Filte racingline
Racingline,91.46,VWR12PRWRCFO,Intake System Replacement Filter Element / TRIFOAM FILTER / Polo 2.0 R WRC / Filter Only racingline
Racingline,221.13,VWR1241S4FO,Intake System Replacement Filter Element / TRIFOAM FILTER / S4 / RS4 racingline
Racingline,955.5,VWR21G702,Front Exhaust System with High Flow Catalyst / Golf 7 GTI 2.0 TSI racingline
Racingline,477.75,VWR21G702CUP,Front Exhaust System with Decat pipe / Golf 7 GTI 2.0 TSI racingline
Racingline,955.5,VWR21G702R,Front Exhaust System with High Flow Catalyst / Golf 7 R 2.0 TSI racingline
Racingline,477.75,VWR21G702RCUP,Front Exhaust System with Decat pipe / Golf 7 R 2.0 TSI racingline
Racingline,1076.99,VWR21G701,Rear Exhaust System Cat-back / Golf 7 GTI racingline
Racingline,1950.59,VWR21G70RV,Rear Exhaust System Valved Cat-back / Golf 7R racingline
Racingline,2100.74,VWR21G70RVRES,Rear Exhaust System Valved Cat-back Resonated / Golf 7R racingline
Racingline,1445.54,VWR21G70RNV,Rear Exhaust System NON Valved (Cat-back) (inc. Valve delete plugs) / Golf 7R racingline
Racingline,1582.04,VWR21G70RNVRES,Rear Exhaust System NON Valved Resonated (Cat-back) (inc. Valve delete plugs) / Golf 7R racingline
Racingline,255.26,VWR120003,Turbo Inlet System (Elbow & Silicone Hose) / MQB EVO / EA888.4 2.0 TSI GARRETT Turbo / 245PS racingline
Racingline,255.26,VWR120010,Turbo Inlet System (Elbow & Silicone Hose)  / MQB EVO /  EA888.4 2.0 TSI CONTINENTAL Turbo / 300-320PS racingline
Racingline,177.44,VWR120011,Turbo Inlet / EA211 1.0 TSI / WLTP cars only racingline
"Racingline,109.2,VWR12G7R600ITRED,""Turbo Inlet Hose, Silicone / MQB / EA888.3 1.8 & 2.0 TSI / RED racingline"""
"Racingline,109.2,VWR12G7R600ITBLA,""Turbo Inlet Hose, Silicone / MQB / EA888.3 1.8 & 2.0 TSI / BLACK racingline"""
"Racingline,109.2,VWR12G7R600ITBLU,""Turbo Inlet Hose, Silicone / MQB / EA888.3 1.8 & 2.0 TSI / BLUE racingline"""
"Racingline,109.2,VWR12G7R600ITGREY,""Turbo Inlet Hose, Silicone / MQB / EA888.3 1.8 & 2.0 TSI / GREY racingline"""
"Racingline,109.2,VWR12G7R602ITBLA,""Turbo Inlet Hose, Silicone / MQB / EA888.3B 2.0 TSI:  for MAF-sensor cars only / BLACK racingline"""
Racingline,143.33,VWR12G7R600ITINLET,Turbo 90 Inlet / MQB / EA888.3 1.8 & 2.0 TSI racingline
"Racingline,288.75,VWR12P1GTIS38,""TSI Intake Upgrade (Elbow,Breather & Silicone Hose) / Polo GTI 1.8 TSI 6C / Ibiza Cupra 1.8 TSI 6J / Audi S1 / EA888 racingline"""
Racingline,95.16,VWR12P101,TSI Intake Upgrade  Polo GTI 1.8 TSI 6C / Ibiza Cupra 1.8 TSI 6J / Audi S1 /  HOSE ONLY racingline
Racingline,55.78,VWR12P102,TSI Intake Upgrade  Polo GTI 1.8 TSI 6C / Ibiza Cupra 1.8 TSI 6J / Audi S1 / BREATHER HOSE ONLY racingline
Racingline,111.93,VWR12UPITINLET,1.0 TSI Turbo Inlet / UP! / Polo / Ibiza / Golf etc / EA211 1.0 TSI racingline
Racingline,226.35,VWR140004,Turbo Boost Hose Kit / MQB / EA888.3 2.0 TSI racingline
Racingline,226.35,VWR140006,Turbo Boost Hose kit / MQBE / EA888.4 racingline
Racingline,39.38,VWR140007,Turbo Boost Hose kit / MQBE / EA888.4  Outlet Hose Continental racingline
Racingline,226.35,VWR140010,Turbo Boost Hose Kit / MQB-A0 / EA888.3B 2.0 TSI / Polo GTI AW / Audi A1 GB 40TFSI racingline
Racingline,328.11,VWR140011,Turbo Boost Hose - Pipe Kit / RS3 8V.2 & 8Y TTRS / 5-piece inc 70mm Aluminium boost pipe racingline
Racingline,887.25,VWR14G700,Intercooler / MQB / EA888.3 1.8 & 2.0 TSI racingline
Racingline,3276,VWR14G7IS38COMP,Stage 3 Turbocharger Upgrade / MQB / EA888.3 Complete (Exchange Unit) OEM+ DEALERS ONLY racingline
Racingline,3276,VWR14G7IS38COMP,Stage 3 Turbocharger Upgrade / MQB / EA888.3 Complete (Exchange Unit) NON OEM+ DEALERS PLEASE CONTA racingline
Racingline,1365,VWR14G7IS38CORE,Turbocharger Core Unit / IS38 Surcharge cost for VWR14G7IS38COMP racingline
Racingline,163.8,VWR160000,Turbo Muffler Delete inc Enlarged Connector Hose / MQB EVO /  EA888.4 2.0 TSI GARRETT Turbo / 245PS models racingline
Racingline,122.85,VWR160001,Turbo Muffler Delete / MQB / EA888.3B 2.0 TSI  MAF-sensor cars only racingline
Racingline,122.85,VWR16G7TDEL,Turbo Muffler Delete / MQB / EA888.3 1.8 & 2.0 TSI racingline
Racingline,54.6,VWR17G7R600,R600 Coolant UnderHose / MQB / EA888.3 1.8 & 2.0 TSI  /  EA888.4 2.0 TSI Golf mk8 R racingline
Racingline,54.6,VWR17G8R600,R600 Coolant UnderHose / MQB EVO / EA888.4 2.0 TSI  /  All models EXCEPT for Golf mk8 R racingline
"Racingline,43.74,VWR90000,""Racingline Higher-Output Ignition Coil BLUE / MQB evo / MQB 2.0TSI, 1.8TSI, 2.5TFSI racingline"""
"Racingline,43.74,VWR900001,""Racingline Higher-Output Ignition Coil RED / MQB evo / MQB 2.0TSI, 1.8TSI, 2.5TFSI racingline"""
"Racingline,43.74,VWR900002,""Racingline Higher-Output Ignition Coil GREY / MQB evo / MQB 2.0TSI, 1.8TSI, 2.5TFSI racingline"""
Racingline,443.63,VWR13G500,Oil Management Kit / A5-Platform / EA113 2.0 TFSI Catch Can Kit (without Carbon Canister) racingline
Racingline,6.14,VWR130004,Oil Management Kit / MQB / Replacement Top PCV Plate Seal Only (for use with Oil Management Kit VWR13G700) racingline
Racingline,58.01,VWR130006,Oil Management Kit / MQB / Drain Tap Kit racingline
Racingline,887.24,VWR131000,Oil Management Kit / Audi B9 / S4/S5 racingline
Racingline,443.63,VWR13G500,Oil Management Kit / A5-Platform / EA113 2.0 TFSI Catch Can Kit (without Carbon Canister) racingline
Racingline,668.85,VWR13G700,Oil Management Kit / MQB / EA888.3 1.8 & 2.0 TSI Catch Can Kit racingline
Racingline,54.6,VWR13G700RFK,Remote Washer Fluid Fill Kit / Golf 7R & Audi S3 8V (for use with Oil Management Kit VWR13G700) racingline
"Racingline,31.4,VWR13G700-SERV,""Oil Management Kit Service Kit, all hardware (for use with Oil Management Kit VWR13G700) racingline"""
Racingline,15.02,VWR180000,Magnetic Sump Plug (N90813202) / Metal Sump (non-MQB EA888.3) racingline
Racingline,54.6,VWR180001,Oil Cooler Accessory / Replacement Oil Filter (for use with VWR18G700 ONLY) racingline
"Racingline,30.03,VWR180002,""Haldex Magnetic Plug Set / MQB AWD / MQB EVO AWD except Sport Rear Diff (ie, not Golf 8R PP, RS3 8Y) racingline"""
Racingline,30.03,VWR180003,Differential Magnetic Plug Set / MQB AWD / MQB EVO AWD racingline
Racingline,38.22,VWR180004,True Lock Magnetic Sump Plug / Plastic Sump / EA888.3/3B 1.8 & 2.0 TSI racingline
Racingline,5.25,VWR180005,True Lock Magnetic Sump Plug O-Ring / 5 x Seals Only racingline
Racingline,17.05,VWR180006,Magnetic Sump Plug / Metal Sump / EA888.4 / EA855 racingline
Racingline,600.6,VWR18G700,Engine Oil Cooler Kit / Golf 7 GTI & R (Drop Down Mounting) racingline
Racingline,47.78,VWR18G700-EUBRACKETS,Oil Cooler Accessory / Bracket Kit / EU Bracket kit only racingline
Racingline,31.4,VWR18G700-SERV,Oil Cooler Accessory / Service Kit racingline
Racingline,109.2,VWR190000,Billet Fuel Filler Cap  /  Screw Type Fitting racingline
Racingline,133.77,VWR190001,Billet Oil Filter Housing  / Audi B9 / S4/S5/SQ5 & RS4/RS5 racingline
Racingline,81.9,VWR190002,Billet Oil Cap / 2.0 TSI EA888.4 racingline
Racingline,135.14,VWR190003,Billet Oil Cap / Audi B9 / S4/S5/SQ5 & RS4/RS5 racingline
Racingline,81.9,VWR190004,Billet Oil Cap / EA211 1.0 TSI / 1.2 TSI / 1.4 TSI racingline
Racingline,67.6,VWR190005,Billet Oil Dipstick / EA211 EVO / 1.5 TSI racingline
"Racingline,98.39,VWR190006,""Billet Oil Dipstick / EA855 / 2.5 TFSI / DAZA, DAZC, DNWA, DXHA racingline"""
Racingline,68.25,VWR19G701,Billet Oil Dipstick / EA888.3 / EA888.4 1.8 & 2.0 TSI racingline
Racingline,81.9,VWR19G702,Billet Oil Cap / EA888.3 1.8 & 2.0 TSI racingline
Racingline,95.55,VWR19G703,Billet Coolant Expansion Cap racingline
Racingline,81.9,VWR19G704,Billet Washer Fluid Cap racingline
Racingline,88.73,VWR19G706,Billet Oil Filter Housing / EA888 / .3 / .4 / 3B  1.8 & 2.0 TSI racingline
Racingline,81.9,VWR19G707,Billet Brake Fluid Cap racingline
Racingline,95.55,VWR19G708,Billet DSG Oil Filter Housing / DQ250 / 6-speed racingline
Racingline,102.38,VWR19G709,Billet DSG Oil Filter Housing / DQ381 & DQ500 / 7-speed racingline
Racingline,109.2,VWR19G711,Billet Fuel Filler Cap / Bayonet 'Twist & Turn' Fitting racingline
Racingline,187.49,VWR493000,Billet DSG Paddles Piano Black / Audi 8V A3 & S3 (non-Audi Sport steering wheel) / Leon III 5F racingline
Racingline,187.49,VWR493001,Billet DSG Paddles Titanium finish / Audi 8V A3 & S3 (non-Audi Sport steering wheel) / Leon III 5F racingline
"Racingline,187.49,VWR494100,""Billet S-Tronic Paddles Titanium finish / A4 & S4 & RS4(B9) / A5 & S5 & RS5 (B9) / A3,S3,RS3 (Audi Sport steering w racingline"""
Racingline,187.49,VWR494101,Billet S-Tronic Paddles Black / A4 & S4 & RS4 (B9) / A5 & S5 & RS5 (B9) / A3 & S3 & RS3 (Audi Sport steering wheel racingline
Racingline,187.49,VWR49G700,Billet DSG Gearshift Paddles Piano Black / Golf 7 / Polo 6R & 6C & AW racingline
Racingline,187.49,VWR49G701,Billet DSG Gearshift Paddles Titanium finish / Golf 7 / Polo 6R & 6C & AW racingline
Racingline,136.49,VWR700000,Racingline Manual Gear Knob / MQB / MQB EVO / 6MT racingline
Racingline,28.67,VWR810000,Racingline Rear Wiper Delete racingline
Racingline,80.54,VWR810002,Racingline Bonnet/Hood Gas Strut  /  Golf mk8 only racingline
Racingline,273,VWR810003,Carbon Fibre Rear Body Brace  /  MQB A0 / Polo AW & VW ID.3 racingline
Racingline,204.75,VWR810004,Chassis Brace Support Centre / MQB FWD / MQB EVO FWD racingline
Racingline,177.45,VWR810005,Chassis Brace Support Rear / MQB / MQB EVO / MQB AO racingline
Racingline,286.65,VWR810006,Front Subframe Rear Chassis Brace  /  MQB / MQB EVO racingline
Racingline,57.33,VWR810009,Propshaft Bearing Alignment Kit  /  MQB / MQB EVO / Haldex AWD racingline
Racingline,455.91,VWR8130S3,Carbon Fibre Rear Body Brace  /  MQB /  Audi A3 & S3 & RS3 8V / Hatch & Sportback Only racingline
Racingline,455.91,VWR8130S3-SEDAN,Carbon Fibre Rear Body Brace  /  MQB / Audi A3 & S3 & RS3 8V / Sedan Only racingline
Racingline,443.63,VWR814100,Front Chassis Brace  / Audi B9 /  A4 & S4 & RS4 (B9) / A5 & S5 & RS5 (B9) racingline
Racingline,455.91,VWR81G700,Carbon Fibre Rear Body Brace  /  MQB / MQB EVO / Golf 7 / Leon 3 / Octavia 3 / Golf 8 / Leon 4 / Octavia 4 racingline
Racingline,23.21,VWR81G7-HARDWARE,Carbon Fibre Rear Body Brace Hardware Kit  /  MQB / MQB EVO racingline
Racingline,10.24,VWR800000,Badge - R Line - Silver racingline
Racingline,10.24,VWR800001,Badge - R Line - Black racingline
Racingline,10.24,VWR800004,Badge - R Line - Copper racingline
Racingline,10.24,VWR800002,Badge - OEM Plus Silver racingline
Racingline,10.24,VWR800003,Badge - OEM Plus Black racingline
Racingline,47.78,VWR800001-BLK,Racingline Door Decals Short / Black / Golf / Polo / Leon / A3 etc racingline
Racingline,47.78,VWR800001-SVR,Racingline Door Decals Short / Silver / Golf / Polo / Leon / A3 etc racingline
Racingline,50.51,VWR800002-BLK,Racingline Door Decals Long / Black / A4 / A5 / A6 / Passat / Arteon etc racingline
Racingline,50.51,VWR800002-SVR,Racingline Door Decals Long / Silver / A4 / A5 / A6 / Passat / Arteon etc racingline
Racingline,113.73,VWR150000,Subframe Alignment Kit / MQB / MQB EVO racingline
Racingline,341.24,VWR150001,Lower Engine Mount/Polo AW/ Audi A1 40 TFSI (GB) racingline
Racingline,292.11,VWR150002,Dogbone and Lower engine Mount / MQB / MQB EVO / ONLY FOR ALUMINIUM SUBFRAME racingline
Racingline,104.99,VWR150003,Lower Engine Mount Twin Dogbone Inserts / OE part: 5Q0 198 037 A / Version 1 racingline
Racingline,104.99,VWR150004,Lower Engine Mount Twin Dogbone Inserts / OE part: 5Q0 198 037 F / Version 2 racingline
Racingline,292.11,VWR15G501,Transmission-side Mount / A5-Platform / 2.0 TFSI EA113 racingline
Racingline,292.11,VWR15G502,Engine-side Mount / A5-Platform / 2.0 TFSI EA113 racingline
Racingline,217.04,VWR15G503,Lower Engine Mount / A5-Platform / 2.0 TFSI EA113 racingline
Racingline,217.04,VWR15G503-RACE,Lower Engine Mount / A5-Platform / 2.0 TFSI EA113 racingline
Racingline,436.8,VWR15G701,Transmission-side Mount / MQB / MQB EVO / 1.8 & 2.0 TSI racingline
Racingline,409.5,VWR15G702,Engine-side Mount / MQB / MQB EVO / 1.8 & 2.0 TSI racingline
Racingline,273,VWR15G703,Dogbone and Lower Engine Mount / MQB / 1.8 & 2.0 TSI EA888.3 / STEEL SUBFRAME racingline
Racingline,716.63,VWR29G7250,DSG Oil Cooler / MQB /  DQ250 6 Speed racingline
Racingline,749.39,VWR29DQ381,DSG Oil Cooler / MQB / MQB EVO /  DQ381 7 Speed racingline
"Racingline,1500.14,VWR600007,""Cup Edition' 18'' x 8.5"""" Wheel / ET45 / Gunmetal Grey /  Set of 4 Wheels racingline"""
"Racingline,412.53,VWR610007,""Cup Edition' 18'' x 8.5"""" Wheel / ET45 / Gunmetal Grey /  Single Wheel racingline"""
"Racingline,1500.14,VWR600360BLK,""R360 19"""" x 8.5"""" Wheel / ET44 / Set of 4 Wheels / Gloss Black racingline"""
"Racingline,1500.14,VWR600360GUN,""R360 19"""" x 8.5"""" Wheel / ET44 / Set of 4 Wheels / Gunmetal Grey racingline"""
"Racingline,1500.14,VWR600360SVR,""R360 19"""" x 8.5"""" Wheel / ET44 / Set of 4 Wheels / Bright Silver racingline"""
"Racingline,412.53,VWR610360BLK,""R360 19"""" x 8.5"""" Wheel / ET44 / Single Wheel / Gloss Black racingline"""
"Racingline,412.53,VWR610360GUN,""R360 19"""" x 8.5"""" Wheel / ET44 / Single Wheel / Gunmetal Grey racingline"""
"Racingline,412.53,VWR610360SVR,""R360 19"""" x 8.5"""" Wheel / ET44 / Single Wheel / Bright Silver racingline"""
Racingline,163.8,VWR630000,Stud and Nut 70mm Conversion Kit / Ball Seat Nuts - most OEM wheels / Full Car Set racingline
Racingline,163.8,VWR630001,Stud and Nut 70mm Conversion Kit / Tapered Seat Nuts - most aftermarket wheels / Full Car Set racingline
Racingline,163.8,VWR630002,Stud and Nut 80mm Conversion Kit  / Ball Seat Nuts - most OEM wheels / Full Car Set racingline
Racingline,163.8,VWR630003,Stud and Nut 80mm Conversion Kit  / Tapered Seat Nuts - most aftermarket wheels / Full Car Set racingline
Racingline,5.46,VWR630007,Wheel Nut / Individual / Ball Seat - most OEM wheels racingline
Racingline,5.46,VWR630008,Wheel Nut / Individual / Tapered Seat - most aftermarket wheels racingline
Racingline,2.73,VWR630009,Wheel Stud / Individual / 70mm length racingline
Racingline,2.73,VWR630010,Wheel Stud / Individual / 80mm length racingline
Racingline,22.5,VWR630100,Racingline Wheel Hanger Pin racingline
Racingline,2.5,VWR630137,M14x1.5 37mm R13 Wheel Bolt Black racingline
Racingline,2.5,VWR630139,M14x1.5 39mm R13 Wheel Bolt Black racingline
Racingline,2.5,VWR630142,M14x1.5 42mm R13 Wheel Bolt Black racingline
Racingline,2.5,VWR630147,M14x1.5 47mm R13 Wheel Bolt Black racingline
Racingline,2.5,VWR630237,M14x1.5 37mm 60째 Taper Wheel Bolt racingline
Racingline,2.5,VWR630239,M14x1.5 39mm 60째 Taper Wheel Bolt racingline
Racingline,2.5,VWR630242,M14x1.5 42mm 60째 Taper Wheel Bolt racingline
Racingline,2.5,VWR630247,M14x1.5 47mm 60째 Taper Wheel Bolt racingline
Racingline,87.49,VWR640012,RL Spacers (Pair) 12.5mm OEM Bolts racingline
Racingline,93.74,VWR640015,RL Spacers (Pair) 15mm OEM Bolts racingline
Racingline,99.99,VWR640017,RL Spacers (Pair) 17.5mm OEM Bolts racingline
Racingline,106.24,VWR640020,RL Spacers (Pair) 20mm OEM Bolts racingline
Racingline,87.49,VWR640112,RL Spacers (Pair) 12.5mm Tapered Bolts racingline
Racingline,93.74,VWR640115,RL Spacers (Pair) 15mm Tapered Bolts racingline
Racingline,99.99,VWR640117,RL Spacers (Pair) 17.5mm Tapered Bolts racingline
Racingline,106.24,VWR640120,RL Spacers (Pair) 20mm Tapered Bolts racingline
Racingline,13.65,VWR699999,R360 Centre Cap / Single racingline
Racingline,1125,VWR030000,OEM Plus Dealer Data Cable **please email p.wallace@racingline.com for more details** racingline
Racingline,778.7,VWR030000-F3RSQ3,Racingline PCM Box / Audi F3 RSQ3 (DAZA) racingline
Racingline,778.7,VWR030000-F3RSQ3OPF,Racingline PCM Box / Audi F3 RSQ3 OPF (DNWA) racingline
Racingline,778.7,VWR030000-IS20,Racingline PCM Box / MQB EA888.3-IS20 racingline
Racingline,778.7,VWR030000-IS38,Racingline PCM Box / MQB EA888.3-IS38 racingline
Racingline,778.7,VWR030000-IS20-E,Racingline PCM Box / MBQ EVO / EA888-3 IS20 racingline
Racingline,778.7,VWR030000-IS38-E,Racingline PCM Box / MBQ EVO EA888-3 IS38 racingline
Racingline,778.7,VWR030001-GAR,Racingline PCM Box /  MQB EVO /  EA888.4 2.0 TSI GARRETT Turbo / 245PS models racingline
Racingline,778.7,VWR030001-CONT,Racingline PCM Box /  MQB EVO /  EA888.4 2.0 TSI CONTINENTAL Turbo / 300-320PS models racingline
Racingline,778.7,VWR030001-GAR-R,Racingline PCM Box / MQB EVO EA888-4 Garrett Turbo Rear battery racingline
Racingline,778.7,VWR030001-CONT-R,Racingline PCM Box / MQB EVO Continental Rear Battery racingline
Racingline,778.7,VWR030001-RS38YOPF,Racingline PCM Box / Audi 8Y RS3 / DNWC racingline
Racingline,778.7,VWR030001-RS38Y,Racingline PCM Box / Audi 8Y RS3 / NAR / DXHA racingline
Racingline,778.7,VWR030002-115E,Racingline PCM Box / MQB EVO / TDI EA288 115PS racingline
Racingline,778.7,VWR030002-150E,Racingline PCM Box / MQB EVO / TDI EA288 150PS racingline
Racingline,778.7,VWR030002-200E,Racingline PCM Box / MQB EVO / TDI EA288 200PS racingline
Racingline,27.3,VWRA001S,RacingLine Black T-shirt with White Box Logo / Small racingline
Racingline,27.3,VWRA001M,RacingLine Black T-shirt with White Box Logo / Medium racingline
Racingline,27.3,VWRA001L,RacingLine Black T-shirt with White Box Logo / Large racingline
Racingline,27.3,VWRA001XL,RacingLine Black T-shirt with White Box Logo / XL racingline
Racingline,27.3,VWRA001XXL,RacingLine Black T-shirt with White Box Logo / XXL racingline
Racingline,51.19,VWRA002S,RacingLine Black Hoodie with Red Box Logo / Small racingline
Racingline,51.19,VWRA002M,RacingLine Black Hoodie with Red Box Logo / Medium racingline
Racingline,51.19,VWRA002L,RacingLine Black Hoodie with Red Box Logo / Large racingline
Racingline,51.19,VWRA002XL,RacingLine Black Hoodie with Red Box Logo / XL racingline
Racingline,51.19,VWRA002XXL,RacingLine Black Hoodie with Red Box Logo / XXL racingline
Racingline,51.19,VWRA003S,RacingLine Grey Full-Zip Hoodie / Small racingline
Racingline,51.19,VWRA003M,RacingLine Grey Full-Zip Hoodie / Medium racingline
Racingline,51.19,VWRA003L,RacingLine Grey Full-Zip Hoodie / Large racingline
Racingline,51.19,VWRA003XL,RacingLine Grey Full-Zip Hoodie / XL racingline
Racingline,51.19,VWRA003XXL,RacingLine Grey Full-Zip Hoodie / XXL racingline
Racingline,51.19,VWRA004S,RacingLine Black Hoodie with Acid Box Logo / Small racingline
Racingline,51.19,VWRA004M,RacingLine Black Hoodie with Acid Box Logo / Medium racingline
Racingline,51.19,VWRA004L,RacingLine Black Hoodie with Acid Box Logo / Large racingline
Racingline,51.19,VWRA004XL,RacingLine Black Hoodie with Acid Box Logo / XL racingline
Racingline,51.19,VWRA004XXL,RacingLine Black Hoodie with Acid Box Logo / XXL racingline
Racingline,8.19,VWRA10000,RacingLine Wheel Nut Key Ring racingline
